Date,DiffLast,DiffMean,CapAct1yrUSD,HashRate,Open,Close,Rate
2022-01-04,24272331996980.0,24272331996980.0,370971113853.0,177367872.1,46458.85156,45905.96112,1.73
2022-01-05,24272331996980.0,24272331996980.0,350890169823.0,180987625.8,45899.35938,43530.94404,1.76
2022-01-06,24272331996980.0,24272331996980.0,347068622903.0,176161288.7,43565.51172,43144.96529,1.78
2022-01-07,24272331996980.0,24272331996980.0,333202123542.0,168921783.1,43153.57031,41512.78458,1.75
2022-01-08,24371874614346.0,24344915155476.0,334235143492.0,174267690.7,41561.46484,41799.81288,1.74
2022-01-09,24371874614346.0,24371874614346.0,333122839951.0,170826077.2,41734.72656,41886.49856,1.7
2022-01-10,24371874614346.0,24371874614346.0,330402763074.0,172037608.9,41910.23047,41816.95106,1.78
2022-01-11,24371874614346.0,24371874614346.0,337080952563.0,191422128.0,41819.50781,42768.17861,1.87
2022-01-12,24371874614346.0,24371874614346.0,345443068752.0,168403012.1,42742.17969,43961.02654,1.83
2022-01-13,24371874614346.0,24371874614346.0,334187432981.0,216864310.8,43946.74219,42626.86539,1.87
2022-01-14,24371874614346.0,24371874614346.0,337679207738.0,192633661.5,42598.87109,43102.64762,1.83
2022-01-15,24371874614346.0,24371874614346.0,336392964883.0,201114388.5,43101.89844,43206.67448,1.75
2022-01-16,24371874614346.0,24371874614346.0,335144817289.0,212018180.6,43172.03906,43168.85967,1.75
2022-01-17,24371874614346.0,24371874614346.0,327550536010.0,195056726.6,43118.12109,42211.2704,1.78
2022-01-18,24371874614346.0,24371874614346.0,329175007759.0,164768413.6,42250.07422,42431.23197,1.85
2022-01-19,24371874614346.0,24371874614346.0,323760012247.0,209595115.5,42374.03906,41787.72201,1.81
2022-01-20,24371874614346.0,24371874614346.0,314524801367.0,204748985.3,41744.02734,40756.12616,1.78
2022-01-21,26643185256535.0,26422834224084.0,281122028577.0,176007153.5,40699.60547,36492.28722,1.79
2022-01-22,26643185256535.0,26643185256535.0,269552367262.0,177474950.5,36471.58984,34996.39097,1.81
2022-01-23,26643185256535.0,26643185256535.0,279307046833.0,186746029.8,35047.35938,36271.05027,1.78
2022-01-24,26643185256535.0,26643185256535.0,282346040584.0,198665989.1,36275.73438,36659.72522,1.82
2022-01-25,26643185256535.0,26643185256535.0,284759351479.0,201314869.1,36654.80469,36952.58677,1.93
2022-01-26,26643185256535.0,26643185256535.0,283658874878.0,172177190.4,36950.51563,36825.8246,1.92
2022-01-27,26643185256535.0,26643185256535.0,285329284221.0,173501629.5,36841.87891,37021.93713,1.92
2022-01-28,26643185256535.0,26643185256535.0,290356384313.0,203963747.3,37128.44531,37768.84748,1.92
2022-01-29,26643185256535.0,26643185256535.0,291991427665.0,197341548.1,37780.71484,38088.29123,1.92
2022-01-30,26643185256535.0,26643185256535.0,291005623203.0,193368229.0,38151.91797,37983.50638,1.92
2022-01-31,26643185256535.0,26643185256535.0,294270894886.0,189394909.8,37920.28125,38462.6724,1.92
2022-02-01,26643185256535.0,26643185256535.0,300068357267.0,203963747.3,38481.76563,38787.96408,1.81
2022-02-02,26643185256535.0,26643185256535.0,285511243991.0,202639308.2,38743.71484,36942.33075,1.78
2022-02-03,26643185256535.0,26643185256535.0,286269465260.0,194692668.0,36944.80469,37057.65219,1.82
2022-02-04,26690525287406.0,26686519592486.0,316993266127.0,172457231.4,37149.26563,41079.90609,1.93
2022-02-05,26690525287406.0,26690525287406.0,319548060274.0,157888392.0,41501.48047,41508.58169,1.92
2022-02-06,26690525287406.0,26690525287406.0,325232010692.0,206979739.9,41441.12109,42358.22517,1.96
2022-02-07,26690525287406.0,26690525287406.0,336952381016.0,180443875.5,42406.78125,43888.98012,1.94
2022-02-08,26690525287406.0,26690525287406.0,339079170962.0,204326153.3,43854.65234,44167.44479,2.03
2022-02-09,26690525287406.0,26690525287406.0,340579222866.0,185751048.8,44096.70313,44405.0732,1.92
2022-02-10,26690525287406.0,26690525287406.0,333048778297.0,195038601.0,44347.80078,43614.3427,1.98
2022-02-11,26690525287406.0,26690525287406.0,321879203996.0,188404635.4,43571.12891,42357.32174,2.05
2022-02-12,26690525287406.0,26690525287406.0,319376369645.0,248110329.8,42412.30078,42173.4594,2.03
2022-02-13,26690525287406.0,26690525287406.0,316774011868.0,209633326.5,42236.56641,42195.59475,1.97
2022-02-14,26690525287406.0,26690525287406.0,320157654304.0,202999360.9,42157.39844,42646.16186,1.92
2022-02-15,26690525287406.0,26690525287406.0,334151566367.0,232188811.9,42586.46484,44511.90849,1.94
2022-02-16,26690525287406.0,26690525287406.0,330691978407.0,206979739.9,44578.27734,44065.70927,1.94
2022-02-17,27967152532434.0,27365430136688.0,304671754630.0,213573837.4,43937.07031,40610.02426,1.99
2022-02-18,27967152532434.0,27967152532434.0,300003228349.0,186294129.8,40552.13281,40044.22049,1.96
2022-02-19,27967152532434.0,27967152532434.0,298684505963.0,207147948.8,40026.02344,40095.88733,1.97
2022-02-20,27967152532434.0,27967152532434.0,285396096854.0,200196675.8,40118.10156,38551.6225,1.83
2022-02-21,27967152532434.0,27967152532434.0,274270153828.0,171001327.9,38423.21094,37098.03601,1.83
2022-02-22,27967152532434.0,27967152532434.0,281785829160.0,211318714.3,37068.76953,38202.59408,1.83
2022-02-23,27967152532434.0,27967152532434.0,274756694162.0,208538204.6,38285.28125,37308.26873,1.83
2022-02-24,27967152532434.0,27967152532434.0,278953039418.0,183513620.2,37278.56641,38283.7904,1.83
2022-02-25,27967152532434.0,27967152532434.0,285678156511.0,186294129.8,38333.74609,39323.77022,1.83
2022-02-26,27967152532434.0,27967152532434.0,282602943988.0,173781837.5,39213.08203,39056.57815,1.83
2022-02-27,27967152532434.0,27967152532434.0,272186620734.0,189074637.4,39098.69922,37664.77928,1.83
2022-02-28,27967152532434.0,27967152532434.0,312753039142.0,214099221.9,37706.0,43179.25451,1.83
2022-03-01,27967152532434.0,27967152532434.0,321222242823.0,225221260.3,43194.50391,44334.45758,1.72
2022-03-02,27967152532434.0,27967152532434.0,318606231447.0,189074637.4,44357.61719,43984.58493,1.86
2022-03-03,27550332084344.0,27837600231001.0,308040839849.0,204804563.2,43925.19531,42492.77446,1.86
2022-03-04,27550332084344.0,27550332084344.0,283333657530.0,190365287.1,42458.14063,39106.40522,1.74
2022-03-05,27550332084344.0,27550332084344.0,285165909328.0,168452736.3,39148.44922,39383.88484,1.78
2022-03-06,27550332084344.0,27550332084344.0,276574468218.0,179409010.7,39404.19922,38399.34263,1.86
2022-03-07,27550332084344.0,27550332084344.0,274599912260.0,202691097.0,38429.30469,38146.73427,1.94
2022-03-08,27550332084344.0,27550332084344.0,279050432972.0,202691097.0,38059.90234,38725.47726,1.98
2022-03-09,27550332084344.0,27550332084344.0,302217917152.0,188995751.6,38742.81641,41989.40282,2.0
2022-03-10,27550332084344.0,27550332084344.0,284589929522.0,198582492.4,41974.07031,39482.25847,2.14
2022-03-11,27550332084344.0,27550332084344.0,279724771092.0,188995751.6,39439.96875,38825.36442,2.15
2022-03-12,27550332084344.0,27550332084344.0,279009558464.0,213647371.4,38794.46484,38951.13002,2.19
2022-03-13,27550332084344.0,27550332084344.0,269555179824.0,206799699.7,38884.72656,37808.3174,2.2
2022-03-14,27550332084344.0,27550332084344.0,282624453463.0,209538768.8,37846.31641,39649.04532,2.14
2022-03-15,27550332084344.0,27550332084344.0,280186387174.0,190365287.1,39664.25,39356.8139,2.32
2022-03-16,27550332084344.0,27550332084344.0,291427261619.0,212277837.8,39335.57031,41101.76858,2.38
2022-03-17,27452707696466.0,27517790621718.0,289611271943.0,217498770.5,41140.84375,40966.41693,2.32
2022-03-18,27452707696466.0,27452707696466.0,295091939107.0,195149455.6,40944.83984,41826.11607,2.34
2022-03-19,27452707696466.0,27452707696466.0,297555319436.0,211525633.0,41794.64844,42193.16154,2.48
2022-03-20,27452707696466.0,27452707696466.0,290953066380.0,210160950.4,42191.40625,41294.72351,2.46
2022-03-21,27452707696466.0,27452707696466.0,289262061793.0,208796269.8,41246.13281,41064.42965,2.41
2022-03-22,27452707696466.0,27452707696466.0,297710130244.0,203337543.3,41074.10547,42383.16952,2.35
2022-03-23,27452707696466.0,27452707696466.0,300102979237.0,197878816.9,42364.37891,42734.20004,2.32
2022-03-24,27452707696466.0,27452707696466.0,308082296248.0,195149455.6,42886.65234,43974.59359,2.32
2022-03-25,27452707696466.0,27452707696466.0,312743537891.0,212890313.6,43964.54688,44347.03428,2.32
2022-03-26,27452707696466.0,27452707696466.0,313290048964.0,219713722.6,44349.85938,44519.92686,2.32
2022-03-27,27452707696466.0,27452707696466.0,327807260097.0,178773276.3,44505.35547,46777.20563,2.32
2022-03-28,27452707696466.0,27452707696466.0,330814864332.0,216984359.4,46821.85156,47223.65289,2.32
2022-03-29,27452707696466.0,27452707696466.0,332938004341.0,206066906.5,47100.4375,47463.70968,2.32
2022-03-30,27452707696466.0,27452707696466.0,330153091479.0,184232002.7,47456.89844,47123.29715,2.32
2022-03-31,28587155782195.0,28356977909728.0,318891993979.0,194529355.8,47062.14844,45562.21067,3.12
2022-04-01,28587155782195.0,28587155782195.0,323579021721.0,200371607.0,45554.16406,46250.33629,2.39
2022-04-02,28587155782195.0,28587155782195.0,320756625220.0,191845155.0,46285.5,45939.89735,2.42
2022-04-03,28587155782195.0,28587155782195.0,324157270653.0,197529456.3,45859.12891,46440.54385,2.54
2022-04-04,28587155782195.0,28587155782195.0,325539024776.0,224529884.6,46445.27344,46663.00418,2.61
2022-04-05,28587155782195.0,28587155782195.0,318840097323.0,206055906.3,46624.50781,45693.03506,2.66
2022-04-06,28587155782195.0,28587155782195.0,302038465503.0,213161284.0,45544.35547,43304.9372,2.72
2022-04-07,28587155782195.0,28587155782195.0,301952477486.0,196108379.9,43207.5,43569.04717,2.79
2022-04-08,28587155782195.0,28587155782195.0,292470551697.0,190424080.6,43505.13672,42222.06898,2.72
2022-04-09,28587155782195.0,28587155782195.0,295086522257.0,217424508.9,42282.07813,42680.99474,2.7
2022-04-10,28587155782195.0,28587155782195.0,292017773908.0,198950530.6,42781.08984,42264.46339,2.83
2022-04-11,28587155782195.0,28587155782195.0,272247045920.0,194687305.6,42201.03906,39544.02518,2.83
2022-04-12,28587155782195.0,28587155782195.0,276918528467.0,217424508.9,39533.71484,40096.36697,2.85
2022-04-13,28587155782195.0,28587155782195.0,283825965080.0,198950530.6,40123.57031,41152.75545,2.93
2022-04-14,28225928151211.0,28338484586953.0,276033375408.0,194402491.3,41160.21875,39916.49638,2.85
2022-04-15,28225928151211.0,28225928151211.0,278905887478.0,221692722.4,39939.40234,40527.33196,2.9
2022-04-16,28225928151211.0,28225928151211.0,277663967931.0,188017879.8,40552.31641,40439.58812,2.9
2022-04-17,28225928151211.0,28225928151211.0,272136804524.0,231514551.7,40417.77734,39704.78398,2.81
2022-04-18,28225928151211.0,28225928151211.0,279565901268.0,188017879.8,39721.20313,40818.8786,2.77
2022-04-19,28225928151211.0,28225928151211.0,283636674582.0,173986693.6,40828.17578,41489.6638,2.82
2022-04-20,28225928151211.0,28225928151211.0,282917705748.0,224498959.6,41501.74609,41395.64458,2.85
2022-04-21,28225928151211.0,28225928151211.0,277695198937.0,237127026.1,41371.51563,40457.49594,2.89
2022-04-22,28225928151211.0,28225928151211.0,272715327279.0,189420997.4,40525.86328,39737.9735,2.99
2022-04-23,28225928151211.0,28225928151211.0,270641305299.0,228708314.4,39738.72266,39582.45487,2.97
2022-04-24,28225928151211.0,28225928151211.0,269006148794.0,239933263.3,39478.375,39511.64569,2.93
2022-04-25,28225928151211.0,28225928151211.0,275037939786.0,227305196.8,39472.60547,40473.74832,3.05
2022-04-26,28225928151211.0,28225928151211.0,257649206165.0,196436589.4,40448.42188,38072.80087,3.12
2022-04-27,29794407589312.0,28816414527908.0,264891189684.0,243520196.0,38120.30078,39218.53762,3.05
2022-04-28,29794407589312.0,29794407589312.0,267828145393.0,195503621.3,39241.42969,39747.98943,2.99
2022-04-29,29794407589312.0,29794407589312.0,260265823604.0,222163205.9,39768.61719,38609.50591,2.91
2022-04-30,29794407589312.0,29794407589312.0,252412017183.0,222163205.9,38605.85938,37714.09498,2.84
2022-05-01,29794407589312.0,29794407589312.0,256932531071.0,247341701.3,37713.26563,38459.22698,2.93
2022-05-02,29794407589312.0,29794407589312.0,258081279214.0,236974085.3,38472.1875,38566.06289,2.88
2022-05-03,29794407589312.0,29794407589312.0,252769477680.0,222163205.9,38528.10938,37704.40532,2.98
2022-05-04,29794407589312.0,29794407589312.0,265802838308.0,216238853.3,37748.01172,39641.85218,2.89
2022-05-05,29794407589312.0,29794407589312.0,243950475502.0,232530821.9,39695.74609,36502.02456,2.84
2022-05-06,29794407589312.0,29794407589312.0,240886663483.0,210314500.7,36573.18359,36042.99956,2.78
2022-05-07,29794407589312.0,29794407589312.0,237156796771.0,211795589.9,36042.50391,35508.71102,2.86
2022-05-08,29794407589312.0,29794407589312.0,225135939592.0,229568645.6,35502.94141,34058.90669,2.76
2022-05-09,29794407589312.0,29794407589312.0,201624643691.0,229568645.6,34060.01563,30457.92182,2.75
2022-05-10,31251101365711.0,29870574584156.0,205203849272.0,227185770.4,30273.6543,30990.73517,2.75
2022-05-11,31251101365711.0,31251101365711.0,191175598838.0,225257596.9,31016.18359,28796.55682,2.74
2022-05-12,31251101365711.0,31251101365711.0,192844011413.0,209722591.1,28936.73438,29030.70704,2.85
2022-05-13,31251101365711.0,31251101365711.0,193912414953.0,236132103.6,29030.91016,29285.93467,2.85
2022-05-14,31251101365711.0,31251101365711.0,199793250475.0,219043595.9,29285.64258,30051.93576,2.94
2022-05-15,31251101365711.0,31251101365711.0,206658789540.0,189527081.9,30098.58594,31182.62125,2.92
2022-05-16,31251101365711.0,31251101365711.0,198191489391.0,254774111.0,31304.375,29889.61248,2.96
2022-05-17,31251101365711.0,31251101365711.0,202057960295.0,228364598.5,29862.4082,30438.19445,3.04
2022-05-18,31251101365711.0,31251101365711.0,190909682357.0,208169091.5,30424.47852,28771.22048,2.98
2022-05-19,31251101365711.0,31251101365711.0,201215055071.0,189527081.9,28720.35938,30257.88525,3.03
2022-05-20,31251101365711.0,31251101365711.0,193653819772.0,198848086.7,30311.11914,29224.246,3.04
2022-05-21,31251101365711.0,31251101365711.0,193675699292.0,209722591.1,29199.85938,29420.07829,3.15
2022-05-22,31251101365711.0,31251101365711.0,199276100686.0,189527081.9,29432.47266,30331.87514,3.43
2022-05-23,31251101365711.0,31251101365711.0,191106864397.0,248560107.8,30309.39648,29088.25154,3.49
2022-05-24,31251101365711.0,31251101365711.0,194536536914.0,186420080.3,29101.125,29643.68376,3.33
2022-05-25,29897409688834.0,30658861257077.0,193864866369.0,219464677.4,29653.13477,29577.25988,3.28
2022-05-26,29897409688834.0,29897409688834.0,192182291075.0,209555370.6,29564.77734,29332.48605,3.25
2022-05-27,29897409688834.0,29897409688834.0,187524553424.0,205096744.3,29251.14063,28612.04131,3.16
2022-05-28,29897409688834.0,29897409688834.0,190189264432.0,219958828.4,28622.625,29045.52063,3.09
2022-05-29,29897409688834.0,29897409688834.0,192713580965.0,221445035.8,29019.86719,29430.06898,3.13
2022-05-30,29897409688834.0,29897409688834.0,207067383154.0,228876076.8,29443.36523,31735.95497,3.2
2022-05-31,29897409688834.0,29897409688834.0,207692932412.0,216986411.6,31723.86523,31831.40953,3.2
2022-06-01,29897409688834.0,29897409688834.0,194749832442.0,202124327.4,31792.55469,29825.9222,3.2
2022-06-02,29897409688834.0,29897409688834.0,200064006914.0,185776038.1,29794.89063,30504.268,3.2
2022-06-03,29897409688834.0,29897409688834.0,194801896731.0,212527787.4,30467.80664,29662.67097,3.16
2022-06-04,29897409688834.0,29897409688834.0,195609468803.0,206582953.7,29706.13867,29792.40768,3.16
2022-06-05,29897409688834.0,29897409688834.0,196288296255.0,216986411.6,29835.11719,29915.4093,3.09
2022-06-06,29897409688834.0,29897409688834.0,205567471001.0,222931245.2,29910.2832,31333.67702,3.13
2022-06-07,29897409688834.0,29897409688834.0,204595146850.0,240765744.1,31371.74219,31175.03243,3.2
2022-06-08,30283293547737.0,30118534147306.0,198386946879.0,266501680.4,31151.48047,30228.4647,3.2
2022-06-09,30283293547737.0,30283293547737.0,197243604854.0,219787040.6,30215.2793,30064.48553,3.16
2022-06-10,30283293547737.0,30283293547737.0,190758768741.0,221292430.3,30110.33008,29070.40003,3.09
2022-06-11,30283293547737.0,30283293547737.0,186349228269.0,231830164.9,29084.66602,28360.78992,3.13
2022-06-12,30283293547737.0,30283293547737.0,176418095322.0,191184616.4,28373.51367,26830.28395,3.2
2022-06-13,30283293547737.0,30283293547737.0,147239297206.0,200216961.2,26737.57813,22316.25704,3.2
2022-06-14,30283293547737.0,30283293547737.0,145923031241.0,219787040.6,22487.98633,22072.86631,3.16
2022-06-15,30283293547737.0,30283293547737.0,149217088553.0,248389462.7,22196.73047,22520.79101,3.09
2022-06-16,30283293547737.0,30283293547737.0,134631671597.0,179141492.1,22576.30469,20310.17698,3.13
2022-06-17,30283293547737.0,30283293547737.0,136556156343.0,162582194.3,20385.71875,20464.92909,3.2
2022-06-18,30283293547737.0,30283293547737.0,126964534993.0,234840946.5,20473.42578,19013.86725,3.2
2022-06-19,30283293547737.0,30283293547737.0,136676388314.0,200216961.2,19010.90234,20492.29517,3.2
2022-06-20,30283293547737.0,30283293547737.0,137154237627.0,198711571.5,20553.37109,20571.62922,3.16
2022-06-21,30283293547737.0,30283293547737.0,138228976565.0,225808603.9,20594.29492,20688.46513,3.09
2022-06-22,29570168636358.0,30111922445002.0,133658394439.0,193096459.4,20719.41406,20003.16834,3.13
2022-06-23,29570168636358.0,29570168636358.0,140915722252.0,223431041.4,19986.60742,21097.10283,3.2
2022-06-24,29570168636358.0,29570168636358.0,142333329822.0,189622395.5,21084.64844,21299.07699,3.2
2022-06-25,29570168636358.0,29570168636358.0,143447506423.0,221961099.2,21233.60938,21468.34316,3.1
2022-06-26,29570168636358.0,29570168636358.0,140646960600.0,202851865.0,21496.49414,21066.62094,2.98
2022-06-27,29570168636358.0,29570168636358.0,138573106682.0,199911982.7,21028.23828,20751.0517,2.88
2022-06-28,29570168636358.0,29570168636358.0,135433479469.0,214611394.4,20731.54492,20263.21964,2.82
2022-06-29,29570168636358.0,29570168636358.0,134181227391.0,221961099.2,20281.16992,20080.94809,2.82
2022-06-30,29570168636358.0,29570168636358.0,129375079829.0,251359920.6,20108.3125,19332.91213,2.93
2022-07-01,29570168636358.0,29570168636358.0,129282386966.0,196972102.4,19820.4707,19341.86312,2.88
2022-07-02,29570168636358.0,29570168636358.0,128520711353.0,202851865.0,19274.83594,19231.83171,2.82
2022-07-03,29570168636358.0,29570168636358.0,128943834147.0,227840863.9,19242.0957,19276.51466,2.82
2022-07-04,29570168636358.0,29570168636358.0,135285639913.0,210201571.9,19297.31445,20226.29847,2.93
2022-07-05,29570168636358.0,29570168636358.0,135049486942.0,173453043.7,20225.35352,20193.34279,3.01
2022-07-06,29152798808272.0,29557023129962.0,137604099532.0,186599522.9,20194.61914,20560.84381,3.09
2022-07-07,29152798808272.0,29152798808272.0,144892416037.0,227523378.3,20547.81445,21651.41914,2.99
2022-07-08,29152798808272.0,29152798808272.0,145909424382.0,214480636.9,21637.1543,21813.78712,2.96
2022-07-09,29152798808272.0,29152798808272.0,144330831264.0,194191928.5,21716.82813,21585.13219,2.91
2022-07-10,29152798808272.0,29152798808272.0,139251347011.0,221726603.9,21591.08008,20831.27339,2.96
2022-07-11,29152798808272.0,29152798808272.0,134044228789.0,178250799.9,20856.35352,19971.32947,2.93
2022-07-12,29152798808272.0,29152798808272.0,129708979526.0,218828216.6,19970.47461,19339.15347,2.96
2022-07-13,29152798808272.0,29152798808272.0,135154452393.0,159411284.0,19325.97266,20155.52784,3.01
2022-07-14,29152798808272.0,29152798808272.0,137845034724.0,179699992.4,20211.4668,20552.89903,3.04
2022-07-15,29152798808272.0,29152798808272.0,139587805178.0,205785475.2,20573.15625,20831.7227,2.91
2022-07-16,29152798808272.0,29152798808272.0,142000496834.0,214480636.9,20834.10352,21196.50914,2.77
2022-07-17,29152798808272.0,29152798808272.0,139419751409.0,179699992.4,21195.04102,20827.88861,2.81
2022-07-18,29152798808272.0,29152798808272.0,149445527529.0,189844346.6,20781.91211,22305.70664,2.81
2022-07-19,29152798808272.0,29152798808272.0,157626184406.0,199988700.8,22467.84961,23371.20266,2.78
2022-07-20,29152798808272.0,29152798808272.0,157029162717.0,182598379.6,23393.19141,23280.93567,2.68
2022-07-21,27692567959234.0,28774609523629.0,157016526794.0,198824710.6,23233.20117,23152.40931,2.67
2022-07-22,27692567959234.0,27692567959234.0,153886075240.0,181711863.3,23163.75195,22706.08356,2.6
2022-07-23,27692567959234.0,27692567959234.0,152367851772.0,211997172.2,22706.98438,22484.45923,2.75
2022-07-24,27692567959234.0,27692567959234.0,153494906095.0,216126988.6,22465.50977,22653.35703,2.73
2022-07-25,27692567959234.0,27692567959234.0,145814974544.0,195477912.6,22607.15625,21510.12559,2.68
2022-07-26,27692567959234.0,27692567959234.0,143402745802.0,220256803.0,21361.12109,21181.6592,2.83
2022-07-27,27692567959234.0,27692567959234.0,154199966018.0,227139827.6,21244.16992,22898.41507,2.77
2022-07-28,27692567959234.0,27692567959234.0,159526453243.0,194101308.5,22933.64063,23838.55688,2.8
2022-07-29,27692567959234.0,27692567959234.0,159662799279.0,200984333.1,23845.21289,23950.74038,2.78
2022-07-30,27692567959234.0,27692567959234.0,154831562297.0,177582046.9,23796.81836,23623.43496,2.87
2022-07-31,27692567959234.0,27692567959234.0,153124179987.0,209243963.9,23652.07031,23356.17222,2.84
2022-08-01,27692567959234.0,27692567959234.0,152920240321.0,187218281.8,23336.71875,23331.4427,2.79
2022-08-02,27692567959234.0,27692567959234.0,150989773470.0,213373778.3,23308.43359,23031.42688,2.82
2022-08-03,27692567959234.0,27692567959234.0,149539786214.0,199607727.0,22981.30273,22809.74744,2.89
2022-08-04,28174668481289.0,27933618220262.0,148652556399.0,183293576.2,22848.21484,22628.33208,2.88
2022-08-05,28174668481289.0,28174668481289.0,152705836064.0,210085555.7,22626.83398,23248.9715,2.98
2022-08-06,28174668481289.0,28174668481289.0,151038852328.0,225491830.0,23291.42383,22996.27505,3.03
2022-08-07,28174668481289.0,28174668481289.0,152100861208.0,222690689.0,22963.50586,23153.65847,3.05
2022-08-08,28174668481289.0,28174668481289.0,156368967000.0,201682132.8,23179.52734,23803.65052,3.11
2022-08-09,28174668481289.0,28174668481289.0,152530213085.0,200281563.4,23811.48438,23186.29175,3.03
2022-08-10,28174668481289.0,28174668481289.0,157554558088.0,207284414.8,23162.89844,23923.05848,3.04
2022-08-11,28174668481289.0,28174668481289.0,157436999315.0,196079850.9,23948.3457,23934.43906,3.12
2022-08-12,28174668481289.0,28174668481289.0,160254859400.0,215687835.6,23957.20313,24396.30885,3.11
2022-08-13,28174668481289.0,28174668481289.0,160426737537.0,194679281.5,24402.1875,24426.22257,3.15
2022-08-14,28174668481289.0,28174668481289.0,159663339047.0,186275858.6,24429.05664,24314.20213,3.26
2022-08-15,28174668481289.0,28174668481289.0,157922380155.0,203082702.3,24318.31641,24083.95397,3.2
2022-08-16,28174668481289.0,28174668481289.0,156496334810.0,207284414.8,24126.13672,23868.81935,3.2
2022-08-17,28174668481289.0,28174668481289.0,153003907586.0,180673576.7,23881.31641,23336.34893,3.33
2022-08-18,28351606743494.0,28281568681371.0,152220262370.0,202447354.3,23341.03906,23221.1706,3.27
2022-08-19,28351606743494.0,28351606743494.0,137018081850.0,250867150.6,23213.3125,20906.76631,3.29
2022-08-20,28351606743494.0,28351606743494.0,138587850163.0,209995535.9,20872.8418,21146.6548,3.33
2022-08-21,28351606743494.0,28351606743494.0,141197508229.0,205767438.5,21160.39258,21553.99617,3.37
2022-08-22,28351606743494.0,28351606743494.0,139577669788.0,204358071.4,21531.46289,21301.08406,3.42
2022-08-23,28351606743494.0,28351606743494.0,141118621990.0,242410953.8,21401.04492,21534.51435,3.41
2022-08-24,28351606743494.0,28351606743494.0,140384693514.0,205767438.5,21526.45508,21424.97282,3.45
2022-08-25,28351606743494.0,28351606743494.0,141418894003.0,224089197.2,21395.45898,21587.83958,3.45
2022-08-26,28351606743494.0,28351606743494.0,132623717824.0,248048418.3,21596.08594,20246.16557,3.49
2022-08-27,28351606743494.0,28351606743494.0,131206805920.0,204358071.4,20262.48047,20043.99095,3.57
2022-08-28,28351606743494.0,28351606743494.0,128863087924.0,226907929.4,20041.03516,19673.54122,3.33
2022-08-29,28351606743494.0,28351606743494.0,132872528537.0,221270464.9,19615.1543,20270.96038,3.37
2022-08-30,28351606743494.0,28351606743494.0,130054546244.0,228317294.5,20298.61133,19825.46321,3.42
2022-08-31,30977051760460.0,30383629256625.0,131274077024.0,220515247.0,19799.58203,20024.67161,3.41
2022-09-01,30977051760460.0,30977051760460.0,131680043063.0,212503107.4,20050.49805,20105.46261,3.45
2022-09-02,30977051760460.0,30977051760460.0,130603401736.0,198644209.1,20126.07227,19948.85675,3.45
2022-09-03,30977051760460.0,30977051760460.0,129600611106.0,226362005.8,19969.71875,19803.83327,3.49
2022-09-04,30977051760460.0,30977051760460.0,130680382276.0,258699436.8,19832.4707,19961.91189,3.57
2022-09-05,30977051760460.0,30977051760460.0,129592670953.0,235601272.1,19988.78906,19797.79679,3.33
2022-09-06,30977051760460.0,30977051760460.0,123474709522.0,218662618.3,19817.72461,18846.15054,3.37
2022-09-07,30977051760460.0,30977051760460.0,126416425244.0,224822129.2,18837.68359,19292.90707,3.42
2022-09-08,30977051760460.0,30977051760460.0,126510412842.0,195564453.6,19289.94141,19319.12485,3.41
2022-09-09,30977051760460.0,30977051760460.0,139844961677.0,226362005.8,19328.14063,21363.18945,3.45
2022-09-10,30977051760460.0,30977051760460.0,142105383125.0,241760783.0,21376.91211,21715.59725,3.45
2022-09-11,30977051760460.0,30977051760460.0,142168871283.0,281797599.2,21678.54297,21732.86436,3.49
2022-09-12,30977051760460.0,30977051760460.0,146328894609.0,235601272.1,21770.14844,22364.72358,3.57
2022-09-13,32045359565303.0,31164200572987.0,132201341648.0,212237771.7,22371.48047,20165.04216,3.33
2022-09-14,32045359565303.0,32045359565303.0,132739145650.0,202308899.0,20184.55469,20246.36604,3.37
2022-09-15,32045359565303.0,32045359565303.0,129119094194.0,234168568.5,20242.28906,19696.86987,3.42
2022-09-16,32045359565303.0,32045359565303.0,129285557064.0,203901883.7,19704.00586,19741.57762,3.41
2022-09-17,32045359565303.0,32045359565303.0,131596120628.0,270807190.0,19777.0332,20120.70235,3.45
2022-09-18,32045359565303.0,32045359565303.0,127005574090.0,245319452.5,20127.23438,19427.10026,3.45
2022-09-19,32045359565303.0,32045359565303.0,127924426258.0,207087850.9,19418.57227,19557.97696,3.49
2022-09-20,32045359565303.0,32045359565303.0,123514550404.0,242133487.6,19545.5918,18872.94987,3.57
2022-09-21,32045359565303.0,32045359565303.0,121098103358.0,224610669.2,18891.2832,18506.76075,3.7
2022-09-22,32045359565303.0,32045359565303.0,127011163395.0,203901883.7,18534.65039,19414.53964,3.69
2022-09-23,32045359565303.0,32045359565303.0,126426686111.0,215052767.7,19412.40039,19326.86482,3.88
2022-09-24,32045359565303.0,32045359565303.0,123755004345.0,232575586.1,19296.99023,18924.76779,3.97
2022-09-25,32045359565303.0,32045359565303.0,122821556336.0,234168568.5,18936.31055,18793.15615,3.72
2022-09-26,32045359565303.0,32045359565303.0,125531903893.0,238947520.4,18803.90039,19201.13172,3.76
2022-09-27,32045359565303.0,32045359565303.0,124985114516.0,205494866.1,19221.83984,19106.73891,3.83
2022-09-28,31360548173145.0,31397071447393.0,127222530975.0,234113533.8,19104.62109,19454.93721,3.7
2022-09-29,31360548173145.0,31360548173145.0,127593146649.0,222928607.7,19427.7793,19540.86641,3.69
2022-09-30,31360548173145.0,31360548173145.0,126942443300.0,263461080.4,19573.43164,19435.19469,3.88
2022-10-01,31360548173145.0,31360548173145.0,126091874948.0,282168375.3,19431.10547,19311.86163,3.97
2022-10-02,31360548173145.0,31360548173145.0,124118092243.0,244753785.4,19311.84961,19015.29281,3.72
2022-10-03,31360548173145.0,31360548173145.0,128127011167.0,240076960.0,19044.06836,19633.43259,3.76
2022-10-04,31360548173145.0,31360548173145.0,132761040456.0,254107431.8,19623.58398,20339.97128,3.83
2022-10-05,31360548173145.0,31360548173145.0,131618063901.0,272814728.9,20335.90039,20155.0997,3.46
2022-10-06,31360548173145.0,31360548173145.0,130265544604.0,247871668.3,20161.03906,19950.5478,3.49
2022-10-07,31360548173145.0,31360548173145.0,127571059353.0,266578963.2,19957.55859,19539.14392,3.52
2022-10-08,31360548173145.0,31360548173145.0,126673803512.0,272814728.9,19546.32813,19416.17723,3.55
2022-10-09,31360548173145.0,31360548173145.0,126681636118.0,246312725.8,19417.47852,19428.36713,3.52
2022-10-10,35610794164372.0,33865157417975.0,124880005826.0,282818946.7,19446.41602,19154.40423,3.39
2022-10-11,35610794164372.0,35610794164372.0,124017802349.0,277924882.8,19139.0,19039.28207,3.4
2022-10-12,35610794164372.0,35610794164372.0,124759238529.0,242520438.9,19052.64648,19156.91156,3.53
2022-10-13,35610794164372.0,35610794164372.0,125945534546.0,253141772.8,19156.9668,19387.83368,3.63
2022-10-14,35610794164372.0,35610794164372.0,124537728953.0,276154659.2,19382.5332,19177.6941,3.67
2022-10-15,35610794164372.0,35610794164372.0,123748250593.0,269073772.4,19185.4375,19069.87493,3.63
2022-10-16,35610794164372.0,35610794164372.0,124874840726.0,254911993.9,19068.91406,19261.74979,3.67
2022-10-17,35610794164372.0,35610794164372.0,127154739822.0,265533327.8,19268.5625,19557.02181,3.74
2022-10-18,35610794164372.0,35610794164372.0,126442178957.0,251371549.2,19550.4668,19341.40755,3.72
2022-10-19,35610794164372.0,35610794164372.0,124981897451.0,267303548.8,19335.02734,19132.15443,3.77
2022-10-20,35610794164372.0,35610794164372.0,124148417549.0,256682214.9,19138.08594,19033.37602,3.81
2022-10-21,35610794164372.0,35610794164372.0,124896368973.0,276154659.2,19053.20313,19174.87635,3.86
2022-10-22,35610794164372.0,35610794164372.0,125113922035.0,240750215.3,19172.38086,19207.62851,3.88
2022-10-23,36835682546788.0,35666111704223.0,127061014546.0,274810664.8,19207.73438,19565.41232,3.83
2022-10-24,36835682546788.0,36835682546788.0,125645352701.0,249031191.6,19567.76953,19341.46021,3.88
2022-10-25,36835682546788.0,36835682546788.0,129811096969.0,223395628.2,19344.96484,20094.96112,3.67
2022-10-26,36835682546788.0,36835682546788.0,134369898610.0,283822315.6,20092.23633,20797.03083,3.62
2022-10-27,36835682546788.0,36835682546788.0,131077953002.0,247200081.0,20772.80273,20280.17513,3.76
2022-10-28,36835682546788.0,36835682546788.0,133129868562.0,291146763.0,20287.95703,20604.61385,3.88
2022-10-29,36835682546788.0,36835682546788.0,134364287551.0,261848975.9,20595.10352,20803.89992,3.83
2022-10-30,36835682546788.0,36835682546788.0,133039807265.0,247200081.0,20817.98242,20616.70338,3.88
2022-10-31,36835682546788.0,36835682546788.0,132203392443.0,316782326.4,20633.69531,20495.77344,3.93
2022-11-01,36835682546788.0,36835682546788.0,131947286626.0,263680086.4,20494.89844,20485.27344,3.91
2022-11-02,36835682546788.0,36835682546788.0,129681610858.0,223395628.2,20482.95898,20159.50391,3.97
2022-11-03,36835682546788.0,36835682546788.0,129975769452.0,300302321.0,20162.68945,20209.98828,4.0
2022-11-04,36835682546788.0,36835682546788.0,136416044323.0,236213409.9,20208.76953,21147.23047,4.02
2022-11-05,36835682546788.0,36835682546788.0,137247263204.0,276497868.1,21144.83203,21282.69141,4.01
2022-11-06,36835682546788.0,36835682546788.0,134836384474.0,250862304.8,21285.05664,20926.48633,4.14
2022-11-07,36762198818467.0,36764240033143.0,132790825409.0,263168681.0,20924.62109,20602.81641,4.24
2022-11-08,36762198818467.0,36762198818467.0,119664463051.0,297875785.7,20600.67188,18541.27148,4.21
2022-11-09,36762198818467.0,36762198818467.0,101978323605.0,272291362.9,18543.76172,15880.78027,4.25
2022-11-10,36762198818467.0,36762198818467.0,113613132271.0,268636445.0,15883.1582,17586.77148,4.1
2022-11-11,36762198818467.0,36762198818467.0,110017586310.0,244879482.4,17583.25195,17034.29297,4.04
2022-11-12,36762198818467.0,36762198818467.0,109397694840.0,305185621.6,17036.875,16799.18555,3.96
2022-11-13,36762198818467.0,36762198818467.0,103666525874.0,235742186.3,16799.72266,16353.36523,4.02
2022-11-14,36762198818467.0,36762198818467.0,105652585898.0,224777435.2,16352.02832,16618.19922,4.1
2022-11-15,36762198818467.0,36762198818467.0,107213591709.0,283256116.7,16617.48438,16884.61328,4.07
2022-11-16,36762198818467.0,36762198818467.0,106201688453.0,274118823.2,16884.3418,16669.43945,4.1
2022-11-17,36762198818467.0,36762198818467.0,106161431443.0,252189315.7,16670.42578,16687.51758,4.14
2022-11-18,36762198818467.0,36762198818467.0,107307558625.0,254016775.9,16687.91211,16697.77734,4.17
2022-11-19,36762198818467.0,36762198818467.0,107347025939.0,268636445.0,16696.2207,16711.54688,4.22
2022-11-20,36950494067222.0,36779890989491.0,104450379486.0,272422405.8,16712.91992,16291.83203,4.14
2022-11-21,36950494067222.0,36950494067222.0,101645268664.0,236949653.1,16291.22363,15787.28418,4.12
2022-11-22,36950494067222.0,36950494067222.0,104305114531.0,231439196.9,15782.30078,16189.76953,3.88
2022-11-23,36950494067222.0,36950494067222.0,107610124048.0,258991483.1,16195.58887,16610.70703,3.83
2022-11-24,36950494067222.0,36950494067222.0,107634782179.0,236949653.1,16611.63672,16604.46484,3.88
2022-11-25,36950494067222.0,36950494067222.0,107233765100.0,225928740.7,16602.26953,16521.8418,3.8
2022-11-26,36950494067222.0,36950494067222.0,106524711168.0,200213272.3,16521.57617,16464.28125,3.67
2022-11-27,36950494067222.0,36950494067222.0,106358586777.0,249807386.0,16463.88281,16444.62695,3.77
2022-11-28,36950494067222.0,36950494067222.0,104951250305.0,255317844.8,16440.22266,16217.32227,3.82
2022-11-29,36950494067222.0,36950494067222.0,106409039559.0,240623291.4,16217.63965,16444.98242,3.83
2022-11-30,36950494067222.0,36950494067222.0,111046099986.0,253481024.3,16445.47656,17168.56641,3.76
2022-12-01,36950494067222.0,36950494067222.0,109616747748.0,281033310.5,17168.00195,16967.13281,3.88
2022-12-02,36950494067222.0,36950494067222.0,110331575852.0,229602379.1,16968.68359,17088.66016,3.83
2022-12-03,36950494067222.0,36950494067222.0,109119408297.0,240623291.4,17090.09766,16908.23633,3.88
2022-12-04,36950494067222.0,36950494067222.0,110537709690.0,257154662.6,16908.16992,17130.48633,3.69
2022-12-05,36950494067222.0,36950494067222.0,109647429188.0,268175577.7,17128.89453,16974.82617,3.75
2022-12-06,34244331613176.0,34364605500023.0,110356457445.0,230616963.7,16975.23828,17089.50391,3.68
2022-12-07,34244331613176.0,34244331613176.0,108806257435.0,292794731.6,17089.50586,16848.12695,3.53
2022-12-08,34244331613176.0,34244331613176.0,111115870317.0,284283257.4,16847.34961,17233.47461,3.51
2022-12-09,34244331613176.0,34244331613176.0,110586651719.0,258748834.7,17232.14844,17133.15234,3.6
2022-12-10,34244331613176.0,34244331613176.0,110408213445.0,262153422.4,17134.2207,17128.72461,3.51
2022-12-11,34244331613176.0,34244331613176.0,110100881987.0,250237358.0,17129.71094,17104.19336,3.42
2022-12-12,34244331613176.0,34244331613176.0,110707644391.0,243428180.1,17102.5,17206.4375,3.48
2022-12-13,34244331613176.0,34244331613176.0,114559682903.0,280878667.2,17206.44141,17781.31836,3.57
2022-12-14,34244331613176.0,34244331613176.0,114910560348.0,251939654.3,17782.06641,17815.65039,3.61
2022-12-15,34244331613176.0,34244331613176.0,111818585280.0,236618999.7,17813.64453,17364.86523,3.51
2022-12-16,34244331613176.0,34244331613176.0,107042729165.0,221298345.1,17364.54688,16647.48438,3.49
2022-12-17,34244331613176.0,34244331613176.0,108094433900.0,234916703.4,16646.98242,16795.0918,3.44
2022-12-18,34244331613176.0,34244331613176.0,108077432098.0,246832767.8,16795.60938,16757.97656,3.48
2022-12-19,35364065900457.0,34647765290211.0,105841538677.0,234239565.5,16759.04102,16439.67969,3.57
2022-12-20,35364065900457.0,35364065900457.0,108928658628.0,246114014.6,16441.78711,16906.30469,3.69
2022-12-21,35364065900457.0,35364065900457.0,108187955156.0,251387888.0,16904.52734,16817.53516,3.68
2022-12-22,35364065900457.0,35364065900457.0,108259665907.0,237324228.9,16818.38086,16830.3418,3.67
2022-12-23,35364065900457.0,35364065900457.0,107940536692.0,232050358.0,16829.64453,16796.95313,3.88
2022-12-24,35364065900457.0,35364065900457.0,108252980965.0,156458196.5,16796.97656,16847.75586,3.83
2022-12-25,35364065900457.0,35364065900457.0,108248881228.0,247871973.3,16847.50586,16841.98633,3.88
2022-12-26,35364065900457.0,35364065900457.0,108500999894.0,226776484.5,16842.25,16919.80469,3.88
2022-12-27,35364065900457.0,35364065900457.0,107352640365.0,202165083.6,16919.29102,16717.17383,3.88
2022-12-28,35364065900457.0,35364065900457.0,106485611857.0,295336819.0,16716.40039,16552.57227,3.83
2022-12-29,35364065900457.0,35364065900457.0,107162051372.0,247871973.3,16552.32227,16642.3418,3.88
2022-12-30,35364065900457.0,35364065900457.0,106834135692.0,277757245.1,16641.33008,16602.58594,3.79
2022-12-31,35364065900457.0,35364065900457.0,106731408119.0,274241330.3,16603.67383,16547.49609,3.69
2023-01-01,35364065900457.0,35364065900457.0,106982956940.0,272483374.2,16547.91406,16625.08008,3.71
2023-01-02,35364065900457.0,35364065900457.0,107546614939.0,274241330.3,16625.50977,16688.4707,3.55
2023-01-03,34093570325204.0,34167820066615.0,107486792018.0,261567697.3,16688.84766,16679.85742,3.53
2023-01-04,34093570325204.0,34093570325204.0,108624249898.0,242356483.1,16680.20508,16863.23828,3.61
2023-01-05,34093570325204.0,34093570325204.0,108814653850.0,266083690.6,16863.47266,16836.73633,3.54
2023-01-06,34093570325204.0,34093570325204.0,109755999085.0,305064103.2,16836.47266,16951.96875,3.43
2023-01-07,34093570325204.0,34093570325204.0,109647254326.0,260999287.2,16952.11719,16955.07813,3.49
2023-01-08,34093570325204.0,34093570325204.0,110351426692.0,259304487.7,16954.14648,17091.14453,3.49
2023-01-09,34093570325204.0,34093570325204.0,111176910486.0,257609688.3,17093.99219,17196.55469,3.53
2023-01-10,34093570325204.0,34093570325204.0,112898533506.0,286421296.7,17192.94922,17446.29297,3.37
2023-01-11,34093570325204.0,34093570325204.0,115606007567.0,249135683.5,17446.35938,17934.89648,3.39
2023-01-12,34093570325204.0,34093570325204.0,122313082802.0,255914886.3,18117.59375,18869.58789,3.48
2023-01-13,34093570325204.0,34093570325204.0,128736850049.0,269473292.0,18868.90625,19909.57422,3.52
2023-01-14,34093570325204.0,34093570325204.0,136159512072.0,289810898.1,19910.53711,20976.29883,3.46
2023-01-15,37590453655497.0,34694261940224.0,135276597754.0,281119760.7,20977.48438,20880.79883,3.46
2023-01-16,37590453655497.0,37590453655497.0,137490528630.0,274688842.4,20882.22461,21169.63281,3.49
2023-01-17,37590453655497.0,37590453655497.0,137569351814.0,291506526.6,21175.83398,21161.51953,3.52
2023-01-18,37590453655497.0,37590453655497.0,134704622268.0,261608421.5,21161.05078,20688.78125,3.55
2023-01-19,37590453655497.0,37590453655497.0,137164158174.0,270951578.9,20686.74609,21086.79297,3.52
2023-01-20,37590453655497.0,37590453655497.0,147465060461.0,246659370.3,21085.37305,22676.55273,3.39
2023-01-21,37590453655497.0,37590453655497.0,148397686768.0,257871158.1,22677.42773,22777.625,3.4
2023-01-22,37590453655497.0,37590453655497.0,147741779832.0,282163369.3,22777.98633,22720.41602,3.53
2023-01-23,37590453655497.0,37590453655497.0,149124586197.0,295243790.1,22721.08789,22934.43164,3.63
2023-01-24,37590453655497.0,37590453655497.0,146999026507.0,241053473.8,22929.62695,22636.46875,3.67
2023-01-25,37590453655497.0,37590453655497.0,150189540467.0,327010528.3,22639.26758,23117.85938,3.63
2023-01-26,37590453655497.0,37590453655497.0,149983830827.0,289637896.2,23108.95508,23032.77734,3.67
2023-01-27,37590453655497.0,37590453655497.0,150367615374.0,287769263.2,23030.7168,23078.72852,3.74
2023-01-28,37590453655497.0,37590453655497.0,149855928484.0,313930107.5,23079.96484,23031.08984,3.72
2023-01-29,39350942467773.0,38913553942984.0,154830162550.0,311438925.9,23031.44922,23774.56641,3.77
2023-01-30,39350942467773.0,39350942467773.0,148297166679.0,269948141.6,23774.64844,22840.13867,3.81
2023-01-31,39350942467773.0,39350942467773.0,150480106677.0,224956785.1,22840.79688,23139.2832,3.86
2023-02-01,39350942467773.0,39350942467773.0,154362621309.0,267991996.9,23137.83594,23723.76953,3.82
2023-02-02,39350942467773.0,39350942467773.0,150681969172.0,283641163.0,23720.82422,23471.87109,3.74
2023-02-03,39350942467773.0,39350942467773.0,150273538776.0,260167412.4,23469.41211,23449.32227,3.72
2023-02-04,39350942467773.0,39350942467773.0,149647997797.0,266035849.3,23446.32031,23331.84766,3.77
2023-02-05,39350942467773.0,39350942467773.0,147091395543.0,297334187.2,23332.24805,22955.66602,3.74
2023-02-06,39350942467773.0,39350942467773.0,145739077183.0,289509602.7,22954.02148,22760.10938,3.74
2023-02-07,39350942467773.0,39350942467773.0,149074518560.0,277772726.0,22757.26758,23264.29102,3.72
2023-02-08,39350942467773.0,39350942467773.0,146852148612.0,269948141.6,23263.41602,22939.39844,3.77
2023-02-09,39350942467773.0,39350942467773.0,139478649255.0,316895645.6,22946.56641,21819.03906,3.81
2023-02-10,39350942467773.0,39350942467773.0,138200370421.0,287553455.2,21819.00586,21651.18359,3.86
2023-02-11,39350942467773.0,39350942467773.0,139706190331.0,289509602.7,21651.8418,21870.875,3.74
2023-02-12,39156400059293.0,39221247528786.0,138988819724.0,315851204.0,21870.90234,21788.20313,3.72
2023-02-13,39156400059293.0,39156400059293.0,139183441902.0,303650131.0,21787.0,21808.10156,3.77
2023-02-14,39156400059293.0,39156400059293.0,141846596366.0,299757180.3,21801.82227,22220.80469,3.74
2023-02-15,39156400059293.0,39156400059293.0,155129969195.0,317275457.1,22220.58594,24307.8418,3.72
2023-02-16,39156400059293.0,39156400059293.0,151518623298.0,348419062.9,24307.34961,23623.47461,3.77
2023-02-17,39156400059293.0,39156400059293.0,157001298974.0,321168407.8,23621.2832,24565.60156,3.81
2023-02-18,39156400059293.0,39156400059293.0,157154184714.0,327007835.3,24565.29688,24641.27734,3.72
2023-02-19,39156400059293.0,39156400059293.0,155412278978.0,315328983.2,24640.02734,24327.64258,3.77
2023-02-20,39156400059293.0,39156400059293.0,158150413974.0,286131854.2,24336.62305,24829.14844,3.81
2023-02-21,39156400059293.0,39156400059293.0,155579403166.0,325061358.6,24833.04883,24436.35352,3.86
2023-02-22,39156400059293.0,39156400059293.0,154029940181.0,272506528.0,24437.41797,24188.84375,4.33
2023-02-23,39156400059293.0,39156400059293.0,152326629712.0,332847260.0,24190.71875,23947.49219,4.33
2023-02-24,39156400059293.0,39156400059293.0,147651459853.0,262774152.6,23946.00781,23198.12695,4.33
2023-02-25,43053844193928.0,43017419482390.0,147454747562.0,228809606.1,23200.125,23175.375,4.33
2023-02-26,43053844193928.0,43053844193928.0,149848522019.0,359556659.2,23174.150390625,23561.212890625,4.57
2023-02-27,43053844193928.45,43053844193928.45,149683502326.097,299630547.8012448,23561.451171875,23522.87109375,4.57
2023-02-28,43053844193928.45,43053844193928.45,147491412182.65152,293209894.2181328,23521.837890625,23147.353515625,4.57
2023-03-01,43053844193928.45,43053844193928.45,147517307826.56992,363837095.9600217,23150.9296875,23646.55078125,4.57
2023-03-02,43053844193928.45,43053844193928.45,146519365693.36267,308191421.3000036,23647.01953125,23475.466796875,4.57
2023-03-03,43053844193928.45,43053844193928.45,139361032689.4828,359556659.2106422,23476.6328125,22362.6796875,4.57
2023-03-04,43053844193928.45,43053844193928.45,139020391607.36148,325313168.2975212,22362.923828125,22353.349609375,4.57
2023-03-05,43053844193928.45,43053844193928.45,139735821735.37265,331733821.8806332,22354.14453125,22435.513671875,4.57
2023-03-06,43053844193928.45,43053844193928.45,139765634743.20685,282508803.88564134,22436.81640625,22429.7578125,4.57
2023-03-07,43053844193928.45,43053844193928.45,138377897230.68723,353136002.54561603,22428.322265625,22219.76953125,4.57
2023-03-08,43053844193928.45,43053844193928.45,135344124751.21504,284649020.719374,22216.44140625,21718.080078125,4.57
2023-03-09,43053844193928.45,43053844193928.45,126918959025.3584,288929457.46875334,21720.080078125,20363.021484375,4.57
2023-03-10,43551722213590.37,43145365888719.25,126187090227.34769,291688415.56457573,20367.001953125,20187.244140625,4.57
2023-03-11,43551722213590.37,43551722213590.37,128287501364.06328,357219694.8827461,20187.876953125,20632.41015625,4.57
2023-03-12,43551722213590.37,43551722213590.37,137360056764.18228,348559825.89122087,20628.029296875,22163.94921875,4.57
2023-03-13,43551722213590.37,43551722213590.37,150388898066.37317,339899953.782142,22156.40625,24197.533203125,4.57
2023-03-14,43551722213590.37,43551722213590.37,154360713402.33337,316085307.04095167,24201.765625,24746.07421875,4.57
2023-03-15,43551722213590.37,43551722213590.37,152115670708.8599,318250273.50944453,24770.92578125,24375.9609375,4.57
2023-03-16,43551722213590.37,43551722213590.37,156097142904.10617,290105693.8312686,24373.45703125,25052.7890625,4.57
2023-03-17,43551722213590.37,43551722213590.37,171087603892.09647,318250273.50944453,25055.123046875,27423.9296875,4.57
2023-03-18,43551722213590.37,43551722213590.37,168160706682.58377,350724792.35971373,27448.1171875,26965.87890625,4.57
2023-03-19,43551722213590.37,43551722213590.37,174961275411.22568,320415243.0954912,26969.50390625,28038.67578125,4.57
2023-03-20,43551722213590.37,43551722213590.37,172875715306.6556,333405048.1415559,28041.6015625,27767.236328125,4.57
2023-03-21,43551722213590.37,43551722213590.37,175049416408.2428,313920337.4549051,27768.392578125,28175.81640625,4.57
2023-03-22,43551722213590.37,43551722213590.37,169436840534.68845,344229889.8366814,28158.720703125,27307.4375,4.65
2023-03-23,46843400286276.55,43857506515424.61,175975245352.5936,398970829.72571325,27301.95703125,28333.97265625,4.65
2023-03-24,46843400286276.55,46843400286276.55,170217209293.36783,377232885.4931153,28324.111328125,27493.28515625,4.65
2023-03-25,46843400286276.55,46843400286276.55,170294534777.0617,337646717.00662136,27487.337890625,27494.70703125,4.65
2023-03-26,46843400286276.55,46843400286276.55,173472023957.2004,335318120.43832463,27495.5234375,27994.330078125,4.65
2023-03-27,46843400286276.55,46843400286276.55,167906462721.85303,344632513.417874,27994.068359375,27139.888671875,4.65
2023-03-28,46843400286276.55,46843400286276.55,168617427482.98428,312032141.34263265,27132.888671875,27268.130859375,4.65
2023-03-29,46843400286276.55,46843400286276.55,175157877437.58063,342303913.49639606,27267.03125,28348.44140625,4.65
2023-03-30,46843400286276.55,46843400286276.55,177634065211.7048,360932699.4554946,28350.140625,28033.5625,4.65
2023-03-31,46843400286276.55,46843400286276.55,181000218695.05737,328332327.38025326,28032.26171875,28478.484375,4.65
2023-04-01,46843400286276.55,46843400286276.55,180650819666.87823,326003727.45877534,28473.33203125,28411.03515625,4.65
2023-04-02,46843400286276.55,46843400286276.55,178439028432.86737,346961109.9861707,28462.845703125,28199.30859375,4.65
2023-04-03,46843400286276.55,46843400286276.55,176524858472.50128,305046344.9313801,28183.080078125,27790.220703125,4.65
2023-04-04,46843400286276.55,46843400286276.55,178385341381.6549,377232885.4931153,27795.2734375,28168.08984375,4.65
2023-04-05,46843400286276.55,46843400286276.55,178844537625.5156,323675130.8904786,28169.7265625,28177.984375,4.65
2023-04-06,47887764338536.25,47221982255220.69,178012040147.117,375586794.88083017,28175.2265625,28044.140625,4.65
2023-04-07,47887764338536.25,47887764338536.25,177465929009.70004,338032941.7856073,28038.966796875,27925.859375,4.65
2023-04-08,47887764338536.25,47887764338536.25,177561844006.8099,349935509.40998685,27920.513671875,27947.794921875,4.65
2023-04-09,47887764338536.25,47887764338536.25,179957602348.74777,347554997.25628686,27952.3671875,28333.05078125,4.65
2023-04-10,47887764338536.25,47887764338536.25,188549481809.0501,292803183.44178885,28336.02734375,29652.98046875,4.65
2023-04-11,47887764338536.25,47887764338536.25,192521193342.67343,366599104.7697063,29653.6796875,30235.05859375,4.65
2023-04-12,47887764338536.25,47887764338536.25,190873532216.766,380882187.97572565,30231.58203125,30139.052734375,4.65
2023-04-13,47887764338536.25,47887764338536.25,193815887209.2496,338032941.7856073,29892.740234375,30399.06640625,4.65
2023-04-14,47887764338536.25,47887764338536.25,194452043150.8849,333271914.0502675,30409.5625,30485.69921875,4.65
2023-04-15,47887764338536.25,47887764338536.25,193424545184.72208,376121160.2403858,30490.75,30318.49609375,4.65
2023-04-16,47887764338536.25,47887764338536.25,193232709857.9305,295183695.5954889,30315.9765625,30315.35546875,4.65
2023-04-17,47887764338536.25,47887764338536.25,187986136827.76413,368979620.3513461,30317.146484375,29445.044921875,4.65
2023-04-18,,,,,,,
