DateTime,Price,Commits,Stars,Open Issues,Closed Issues,Watchers,Size,Forks,Repositories,Open Pull Requests,Merged Pull Requests,Closed Pull Requests
2020-05-05 00:00:00,9003.070313,26966,47465,579,4828,4216,153338,28341,4,475,9320,4304
2020-05-06 00:00:00,9268.761719,26988,47475,579,4828,4213,153402,28343,4,473,9325,4305
2020-05-07 00:00:00,9951.518555,27006,47491,572,4835,4213,153500,28358,4,470,9331,4309
2020-05-08 00:00:00,9842.666016,27010,47509,568,4842,4212,153516,28369,4,471,9333,4314
2020-05-09 00:00:00,9593.896484,27026,47525,504,4908,4209,153578,28384,4,470,9338,4315
2020-05-10 00:00:00,8756.430664,27026,47544,493,4920,4212,153588,28387,4,476,9338,4315
2020-05-11 00:00:00,8601.795898,27030,47569,496,4920,4211,153656,28403,4,474,9339,4328
2020-05-12 00:00:00,8804.477539,27050,47609,496,4926,4213,153603,28417,4,469,9347,4333
2020-05-13 00:00:00,9269.987305,27067,47631,496,4928,4215,153678,28432,4,470,9354,4332
2020-05-14 00:00:00,9733.72168,27089,47657,498,4929,4217,153777,28435,4,466,9361,4334
2020-05-15 00:00:00,9328.197266,27106,47679,499,4930,4216,153800,28443,4,463,9367,4336
2020-05-16 00:00:00,9377.013672,27113,47695,501,4930,4216,153900,28448,4,467,9370,4338
2020-05-17 00:00:00,9670.739258,27118,47720,502,4930,4218,153900,28457,4,472,9371,4338
2020-05-18 00:00:00,9726.575195,27118,47736,504,4931,4220,153907,28462,4,479,9371,4339
2020-05-19 00:00:00,9729.038086,27130,47746,498,4938,4220,153934,28470,4,481,9375,4341
2020-05-20 00:00:00,9522.981445,27162,47768,500,4941,4219,154023,28481,4,479,9382,4343
2020-05-21 00:00:00,9081.761719,27178,47787,505,4940,4219,154075,28492,4,479,9386,4344
2020-05-22 00:00:00,9182.577148,27212,47803,508,4943,4218,154207,28505,4,474,9396,4345
2020-05-23 00:00:00,9209.287109,27230,47808,509,4944,4220,154250,28511,4,478,9400,4345
2020-05-24 00:00:00,8790.368164,27230,47823,510,4944,4220,154263,28515,4,480,9400,4345
2020-05-25 00:00:00,8906.93457,27230,47837,511,4944,4222,154263,28522,4,482,9400,4346
2020-05-26 00:00:00,8835.052734,27248,47851,510,4945,4222,154319,28529,4,479,9405,4346
2020-05-27 00:00:00,9181.017578,27275,47869,511,4946,4225,154394,28537,4,479,9411,4348
2020-05-28 00:00:00,9525.750977,27283,47882,513,4947,4222,154421,28540,4,483,9412,4350
2020-05-29 00:00:00,9439.124023,27322,47892,509,4953,4221,154542,28546,4,480,9427,4352
2020-05-30 00:00:00,9700.414063,27340,47904,509,4954,4224,154592,28556,4,480,9433,4353
2020-05-31 00:00:00,9461.058594,27353,47919,506,4958,4224,154617,28564,4,486,9435,4353
2020-06-01 00:00:00,10167.26856,27376,47932,510,4958,4223,154709,28575,4,486,9440,4354
2020-06-02 00:00:00,9529.803711,27407,47943,509,4961,4223,154812,28582,4,481,9453,4356
2020-06-03 00:00:00,9656.717773,27425,47951,511,4965,4224,154890,28593,4,482,9460,4357
2020-06-04 00:00:00,9800.636719,27444,47974,515,4966,4225,155263,28605,4,481,9465,4358
2020-06-05 00:00:00,9665.533203,27474,47992,516,4968,4223,155346,28608,4,473,9478,4360
2020-06-06 00:00:00,9653.679688,27477,48007,517,4970,4223,155511,28613,4,480,9479,4361
2020-06-07 00:00:00,9758.852539,27482,48031,517,4970,4225,155523,28626,4,486,9481,4362
2020-06-08 00:00:00,9771.489258,27501,48046,517,4971,4225,155560,28631,4,487,9489,4362
2020-06-09 00:00:00,9795.700195,27512,48061,520,4973,4228,155586,28645,4,492,9493,4363
2020-06-10 00:00:00,9870.094727,27522,48070,523,4976,4228,155592,28652,4,495,9497,4364
2020-06-11 00:00:00,9321.78125,27533,48083,523,4979,4223,155625,28660,4,497,9501,4366
2020-06-12 00:00:00,9480.84375,27554,48090,524,4981,4222,155617,28667,4,499,9508,4366
2020-06-13 00:00:00,9475.277344,27577,48105,525,4983,4223,155742,28680,4,498,9513,4368
2020-06-14 00:00:00,9386.788086,27581,48119,525,4984,4224,155725,28684,4,501,9515,4368
2020-06-15 00:00:00,9450.702148,27585,48135,525,4986,4228,155733,28691,4,506,9517,4372
2020-06-16 00:00:00,9538.024414,27601,48148,525,4987,4229,155753,28699,4,510,9521,4372
2020-06-17 00:00:00,9480.254883,27630,48165,524,4988,4228,155876,28703,4,507,9531,4373
2020-06-18 00:00:00,9411.84082,27642,48182,526,4990,4227,155967,28709,4,510,9535,4376
2020-06-19 00:00:00,9288.018555,27664,48199,527,4990,4226,156012,28712,4,508,9543,4379
2020-06-20 00:00:00,9332.34082,27679,48214,526,4994,4224,156034,28716,4,508,9548,4380
2020-06-21 00:00:00,9303.629883,27715,48221,529,4994,4227,156314,28715,4,506,9554,4380
2020-06-22 00:00:00,9648.717773,27725,48235,531,4994,4227,156250,28720,4,508,9556,4380
2020-06-23 00:00:00,9629.658203,27740,48256,534,4996,4229,156339,28723,4,509,9560,4383
2020-06-24 00:00:00,9313.610352,27744,48268,535,4997,4231,156339,28736,4,515,9561,4383
2020-06-25 00:00:00,9264.813477,27817,48283,535,4999,4227,156611,28745,4,513,9568,4386
2020-06-26 00:00:00,9162.917969,27842,48287,534,5002,4226,156705,28749,4,515,9574,4386
2020-06-27 00:00:00,9045.390625,27852,48285,537,5002,4224,156690,28753,4,521,9575,4387
2020-06-28 00:00:00,9143.582031,27854,48298,535,5005,4223,156518,28758,4,521,9576,4389
2020-06-29 00:00:00,9190.854492,27867,48309,538,5006,4224,157133,28760,4,521,9581,4390
2020-06-30 00:00:00,9137.993164,27889,48321,537,5011,4225,157199,28764,4,518,9589,4392
2020-07-01 00:00:00,9228.325195,27895,48332,538,5011,4223,157199,28770,4,518,9591,4393
2020-07-02 00:00:00,9123.410156,27920,48340,536,5012,4221,157297,28772,4,518,9599,4393
2020-07-03 00:00:00,9087.303711,27952,48348,534,5017,4221,157389,28777,4,509,9608,4395
2020-07-04 00:00:00,9132.488281,27957,48360,535,5018,4222,157389,28774,4,513,9609,4395
2020-07-05 00:00:00,9073.942383,27959,48373,534,5020,4222,157524,28780,4,513,9610,4396
2020-07-06 00:00:00,9375.474609,27970,48383,537,5019,4220,157997,28796,4,515,9613,4398
2020-07-07 00:00:00,9252.277344,27972,48397,539,5020,4219,158009,28801,4,515,9614,4398
2020-07-08 00:00:00,9428.333008,27975,48420,540,5020,4219,158059,28805,4,522,9615,4399
2020-07-09 00:00:00,9277.967773,27986,48430,539,5021,4219,158069,28811,4,521,9619,4401
2020-07-10 00:00:00,9278.807617,28012,48436,540,5023,4220,158170,28821,4,504,9632,4412
2020-07-11 00:00:00,9240.34668,28040,48445,541,5024,4224,158287,28825,4,499,9642,4413
2020-07-12 00:00:00,9276.5,28046,48451,543,5023,4222,158345,28830,4,500,9645,4416
2020-07-13 00:00:00,9243.614258,28054,48458,544,5023,4222,158561,28839,4,502,9647,4417
2020-07-14 00:00:00,9243.213867,28075,48478,545,5025,4222,158399,28847,4,500,9653,4420
2020-07-15 00:00:00,9192.836914,28092,48483,545,5027,4224,158536,28853,4,496,9662,4426
2020-07-16 00:00:00,9132.227539,28126,48502,545,5029,4222,158477,28858,4,493,9671,4426
2020-07-17 00:00:00,9151.392578,28141,48547,546,5030,4221,158502,28872,4,491,9676,4430
2020-07-18 00:00:00,9159.040039,28153,48576,547,5031,4223,158630,28876,4,490,9678,4430
2020-07-19 00:00:00,9185.817383,28155,48602,548,5032,4221,158630,28883,4,495,9679,4430
2020-07-20 00:00:00,9164.231445,28155,48626,549,5033,4223,158639,28887,4,500,9679,4430
2020-07-21 00:00:00,9374.887695,28166,48648,548,5035,4222,158855,28893,4,496,9684,4431
2020-07-22 00:00:00,9525.363281,28180,48663,547,5038,4222,158901,28899,4,493,9691,4431
2020-07-23 00:00:00,9581.072266,28209,48675,549,5038,4224,159045,28909,4,493,9695,4431
2020-07-24 00:00:00,9536.892578,28218,48683,549,5043,4223,159063,28917,4,490,9698,4435
2020-07-25 00:00:00,9677.113281,28223,48702,551,5044,4228,159090,28925,4,494,9697,4435
2020-07-26 00:00:00,9905.166992,28223,48715,551,5044,4231,159090,28928,4,493,9697,4438
2020-07-27 00:00:00,10990.87305,28228,48729,552,5044,4229,159007,28934,4,496,9701,4442
2020-07-28 00:00:00,10912.82324,28242,48751,554,5045,4228,159028,28942,4,500,9707,4445
2020-07-29 00:00:00,11100.46777,28252,48762,556,5046,4229,159076,28939,4,499,9710,4447
2020-07-30 00:00:00,11111.21387,28267,48789,557,5047,4228,159072,28947,4,499,9715,4448
2020-07-31 00:00:00,11323.4668,28298,48799,554,5048,4225,159292,28952,4,495,9724,4450
2020-08-01 00:00:00,11759.59277,28313,48815,553,5049,4226,159353,28953,4,489,9732,4450
2020-08-02 00:00:00,11053.61426,28317,48833,553,5050,4228,159367,28958,4,492,9734,4453
2020-08-03 00:00:00,11246.34863,28319,48844,554,5051,4230,159333,28962,4,498,9735,4455
2020-08-04 00:00:00,11205.89258,28338,48863,554,5051,4230,159332,28968,4,502,9739,4455
2020-08-05 00:00:00,11747.02246,28352,48889,555,5054,4231,159347,28974,4,504,9742,4457
2020-08-06 00:00:00,11779.77344,28360,48899,554,5055,4233,159385,28982,4,505,9746,4458
2020-08-07 00:00:00,11601.47266,28365,48923,557,5055,4234,159415,28992,4,503,9748,4462
2020-08-08 00:00:00,11754.0459,28365,48939,559,5056,4232,159415,28993,4,507,9748,4464
2020-08-09 00:00:00,11675.73926,28367,48952,558,5057,4234,159368,28996,4,504,9749,4467
2020-08-10 00:00:00,11878.11133,28381,48965,547,5069,4234,159421,29007,4,498,9755,4469
2020-08-11 00:00:00,11410.52539,28390,48982,546,5071,4232,159516,29012,4,493,9760,4472
2020-08-12 00:00:00,11584.93457,28410,48994,549,5072,4236,159578,29017,4,494,9761,4473
2020-08-13 00:00:00,11784.1377,28431,49009,546,5076,4235,159615,29019,4,488,9767,4477
2020-08-14 00:00:00,11768.87109,28451,49027,541,5085,4237,159736,29024,4,482,9773,4483
2020-08-15 00:00:00,11865.69824,28468,49047,538,5089,4239,160142,29040,4,485,9779,4485
2020-08-16 00:00:00,11892.80371,28475,49056,538,5090,4240,160156,29049,4,485,9781,4487
2020-08-17 00:00:00,12254.40234,28482,49078,538,5095,4239,160206,29059,4,487,9784,4490
2020-08-18 00:00:00,11991.2334,28493,49092,537,5099,4240,160222,29074,4,491,9789,4493
2020-08-19 00:00:00,11758.2832,28496,49116,536,5100,4242,160243,29079,4,495,9790,4493
2020-08-20 00:00:00,11878.37207,28507,49131,538,5100,4241,160273,29091,4,490,9794,4494
2020-08-21 00:00:00,11592.48926,28536,49148,538,5103,4242,160560,29089,4,482,9806,4499
2020-08-22 00:00:00,11681.8252,28538,49157,537,5104,4239,160563,29092,4,488,9807,4499
2020-08-23 00:00:00,11664.84766,28540,49168,537,5105,4241,160574,29096,4,489,9808,4500
2020-08-24 00:00:00,11774.5957,28547,49182,536,5107,4240,160550,29102,4,489,9811,4500
2020-08-25 00:00:00,11366.13477,28568,49194,541,5108,4242,160626,29109,4,488,9817,4502
2020-08-26 00:00:00,11488.36328,28587,49211,544,5110,4243,160700,29117,4,494,9822,4502
2020-08-27 00:00:00,11323.39746,28626,49220,545,5112,4245,160658,29124,4,493,9826,4504
2020-08-28 00:00:00,11542.5,28640,49232,547,5113,4244,160865,29131,4,490,9833,4505
2020-08-29 00:00:00,11506.86523,28661,49241,546,5114,4245,160937,29132,4,484,9840,4506
2020-08-30 00:00:00,11711.50586,28661,49254,548,5115,4247,160948,29137,4,489,9840,4507
2020-08-31 00:00:00,11680.82031,28686,49272,546,5117,4247,161073,29142,4,485,9850,4507
2020-09-01 00:00:00,11970.47852,28711,49285,545,5119,4247,161147,29146,4,485,9857,4508
2020-09-02 00:00:00,11414.03418,28731,49300,546,5120,4249,161201,29157,4,484,9861,4508
2020-09-03 00:00:00,10245.29688,28764,49311,546,5120,4249,161245,29163,4,480,9869,4508
2020-09-04 00:00:00,10511.81348,28778,49319,546,5122,4248,161280,29177,4,481,9874,4509
2020-09-05 00:00:00,10169.56738,28788,49326,547,5122,4251,161421,29180,4,487,9878,4509
2020-09-06 00:00:00,10280.35156,28798,49336,548,5124,4252,161439,29186,4,492,9882,4509
2020-09-07 00:00:00,10369.56348,28818,49377,548,5128,4267,161486,29199,4,496,9887,4511
2020-09-08 00:00:00,10131.5166,28831,49468,547,5132,4290,161505,29205,4,500,9889,4512
2020-09-09 00:00:00,10242.34766,28836,49556,550,5133,4293,161576,29208,4,503,9891,4514
2020-09-10 00:00:00,10363.13867,28836,49569,552,5134,4295,161576,29212,4,507,9891,4515
2020-09-11 00:00:00,10400.91504,28846,49581,551,5135,4295,161579,29209,4,511,9894,4516
2020-09-12 00:00:00,10442.1709,28852,49598,554,5135,4296,161588,29211,4,512,9895,4518
2020-09-13 00:00:00,10323.75586,28854,49615,555,5136,4301,161616,29215,4,512,9896,4520
2020-09-14 00:00:00,10680.83789,28859,49627,554,5137,4301,161928,29217,4,510,9898,4522
2020-09-15 00:00:00,10796.95117,28884,49638,554,5138,4298,162018,29226,4,503,9902,4529
2020-09-16 00:00:00,10974.90527,28891,49654,553,5139,4298,161989,29241,4,503,9904,4531
2020-09-17 00:00:00,10948.99023,28895,49658,555,5139,4297,162018,29243,4,505,9906,4534
2020-09-18 00:00:00,10944.58594,28898,49671,555,5138,4297,162041,29250,4,506,9907,4535
2020-09-19 00:00:00,11094.34668,28914,49683,555,5144,4299,162093,29260,4,503,9911,4537
2020-09-20 00:00:00,10938.27148,28919,49693,556,5144,4300,162123,29264,4,502,9913,4538
2020-09-21 00:00:00,10462.25977,28919,49706,556,5145,4299,162123,29275,4,507,9913,4541
2020-09-22 00:00:00,10538.45996,28940,49726,558,5145,4299,162210,29284,4,506,9916,4541
2020-09-23 00:00:00,10246.18652,28958,49746,558,5146,4297,162301,29290,4,508,9921,4542
2020-09-24 00:00:00,10760.06641,28977,49751,558,5148,4296,162478,29291,4,503,9927,4545
2020-09-25 00:00:00,10692.7168,28982,49757,560,5149,4296,162537,29293,4,504,9928,4546
2020-09-26 00:00:00,10750.72363,28984,49764,559,5152,4300,162626,29301,4,510,9929,4546
2020-09-27 00:00:00,10775.26953,28992,49782,559,5152,4298,162645,29301,4,511,9931,4546
2020-09-28 00:00:00,10709.65234,28998,49791,559,5152,4298,162739,29307,4,511,9933,4547
2020-09-29 00:00:00,10844.64063,29028,49806,561,5152,4296,162752,29313,4,498,9940,4556
2020-09-30 00:00:00,10784.49121,29045,49819,561,5153,4295,162846,29313,4,495,9948,4559
2020-10-01 00:00:00,10619.45215,29072,49839,563,5154,4295,162860,29323,4,491,9955,4561
2020-10-02 00:00:00,10575.97461,29097,49848,559,5161,4294,163224,29326,4,488,9961,4563
2020-10-03 00:00:00,10549.3291,29112,49859,560,5163,4291,163334,29331,4,488,9965,4563
2020-10-04 00:00:00,10669.58301,29120,49870,560,5164,4292,163397,29337,4,488,9968,4565
2020-10-05 00:00:00,10793.33984,29127,49881,562,5164,4293,163463,29345,4,489,9971,4566
2020-10-06 00:00:00,10604.40625,29165,49894,564,5166,4288,163676,29352,4,474,9988,4572
2020-10-07 00:00:00,10668.96875,29176,49897,563,5168,4288,163423,29355,4,473,9992,4572
2020-10-08 00:00:00,10915.68555,29185,49914,567,5168,4287,163512,29363,4,474,9996,4572
2020-10-09 00:00:00,11064.45801,29196,49924,566,5172,4288,163570,29370,4,472,10001,4573
2020-10-10 00:00:00,11296.36133,29196,49945,566,5174,4290,163570,29375,4,473,10001,4574
2020-10-11 00:00:00,11384.18164,29201,49965,567,5174,4293,163611,29381,4,474,10002,4574
2020-10-12 00:00:00,11555.36328,29204,49995,569,5176,4295,163630,29386,4,485,10003,4576
2020-10-13 00:00:00,11425.89941,29210,50014,568,5181,4295,163646,29393,4,487,10005,4579
2020-10-14 00:00:00,11429.50684,29220,50028,567,5183,4295,163638,29388,4,489,10009,4578
2020-10-15 00:00:00,11495.34961,29300,50055,568,5185,4300,163891,29402,4,480,10021,4579
2020-10-16 00:00:00,11322.12305,29335,50080,569,5187,4303,164093,29414,4,478,10028,4587
2020-10-17 00:00:00,11358.10156,29337,50095,572,5188,4307,164100,29420,4,484,10029,4588
2020-10-18 00:00:00,11483.35938,29343,50104,573,5189,4309,164105,29425,4,484,10031,4588
2020-10-19 00:00:00,11742.03711,29365,50113,575,5189,4306,164193,29432,4,482,10039,4587
2020-10-20 00:00:00,11916.33496,29370,50127,575,5189,4309,164335,29431,4,487,10041,4590
2020-10-21 00:00:00,12823.68945,29370,50138,576,5191,4311,164335,29441,4,499,10041,4591
2020-10-22 00:00:00,12965.8916,29385,50154,574,5193,4310,164569,29450,4,497,10047,4592
2020-10-23 00:00:00,12931.53906,29394,50165,576,5194,4309,164591,29462,4,501,10049,4594
2020-10-24 00:00:00,13108.0625,29396,50181,577,5192,4306,164603,29463,4,502,10049,4597
2020-10-25 00:00:00,13031.17383,29398,50200,578,5193,4306,164613,29472,4,503,10050,4596
2020-10-26 00:00:00,13075.24805,29398,50218,580,5193,4303,164613,29477,4,505,10050,4599
2020-10-27 00:00:00,13654.21875,29408,50253,582,5194,4305,164638,29492,4,507,10054,4602
2020-10-28 00:00:00,13271.28516,29415,50271,581,5194,4308,165000,29501,4,507,10056,4605
2020-10-29 00:00:00,13437.88281,29435,50282,580,5197,4305,165051,29508,4,501,10063,4605
2020-10-30 00:00:00,13546.52246,29437,50303,580,5199,4306,165045,29513,4,506,10064,4608
2020-10-31 00:00:00,13780.99512,29437,50314,580,5199,4307,165045,29520,4,512,10064,4608
2020-11-01 00:00:00,13737.10938,29437,50328,580,5200,4309,165045,29528,4,512,10064,4609
2020-11-02 00:00:00,13550.48926,29452,50341,579,5201,4310,165000,29536,4,509,10070,4611
2020-11-03 00:00:00,13950.30078,29485,50359,581,5201,4312,165073,29541,4,511,10076,4612
2020-11-04 00:00:00,14133.70703,29506,50379,581,5203,4314,165257,29552,4,511,10080,4612
2020-11-05 00:00:00,15579.84863,29522,50388,578,5206,4316,165345,29565,4,508,10088,4615
2020-11-06 00:00:00,15565.88086,29532,50408,580,5207,4316,165390,29577,4,512,10094,4616
2020-11-07 00:00:00,14833.75391,29537,50421,580,5207,4316,165401,29576,4,510,10096,4618
2020-11-08 00:00:00,15479.56738,29537,50441,582,5207,4318,165401,29583,4,513,10096,4620
2020-11-09 00:00:00,15332.31543,29537,50461,583,5209,4321,165401,29604,4,517,10096,4622
2020-11-10 00:00:00,15290.90234,29564,50477,584,5209,4318,165481,29615,4,515,10104,4620
2020-11-11 00:00:00,15701.33984,29566,50494,583,5211,4318,165407,29626,4,519,10105,4620
2020-11-12 00:00:00,16276.34375,29587,50513,583,5213,4318,165445,29632,4,513,10113,4623
2020-11-13 00:00:00,16317.80859,29596,50527,584,5213,4318,165650,29639,4,511,10117,4625
2020-11-14 00:00:00,16068.13867,29596,50545,586,5213,4319,165650,29646,4,513,10117,4627
2020-11-15 00:00:00,15955.58789,29598,50564,589,5213,4319,165673,29653,4,518,10118,4627
2020-11-16 00:00:00,16716.11133,29618,50607,587,5216,4318,165779,29657,4,513,10123,4629
2020-11-17 00:00:00,17645.40625,29628,50689,586,5218,4321,165797,29667,4,516,10126,4630
2020-11-18 00:00:00,17804.00586,29657,50712,585,5221,4316,166075,29682,4,516,10131,4632
2020-11-19 00:00:00,17817.08984,29688,50727,585,5222,4316,166205,29695,4,508,10143,4635
2020-11-20 00:00:00,18621.31445,29728,50754,585,5223,4319,166404,29697,4,502,10157,4640
2020-11-21 00:00:00,18642.23242,29734,50776,585,5225,4319,166456,29706,4,501,10159,4642
2020-11-22 00:00:00,18370.00195,29741,50796,585,5227,4321,166465,29721,4,506,10160,4642
2020-11-23 00:00:00,18364.12109,29751,50806,587,5227,4318,166483,29729,4,508,10162,4644
2020-11-24 00:00:00,19107.46484,29776,50822,587,5229,4318,166581,29739,4,507,10171,4646
2020-11-25 00:00:00,18732.12109,29791,50847,589,5229,4319,166802,29754,4,511,10180,4646
2020-11-26 00:00:00,17150.62305,29800,50874,590,5233,4322,166800,29758,4,513,10184,4648
2020-11-27 00:00:00,17108.40234,29802,50886,592,5234,4322,166922,29761,4,519,10185,4651
2020-11-28 00:00:00,17717.41406,29806,50898,592,5234,4322,166922,29768,4,520,10186,4654
2020-11-29 00:00:00,18177.48438,29808,50913,592,5235,4323,166925,29778,4,523,10187,4654
2020-11-30 00:00:00,19625.83594,29816,50937,593,5236,4323,166912,29780,4,522,10189,4654
2020-12-01 00:00:00,18802.99805,29839,50953,594,5238,4326,166922,29786,4,520,10196,4654
2020-12-02 00:00:00,19201.0918,29869,50975,593,5240,4326,166987,29793,4,515,10206,4654
2020-12-03 00:00:00,19445.39844,29878,51001,595,5241,4327,166821,29802,4,516,10210,4656
2020-12-04 00:00:00,18699.76563,29895,51023,595,5241,4325,166888,29814,4,520,10216,4658
2020-12-05 00:00:00,19154.23047,29903,51046,596,5241,4328,166888,29823,4,520,10221,4659
2020-12-06 00:00:00,19345.12109,29903,51064,597,5241,4326,166888,29829,4,521,10221,4662
2020-12-07 00:00:00,19191.63086,29929,51084,595,5243,4324,166921,29838,4,516,10231,4663
2020-12-08 00:00:00,18321.14453,29947,51105,596,5246,4319,167083,29847,4,519,10235,4664
2020-12-09 00:00:00,18553.91602,29959,51117,596,5247,4316,167106,29855,4,521,10239,4664
2020-12-10 00:00:00,18264.99219,30005,51148,594,5250,4313,167238,29858,4,512,10254,4664
2020-12-11 00:00:00,18058.9043,30018,51164,596,5253,4313,167682,29865,4,511,10260,4666
2020-12-12 00:00:00,18803.65625,30027,51182,597,5255,4315,167732,29874,4,511,10262,4668
2020-12-13 00:00:00,19142.38281,30030,51196,598,5255,4314,167761,29882,4,512,10263,4669
2020-12-14 00:00:00,19246.64453,30038,51217,599,5257,4312,167860,29892,4,516,10266,4669
2020-12-15 00:00:00,19417.07617,30048,51240,600,5259,4312,167824,29896,4,517,10269,4671
2020-12-16 00:00:00,21310.59766,30073,51266,599,5263,4309,167919,29900,4,517,10278,4673
2020-12-17 00:00:00,22805.16211,30124,51300,591,5272,4311,168041,29914,4,506,10296,4678
2020-12-18 00:00:00,23137.96094,30152,51333,591,5274,4313,168123,29925,4,503,10306,4683
2020-12-19 00:00:00,23869.83203,30152,51436,590,5277,4323,168123,29933,4,506,10306,4686
2020-12-20 00:00:00,23477.29492,30152,51531,592,5277,4330,168123,29950,4,508,10306,4688
2020-12-21 00:00:00,22803.08203,30165,51660,592,5278,4337,168354,29961,4,508,10309,4690
2020-12-22 00:00:00,23783.0293,30185,51743,592,5280,4343,168343,29972,4,507,10316,4692
2020-12-23 00:00:00,23241.3457,30191,51768,590,5282,4341,168350,29982,4,511,10319,4694
2020-12-24 00:00:00,23735.94922,30195,51789,591,5282,4340,168375,29985,4,516,10321,4694
2020-12-25 00:00:00,24664.79102,30209,51810,591,5282,4340,168412,29998,4,516,10327,4694
2020-12-26 00:00:00,26437.03711,30209,51828,593,5283,4341,168407,30013,4,518,10327,4694
2020-12-27 00:00:00,26272.29492,30215,51854,594,5284,4343,168417,30020,4,520,10330,4694
2020-12-28 00:00:00,27084.80859,30219,51878,594,5287,4346,168413,30034,4,519,10332,4696
2020-12-29 00:00:00,27362.4375,30238,51897,598,5286,4347,168449,30040,4,517,10336,4701
2020-12-30 00:00:00,28840.95313,30238,51936,599,5285,4349,168449,30053,4,518,10336,4704
2020-12-31 00:00:00,29001.7207,30238,51968,601,5287,4351,168449,30066,4,525,10336,4706
2021-01-01 00:00:00,29374.15234,30245,51987,602,5290,4355,168561,30081,4,523,10339,4708
2021-01-02 00:00:00,32127.26758,30251,52013,603,5291,4355,168573,30087,4,523,10341,4709
2021-01-03 00:00:00,32782.02344,30253,52059,604,5292,4354,168612,30101,4,526,10343,4711
2021-01-04 00:00:00,31971.91406,30265,52119,604,5294,4357,168684,30120,4,514,10348,4721
2021-01-05 00:00:00,33992.42969,30283,52243,599,5300,4366,168729,30129,4,514,10356,4723
2021-01-06 00:00:00,36824.36328,30290,52292,591,5309,4363,168805,30143,4,514,10360,4725
2021-01-07 00:00:00,39371.04297,30297,52339,589,5315,4361,168829,30164,4,517,10362,4725
2021-01-08 00:00:00,40797.60938,30350,52397,588,5318,4361,168959,30184,4,513,10370,4726
2021-01-09 00:00:00,40254.54688,30356,52437,587,5321,4362,168980,30196,4,515,10373,4727
2021-01-10 00:00:00,38356.44141,30365,52486,587,5322,4363,169019,30220,4,513,10375,4731
2021-01-11 00:00:00,35566.65625,30381,52545,587,5323,4368,169053,30234,4,507,10380,4733
2021-01-12 00:00:00,33922.96094,30413,52600,590,5327,4371,169122,30248,4,502,10385,4737
2021-01-13 00:00:00,37316.35938,30426,52640,592,5329,4369,169199,30265,4,504,10389,4739
2021-01-14 00:00:00,39187.32813,30434,52683,585,5337,4370,169220,30278,4,506,10394,4740
2021-01-15 00:00:00,36825.36719,30437,52731,584,5343,4370,169217,30302,4,512,10395,4740
2021-01-16 00:00:00,36178.14063,30443,52766,577,5354,4373,169132,30320,4,512,10398,4740
2021-01-17 00:00:00,35791.27734,30443,52808,576,5355,4376,169132,30335,4,513,10398,4740
2021-01-18 00:00:00,36630.07422,30445,52852,577,5355,4375,169052,30351,4,516,10399,4741
2021-01-19 00:00:00,36069.80469,30462,52888,579,5355,4373,169089,30362,4,514,10404,4742
2021-01-20 00:00:00,35547.75,30471,52907,574,5360,4372,169296,30383,4,513,10408,4747
2021-01-21 00:00:00,30825.69922,30473,52939,572,5359,4371,169302,30399,4,516,10409,4743
2021-01-22 00:00:00,33005.76172,30506,52970,573,5364,4373,169290,30425,4,513,10418,4743
2021-01-23 00:00:00,32067.64258,30506,52994,571,5370,4373,169299,30442,4,513,10418,4744
2021-01-24 00:00:00,32289.37891,30506,53016,572,5371,4376,169299,30451,4,516,10418,4745
2021-01-25 00:00:00,32366.39258,30512,53047,573,5371,4374,169321,30464,4,516,10421,4748
2021-01-26 00:00:00,32569.84961,30539,53072,573,5373,4374,169401,30475,4,516,10428,4748
2021-01-27 00:00:00,30432.54688,30539,53111,574,5371,4373,169401,30478,4,517,10428,4750
2021-01-28 00:00:00,33466.09766,30559,53134,573,5375,4373,169566,30489,4,515,10431,4750
2021-01-29 00:00:00,34316.38672,30585,53162,572,5379,4369,169644,30506,4,514,10438,4755
2021-01-30 00:00:00,34269.52344,30588,53205,572,5380,4366,169652,30520,4,516,10439,4755
2021-01-31 00:00:00,33114.35938,30592,53232,571,5381,4369,169662,30539,4,515,10441,4757
2021-02-01 00:00:00,33537.17578,30622,53285,569,5388,4374,169685,30555,4,517,10445,4758
2021-02-02 00:00:00,35510.28906,30645,53500,569,5391,4386,169822,30580,4,521,10451,4759
2021-02-03 00:00:00,37472.08984,30651,53548,572,5393,4389,169935,30588,4,520,10454,4762
2021-02-04 00:00:00,36926.06641,30716,53587,571,5396,4388,170014,30605,4,505,10475,4763
2021-02-05 00:00:00,38144.30859,30724,53620,570,5397,4387,169962,30626,4,506,10479,4763
2021-02-06 00:00:00,39266.01172,30750,53647,570,5397,4388,170008,30652,4,509,10482,4764
2021-02-07 00:00:00,38903.44141,30750,53690,572,5400,4394,170008,30660,4,510,10482,4765
2021-02-08 00:00:00,46196.46484,30765,53729,572,5405,4397,170038,30675,4,512,10489,4765
2021-02-09 00:00:00,46481.10547,30789,53785,573,5408,4398,170079,30718,4,509,10497,4765
2021-02-10 00:00:00,44918.18359,30805,53839,574,5412,4398,170131,30748,4,510,10505,4768
2021-02-11 00:00:00,47909.33203,30825,53880,576,5418,4395,170179,30765,4,507,10513,4768
2021-02-12 00:00:00,47504.85156,30862,53924,573,5421,4398,170330,30789,4,500,10521,4771
2021-02-13 00:00:00,47105.51563,30877,53974,573,5422,4404,170379,30825,4,505,10525,4772
2021-02-14 00:00:00,48717.28906,30885,54031,572,5426,4411,170349,30851,4,503,10529,4772
2021-02-15 00:00:00,47945.05859,30901,54192,573,5429,4422,170364,30863,4,502,10532,4777
2021-02-16 00:00:00,49199.87109,30920,54374,574,5432,4441,170373,30893,4,502,10537,4776
2021-02-17 00:00:00,52149.00781,30952,54429,575,5436,4445,170440,30913,4,500,10546,4780
2021-02-18 00:00:00,51679.79688,30973,54482,575,5441,4448,170553,30935,4,498,10551,4783
2021-02-19 00:00:00,55888.13281,31005,54525,573,5446,4444,170669,30968,4,492,10562,4789
2021-02-20 00:00:00,56099.51953,31029,54587,574,5446,4446,170695,30993,4,494,10564,4791
2021-02-21 00:00:00,57539.94531,31031,54643,573,5449,4453,170754,31018,4,499,10565,4794
2021-02-22 00:00:00,54207.32031,31062,54693,574,5453,4450,170798,31053,4,501,10568,4795
2021-02-23 00:00:00,48824.42578,31082,54774,578,5455,4448,171053,31082,4,503,10572,4796
2021-02-24 00:00:00,49705.33203,31112,54839,577,5459,4455,171076,31102,4,505,10579,4798
2021-02-25 00:00:00,47093.85156,31131,54899,579,5460,4458,171117,31131,4,502,10583,4800
2021-02-26 00:00:00,46339.76172,31145,54967,578,5462,4462,171172,31158,4,501,10587,4800
2021-02-27 00:00:00,46188.45313,31157,55011,579,5464,4468,171168,31181,4,499,10591,4800
2021-02-28 00:00:00,45137.76953,31162,55056,579,5468,4468,171195,31195,4,502,10593,4800
2021-03-01 00:00:00,49631.24219,31168,55099,579,5470,4469,171246,31213,4,504,10595,4801
2021-03-02 00:00:00,48378.98828,31200,55157,578,5472,4470,171352,31230,4,508,10601,4802
2021-03-03 00:00:00,50538.24219,31222,55206,578,5476,4471,171388,31247,4,506,10611,4807
2021-03-04 00:00:00,48561.16797,31256,55273,579,5479,4470,171492,31256,4,504,10617,4808
2021-03-05 00:00:00,48927.30469,31291,55309,581,5482,4471,171830,31273,4,502,10625,4809
2021-03-06 00:00:00,48912.38281,31294,55344,581,5482,4477,171847,31283,4,509,10626,4810
2021-03-07 00:00:00,51206.69141,31302,55375,582,5482,4480,171847,31296,4,508,10627,4811
2021-03-08 00:00:00,52246.52344,31312,55413,583,5484,4477,171929,31321,4,509,10630,4812
2021-03-09 00:00:00,54824.11719,31330,55459,574,5495,4478,171968,31327,4,515,10635,4812
2021-03-10 00:00:00,56008.55078,31341,55504,573,5496,4476,171993,31340,4,518,10640,4813
2021-03-11 00:00:00,57805.12109,31368,55553,574,5498,4477,172047,31351,4,522,10642,4814
2021-03-12 00:00:00,57332.08984,31382,55584,572,5500,4479,172051,31362,4,526,10646,4815
2021-03-13 00:00:00,61243.08594,31382,55614,569,5503,4484,172051,31372,4,529,10646,4815
2021-03-14 00:00:00,59302.31641,31385,55654,569,5504,4486,172075,31387,4,533,10647,4816
2021-03-15 00:00:00,55907.19922,31403,55696,570,5503,4485,172120,31409,4,532,10652,4817
2021-03-16 00:00:00,56804.90234,31446,55737,571,5504,4488,172347,31420,4,520,10667,4820
2021-03-17 00:00:00,58870.89453,31462,55767,570,5513,4491,172379,31438,4,518,10672,4820
2021-03-18 00:00:00,57858.92188,31475,55816,568,5518,4490,172541,31455,4,516,10677,4823
2021-03-19 00:00:00,58346.65234,31488,55841,567,5521,4486,172622,31471,4,520,10680,4824
2021-03-20 00:00:00,58313.64453,31506,55871,566,5525,4488,172674,31483,4,519,10686,4827
2021-03-21 00:00:00,57523.42188,31514,55911,566,5526,4490,172642,31506,4,518,10691,4827
2021-03-22 00:00:00,54529.14453,31520,55956,566,5529,4491,172533,31522,4,521,10694,4828
2021-03-23 00:00:00,54738.94531,31532,55995,568,5530,4490,172639,31528,4,519,10700,4830
2021-03-24 00:00:00,52774.26563,31546,56035,568,5533,4489,172705,31546,4,516,10706,4833
2021-03-25 00:00:00,51704.16016,31560,56070,568,5534,4488,172991,31563,4,516,10711,4833
2021-03-26 00:00:00,55137.3125,31564,56111,568,5534,4493,173065,31581,4,513,10712,4839
2021-03-27 00:00:00,55973.51172,31568,56151,568,5534,4492,173066,31600,4,512,10713,4841
2021-03-28 00:00:00,55950.74609,31568,56196,571,5534,4500,173066,31610,4,515,10713,4841
2021-03-29 00:00:00,57750.19922,31591,56243,571,5534,4500,173072,31622,4,513,10718,4844
2021-03-30 00:00:00,58917.69141,31606,56277,573,5539,4499,173085,31641,4,511,10722,4844
2021-03-31 00:00:00,58918.83203,31636,56321,574,5542,4498,173164,31652,4,508,10728,4845
2021-04-01 00:00:00,59095.80859,31669,56358,573,5543,4500,173236,31659,4,502,10736,4848
2021-04-02 00:00:00,59384.3125,31679,56376,575,5544,4497,173231,31672,4,502,10739,4848
2021-04-03 00:00:00,57603.89063,31683,56407,575,5545,4501,173251,31686,4,507,10741,4851
2021-04-04 00:00:00,58758.55469,31685,56456,577,5545,4504,173544,31708,4,515,10742,4851
2021-04-05 00:00:00,59057.87891,31687,56633,577,5548,4516,173547,31737,4,522,10743,4851
2021-04-06 00:00:00,58192.35938,31737,56762,575,5552,4526,173708,31763,4,520,10755,4852
2021-04-07 00:00:00,56048.9375,31754,56882,576,5558,4531,173788,31787,4,516,10762,4855
2021-04-08 00:00:00,58323.95313,31762,56912,577,5558,4528,173822,31805,4,514,10765,4857
2021-04-09 00:00:00,58245.00391,31772,56947,579,5562,4530,173850,31828,4,513,10768,4857
2021-04-10 00:00:00,59793.23438,31774,56993,581,5565,4530,173853,31843,4,514,10769,4858
2021-04-11 00:00:00,60204.96484,31788,57022,580,5567,4535,173867,31853,4,512,10772,4859
2021-04-12 00:00:00,59893.45313,31788,57059,580,5568,4534,173891,31875,4,513,10773,4862
2021-04-13 00:00:00,63503.45703,31805,57098,581,5568,4536,173933,31894,4,514,10779,4863
2021-04-14 00:00:00,63109.69531,31829,57134,580,5572,4534,174122,31916,4,519,10785,4864
2021-04-15 00:00:00,63314.01172,31868,57182,583,5572,4537,174275,31932,4,514,10794,4869
2021-04-16 00:00:00,61572.78906,31870,57223,587,5573,4536,174319,31952,4,515,10798,4872
2021-04-17 00:00:00,60683.82031,31876,57270,588,5577,4537,175025,31970,4,523,10800,4872
2021-04-18 00:00:00,56216.18359,31892,57327,588,5578,4540,175057,31998,4,523,10801,4873
2021-04-19 00:00:00,55724.26563,31911,57401,588,5580,4536,175121,32023,4,520,10807,4873
2021-04-20 00:00:00,56473.03125,31938,57465,590,5581,4534,175343,32051,4,517,10813,4875
2021-04-21 00:00:00,53906.08984,31963,57525,588,5585,4533,175437,32086,4,512,10819,4877
2021-04-22 00:00:00,51762.27344,31973,57592,589,5586,4536,175421,32118,4,517,10821,4879
2021-04-23 00:00:00,51093.65234,31995,57642,588,5588,4535,175552,32144,4,514,10830,4881
2021-04-24 00:00:00,50050.86719,31995,57691,591,5590,4535,175552,32166,4,516,10830,4884
2021-04-25 00:00:00,49004.25391,31999,57737,591,5592,4537,175747,32191,4,516,10831,4884
2021-04-26 00:00:00,54021.75391,32015,57786,590,5594,4539,175788,32203,4,509,10835,4892
2021-04-27 00:00:00,55033.11719,32032,57834,588,5596,4542,175861,32222,4,510,10840,4892
2021-04-28 00:00:00,54824.70313,32040,57879,588,5597,4544,176114,32248,4,514,10844,4895
2021-04-29 00:00:00,53555.10938,32064,57925,589,5599,4547,176199,32263,4,510,10851,4897
2021-04-30 00:00:00,57750.17578,32081,57965,589,5600,4549,176215,32277,4,514,10854,4898
2021-05-01 00:00:00,57828.05078,32105,58008,587,5601,4548,176321,32301,4,515,10857,4897
2021-05-02 00:00:00,56631.07813,32113,58054,588,5603,4549,176385,32320,4,516,10860,4900
2021-05-03 00:00:00,57200.29297,32131,58105,587,5606,4550,176425,32344,4,514,10864,4906
2021-05-04 00:00:00,53333.53906,32152,58170,586,5608,4550,176477,32368,4,511,10871,4908
2021-05-05 00:00:00,57424.00781,32180,58224,586,5611,4554,176504,32395,4,508,10879,4916
2021-05-06 00:00:00,56396.51563,32221,58273,582,5616,4555,176818,32417,4,500,10893,4917
2021-05-07 00:00:00,57356.40234,32234,58323,582,5616,4555,176843,32449,4,501,10898,4917
2021-05-08 00:00:00,58803.77734,32236,58372,582,5618,4556,176846,32482,4,506,10899,4919
2021-05-09 00:00:00,58232.31641,32243,58438,588,5618,4557,176798,32502,4,509,10902,4920
2021-05-10 00:00:00,55859.79688,32265,58502,588,5620,4558,176827,32524,4,504,10909,4923
2021-05-11 00:00:00,56704.57422,32299,58562,587,5623,4563,177097,32561,4,500,10917,4928
2021-05-12 00:00:00,49150.53516,32324,58651,593,5622,4563,177081,32602,4,498,10924,4928
2021-05-13 00:00:00,49716.19141,32346,58729,591,5627,4562,177184,32624,4,500,10934,4927
2021-05-14 00:00:00,49880.53516,32357,58791,589,5629,4565,177220,32666,4,499,10939,4929
2021-05-15 00:00:00,46760.1875,32387,58833,589,5632,4568,177624,32709,4,496,10941,4933
2021-05-16 00:00:00,46456.05859,32389,58880,589,5637,4569,177625,32748,4,498,10942,4933
2021-05-17 00:00:00,43537.51172,32392,58968,590,5650,4568,177629,32783,4,501,10943,4936
2021-05-18 00:00:00,42909.40234,32448,59131,591,5644,4572,177771,32822,4,496,10949,4941
2021-05-19 00:00:00,37002.44141,32467,59184,589,5647,4571,177861,32846,4,490,10956,4943
2021-05-20 00:00:00,40782.73828,32485,59247,589,5648,4580,177978,32872,4,490,10961,4944
2021-05-21 00:00:00,37304.69141,32507,59295,589,5647,4580,178063,32891,4,494,10966,4944
2021-05-22 00:00:00,37536.63281,32509,59337,590,5647,4579,178159,32908,4,497,10967,4945
2021-05-23 00:00:00,34770.58203,32509,59368,591,5647,4580,178159,32928,4,497,10967,4947
2021-05-24 00:00:00,38705.98047,32525,59413,591,5661,4585,178194,32956,4,496,10971,4948
2021-05-25 00:00:00,38402.22266,32553,59472,589,5665,4589,178325,32980,4,498,10979,4949
2021-05-26 00:00:00,39294.19922,32592,59538,590,5670,4588,178457,33001,4,499,10987,4951
2021-05-27 00:00:00,38436.96875,32604,59589,592,5671,4586,178522,33026,4,503,10989,4955
2021-05-28 00:00:00,35697.60547,32636,59617,591,5674,4587,178661,33046,4,502,10995,4957
2021-05-29 00:00:00,34616.06641,32649,59654,590,5675,4585,178639,33073,4,507,10995,4957
2021-05-30 00:00:00,35678.12891,32654,59698,590,5676,4586,178681,33090,4,504,10996,4960
2021-05-31 00:00:00,37332.85547,32665,59736,591,5678,4585,178754,33110,4,500,11002,4964
2021-06-01 00:00:00,36684.92578,32690,59795,591,5680,4589,178913,33131,4,498,11007,4967
2021-06-02 00:00:00,37575.17969,32706,59834,593,5680,4587,179011,33148,4,498,11012,4968
2021-06-03 00:00:00,39208.76563,32733,59873,593,5683,4586,179633,33176,4,498,11019,4968
2021-06-04 00:00:00,36894.40625,32773,59905,592,5685,4583,179729,33192,4,493,11028,4971
2021-06-05 00:00:00,35551.95703,32779,59930,591,5688,4582,179849,32685,4,500,11031,4971
2021-06-06 00:00:00,35862.37891,32789,59952,591,5689,4584,179927,32702,4,504,11031,4971
2021-06-07 00:00:00,33560.70703,32799,59982,590,5692,4585,179913,32720,4,507,11035,4975
2021-06-08 00:00:00,33472.63281,32815,60010,592,5692,4585,180060,32751,4,507,11039,4975
2021-06-09 00:00:00,37345.12109,32845,60047,591,5694,4585,180145,32772,4,505,11045,4979
2021-06-10 00:00:00,36702.59766,32862,60082,593,5695,4585,180283,32781,4,504,11051,4982
2021-06-11 00:00:00,37334.39844,32881,60130,593,5696,4584,179835,32794,4,506,11057,4983
2021-06-12 00:00:00,35552.51563,32917,60165,593,5697,4588,179957,32817,4,500,11065,4984
2021-06-13 00:00:00,39097.85938,32934,60203,593,5697,4590,180087,32828,4,494,11073,4984
2021-06-14 00:00:00,40218.47656,32945,60262,595,5697,4590,180111,32853,4,495,11078,4985
2021-06-15 00:00:00,40406.26953,32986,60417,598,5697,4590,180219,32883,4,496,11084,4986
2021-06-16 00:00:00,38347.0625,32988,60525,599,5697,4586,180259,32898,4,500,11085,4988
2021-06-17 00:00:00,38053.50391,33005,60561,599,5701,4589,180272,32913,4,501,11090,4989
2021-06-18 00:00:00,35787.24609,33035,60593,597,5703,4589,180381,32925,4,495,11097,4995
2021-06-19 00:00:00,35615.87109,33052,60635,598,5703,4588,180588,32939,4,492,11103,4996
2021-06-20 00:00:00,35698.29688,33052,60663,596,5705,4588,180588,32957,4,495,11103,4998
2021-06-21 00:00:00,31676.69336,33061,60685,597,5705,4591,180605,32973,4,496,11106,4999
2021-06-22 00:00:00,32505.66016,33073,60717,597,5706,4588,180640,32983,4,500,11110,5006
2021-06-23 00:00:00,33723.02734,33089,60751,598,5710,4590,180713,32988,4,506,11115,5007
2021-06-24 00:00:00,34662.4375,33132,60773,596,5714,4593,180919,33003,4,500,11124,5008
2021-06-25 00:00:00,31637.7793,33138,60793,593,5717,4595,180983,33011,4,502,11127,5008
2021-06-26 00:00:00,32186.27734,33140,60811,594,5717,4598,180981,33017,4,505,11128,5008
2021-06-27 00:00:00,34649.64453,33140,60837,594,5717,4600,180981,33035,4,507,11128,5010
2021-06-28 00:00:00,34434.33594,33144,60859,596,5720,4602,180987,33052,4,510,11129,5014
2021-06-29 00:00:00,35867.77734,33154,60886,598,5721,4602,181041,33061,4,512,11133,5014
2021-06-30 00:00:00,35040.83594,33160,60912,593,5728,4601,181072,33075,4,512,11135,5017
2021-07-01 00:00:00,33572.11719,33192,60932,592,5728,4600,181263,33079,4,502,11142,5023
2021-07-02 00:00:00,33897.04688,33211,60963,593,5731,4601,181250,33094,4,505,11145,5024
2021-07-03 00:00:00,34668.54688,33223,60989,593,5732,4599,181238,33098,4,484,11151,5041
2021-07-04 00:00:00,35287.78125,33223,61006,595,5731,4599,181238,33110,4,485,11151,5041
2021-07-05 00:00:00,33746.00391,33227,61028,595,5732,4599,181484,33123,4,486,11152,5041
2021-07-06 00:00:00,34235.19531,33238,61050,594,5727,4600,181520,33136,4,487,11154,5043
2021-07-07 00:00:00,33855.32813,33251,61072,594,5728,4600,181662,33153,4,483,11157,5047
2021-07-08 00:00:00,32877.37109,33253,61097,590,5734,4596,181688,33154,4,483,11159,5048
2021-07-09 00:00:00,33798.01172,33282,61119,590,5734,4594,181779,33165,4,479,11165,5050
2021-07-10 00:00:00,33520.51953,33285,61135,590,5734,4596,181783,33178,4,480,11166,5050
2021-07-11 00:00:00,34240.1875,33285,61155,593,5735,4598,181783,33183,4,483,11166,5050
2021-07-12 00:00:00,33155.84766,33291,61172,593,5736,4599,181804,33188,4,483,11169,5050
2021-07-13 00:00:00,32702.02539,33295,61192,594,5736,4598,181822,33200,4,476,11171,5057
2021-07-14 00:00:00,32822.34766,33307,61216,594,5738,4597,181900,33211,4,480,11172,5059
2021-07-15 00:00:00,31780.73047,33320,61236,597,5738,4596,182969,33229,4,485,11176,5059
2021-07-16 00:00:00,31421.53906,33339,61249,601,5740,4597,183042,33238,4,481,11181,5065
2021-07-17 00:00:00,31533.06836,33339,61270,603,5743,4598,183042,33252,4,484,11181,5065
2021-07-18 00:00:00,31796.81055,33361,61282,602,5746,4596,183104,33261,4,480,11188,5067
2021-07-19 00:00:00,30817.83203,33367,61306,603,5749,4595,183158,33268,4,486,11189,5066
2021-07-20 00:00:00,29807.34766,33394,61321,601,5753,4597,183197,33276,4,483,11196,5068
2021-07-21 00:00:00,32110.69336,33465,61347,597,5757,4598,183318,33279,4,473,11212,5074
2021-07-22 00:00:00,32313.10547,33474,61385,602,5757,4600,184267,33288,4,476,11215,5075
2021-07-23 00:00:00,33581.55078,33496,61396,602,5759,4599,184472,33302,4,477,11222,5075
2021-07-24 00:00:00,34292.44531,33498,61413,603,5759,4597,184474,33308,4,478,11223,5075
2021-07-25 00:00:00,35350.1875,33509,61435,603,5759,4605,184495,33316,4,477,11228,5075
2021-07-26 00:00:00,37337.53516,33509,61457,605,5761,4604,184495,33324,4,482,11228,5076
2021-07-27 00:00:00,39406.94141,33516,61478,607,5761,4608,184563,33340,4,484,11231,5077
2021-07-28 00:00:00,39995.90625,33531,61509,607,5756,4609,184606,33352,4,484,11235,5077
2021-07-29 00:00:00,40008.42188,33567,61546,610,5757,4609,184710,33361,4,482,11244,5080
2021-07-30 00:00:00,42235.54688,33582,61562,611,5759,4610,184739,33368,4,479,11251,5081
2021-07-31 00:00:00,41626.19531,33584,61586,611,5759,4609,184767,33380,4,479,11252,5082
2021-08-01 00:00:00,39974.89453,33584,61595,614,5760,4609,184767,33388,4,480,11252,5083
2021-08-02 00:00:00,39201.94531,33603,61621,613,5761,4612,184850,33391,4,473,11258,5086
2021-08-03 00:00:00,38152.98047,33639,61637,614,5767,4611,185257,33408,4,465,11267,5092
2021-08-04 00:00:00,39747.50391,33642,61650,614,5767,4610,185211,33420,4,467,11268,5093
2021-08-05 00:00:00,40869.55469,33664,61677,614,5769,4612,185270,33422,4,468,11275,5095
2021-08-06 00:00:00,42816.5,33667,61697,619,5770,4612,185301,33438,4,475,11276,5096
2021-08-07 00:00:00,44555.80078,33673,61726,618,5774,4611,185316,33453,4,478,11278,5098
2021-08-08 00:00:00,43798.11719,33673,61734,618,5774,4613,185316,33458,4,480,11278,5098
2021-08-09 00:00:00,46365.40234,33695,61748,618,5775,4612,185423,33466,4,477,11284,5099
2021-08-10 00:00:00,45585.03125,33697,61785,619,5775,4613,185386,33477,4,477,11285,5103
2021-08-11 00:00:00,45593.63672,33703,61806,619,5777,4613,185408,33487,4,475,11287,5105
2021-08-12 00:00:00,44428.28906,33712,61842,618,5781,4610,185859,33505,4,478,11287,5106
2021-08-13 00:00:00,47793.32031,33719,61869,619,5782,4612,185910,33517,4,483,11287,5107
2021-08-14 00:00:00,47096.94531,33723,61898,619,5783,4612,185917,33527,4,485,11289,5107
2021-08-15 00:00:00,47047.00391,33725,61930,619,5783,4611,185922,33547,4,486,11290,5108
2021-08-16 00:00:00,46004.48438,33740,62061,620,5785,4616,185958,33563,4,486,11296,5109
2021-08-17 00:00:00,44695.35938,33751,62142,622,5788,4618,185981,33575,4,484,11298,5116
2021-08-18 00:00:00,44801.1875,33757,62170,624,5787,4619,186059,33588,4,481,11302,5121
2021-08-19 00:00:00,46717.57813,33793,62186,624,5789,4619,186193,33602,4,476,11309,5127
2021-08-20 00:00:00,49339.17578,33820,62203,624,5791,4618,186241,33618,4,471,11318,5129
2021-08-21 00:00:00,48905.49219,33824,62228,625,5794,4617,186253,33624,4,472,11319,5130
2021-08-22 00:00:00,49321.65234,33828,62261,623,5797,4616,186242,33641,4,475,11321,5131
2021-08-23 00:00:00,49546.14844,33842,62295,620,5802,4622,186370,33652,4,473,11326,5132
2021-08-24 00:00:00,47706.11719,33866,62322,622,5802,4625,186428,33661,4,479,11332,5132
2021-08-25 00:00:00,48960.78906,33868,62344,621,5805,4623,186438,33672,4,474,11333,5138
2021-08-26 00:00:00,46942.21875,33891,62374,620,5809,4626,186507,33688,4,470,11341,5138
2021-08-27 00:00:00,49058.66797,33907,62406,621,5810,4630,187044,33699,4,471,11346,5141
2021-08-28 00:00:00,48902.40234,33909,62432,622,5811,4632,187132,33715,4,472,11350,5141
2021-08-29 00:00:00,48829.83203,33909,62449,622,5812,4629,187132,33729,4,473,11350,5141
2021-08-30 00:00:00,47054.98438,33920,62477,622,5812,4635,187195,33739,4,468,11355,5144
2021-08-31 00:00:00,47166.6875,33935,62509,621,5814,4633,187269,33746,4,473,11359,5145
2021-09-01 00:00:00,48847.02734,33967,62532,622,5815,4631,187456,33758,4,475,11367,5146
2021-09-02 00:00:00,49327.72266,33999,62556,622,5815,4630,187547,33767,4,465,11379,5151
2021-09-03 00:00:00,50025.375,34008,62579,626,5817,4633,187610,33775,4,468,11382,5152
2021-09-04 00:00:00,49944.625,34013,62599,626,5819,4634,187623,33787,4,469,11384,5154
2021-09-05 00:00:00,51753.41016,34017,62626,627,5820,4630,187635,33788,4,472,11385,5155
2021-09-06 00:00:00,52633.53516,34044,62644,626,5823,4631,187782,33795,4,468,11395,5155
2021-09-07 00:00:00,46811.12891,34059,62675,623,5826,4632,187839,33803,4,470,11399,5157
2021-09-08 00:00:00,46091.39063,34066,62696,623,5826,4633,187859,33820,4,476,11402,5158
2021-09-09 00:00:00,46391.42188,34083,62723,622,5828,4632,187990,33833,4,475,11412,5159
2021-09-10 00:00:00,44883.91016,34123,62752,622,5830,4625,188234,33850,4,468,11423,5161
2021-09-11 00:00:00,45201.45703,34126,62761,623,5831,4624,188242,33859,4,476,11424,5164
2021-09-12 00:00:00,46063.26953,34126,62782,623,5831,4624,188242,33868,4,479,11424,5164
2021-09-13 00:00:00,44963.07422,34130,62801,623,5832,4624,188266,33877,4,483,11424,5165
2021-09-14 00:00:00,47092.49219,34140,62829,623,5836,4624,188277,33890,4,484,11426,5168
2021-09-15 00:00:00,48176.34766,34142,62872,626,5836,4625,188282,33903,4,488,11426,5172
2021-09-16 00:00:00,47783.35938,34154,62903,624,5842,4624,188419,33916,4,487,11430,5177
2021-09-17 00:00:00,47267.51953,34185,62919,625,5844,4625,188915,33926,4,485,11439,5184
2021-09-18 00:00:00,48278.36328,34190,62941,625,5845,4626,188941,33931,4,488,11440,5187
2021-09-19 00:00:00,47260.21875,34190,62973,627,5844,4627,188941,33939,4,490,11440,5188
2021-09-20 00:00:00,42843.80078,34194,62992,626,5847,4627,188978,33958,4,496,11442,5190
2021-09-21 00:00:00,40693.67578,34224,63003,626,5849,4628,189134,33974,4,488,11453,5194
2021-09-22 00:00:00,43574.50781,34237,63021,624,5854,4627,189154,33999,4,488,11457,5192
2021-09-23 00:00:00,44895.09766,34252,63041,625,5855,4629,189205,34004,4,485,11464,5195
2021-09-24 00:00:00,42839.75,34275,63076,625,5856,4628,189256,34019,4,489,11468,5197
2021-09-25 00:00:00,42716.59375,34298,63099,624,5860,4625,189365,34026,4,492,11473,5196
2021-09-26 00:00:00,43208.53906,34304,63126,623,5862,4625,189393,34036,4,496,11474,5196
2021-09-27 00:00:00,42235.73047,34313,63158,625,5860,4625,189423,34038,4,500,11478,5191
2021-09-28 00:00:00,41034.54297,34344,63182,624,5864,4626,191416,34048,4,494,11489,5196
2021-09-29 00:00:00,41564.36328,34384,63203,625,5863,4633,191678,34063,4,492,11498,5201
2021-09-30 00:00:00,43790.89453,34418,63234,625,5866,4633,191907,34089,4,492,11504,5203
2021-10-01 00:00:00,48116.94141,34452,63258,625,5867,4633,192040,34101,4,488,11510,5210
2021-10-02 00:00:00,47711.48828,34454,63278,626,5869,4633,192050,34106,4,492,11511,5210
2021-10-03 00:00:00,48199.95313,34456,63304,626,5871,4633,192061,34118,4,491,11512,5211
2021-10-04 00:00:00,49112.90234,34466,63320,617,5883,4634,192153,34125,4,486,11515,5218
2021-10-05 00:00:00,51514.8125,34480,63344,617,5886,4635,192305,34139,4,489,11520,5219
2021-10-06 00:00:00,55361.44922,34502,63371,623,5888,4635,192471,34152,4,495,11524,5224
2021-10-07 00:00:00,53805.98438,34525,63392,621,5890,4632,192521,34172,4,497,11531,5225
2021-10-08 00:00:00,53967.84766,34540,63412,620,5891,4632,192598,34181,4,497,11536,5226
2021-10-09 00:00:00,54968.22266,34542,63429,621,5894,4635,192646,34189,4,500,11536,5227
2021-10-10 00:00:00,54771.57813,34542,63460,621,5896,4638,192646,34199,4,500,11536,5227
2021-10-11 00:00:00,57484.78906,34554,63510,623,5897,4639,192627,34210,4,498,11541,5229
2021-10-12 00:00:00,56041.05859,34563,63627,623,5903,4644,192648,34227,4,498,11544,5229
2021-10-13 00:00:00,57401.09766,34580,63737,623,5901,4652,192946,34247,4,497,11549,5229
2021-10-14 00:00:00,57321.52344,34588,63782,623,5904,4649,193087,34260,4,498,11551,5231
2021-10-15 00:00:00,61593.94922,34606,63809,624,5906,4647,193165,34275,4,496,11556,5232
2021-10-16 00:00:00,60892.17969,34616,63839,624,5908,4647,193221,34287,4,495,11561,5233
2021-10-17 00:00:00,61553.61719,34621,63873,623,5910,4649,193232,34292,4,495,11562,5234
2021-10-18 00:00:00,62026.07813,34627,63912,625,5910,4651,193255,34306,4,496,11564,5234
2021-10-19 00:00:00,64261.99219,34643,63942,625,5910,4653,195064,34318,4,497,11569,5234
2021-10-20 00:00:00,65992.83594,34664,63981,627,5911,4653,195275,34326,4,502,11575,5236
2021-10-21 00:00:00,62210.17188,34688,64012,628,5911,4653,195362,34334,4,496,11587,5237
2021-10-22 00:00:00,60692.26563,34715,64051,625,5914,4653,195439,34349,4,485,11599,5244
2021-10-23 00:00:00,61393.61719,34743,64078,622,5918,4653,195263,34354,4,478,11607,5246
2021-10-24 00:00:00,60930.83594,34743,64099,622,5918,4654,195263,34374,4,479,11607,5246
2021-10-25 00:00:00,63039.82422,34746,64118,622,5921,4655,195263,34393,4,483,11608,5246
2021-10-26 00:00:00,60363.79297,34767,64139,624,5926,4654,195339,34409,4,481,11613,5246
2021-10-27 00:00:00,58482.38672,34773,64176,629,5924,4655,195447,34425,4,480,11616,5249
2021-10-28 00:00:00,60622.13672,34773,64206,629,5928,4660,195447,34435,4,486,11616,5249
2021-10-29 00:00:00,62227.96484,34782,64237,626,5932,4661,195486,34451,4,484,11620,5250
2021-10-30 00:00:00,61888.83203,34784,64260,625,5939,4656,195495,34471,4,486,11621,5251
2021-10-31 00:00:00,61318.95703,34784,64323,626,5939,4657,195495,34488,4,492,11621,5253
2021-11-01 00:00:00,61004.40625,34793,64362,625,5940,4658,195543,34507,4,491,11623,5253
2021-11-02 00:00:00,63226.40234,34798,64482,625,5941,4661,195562,34521,4,493,11625,5254
2021-11-03 00:00:00,62970.04688,34808,64524,623,5946,4660,195595,34535,4,494,11629,5263
2021-11-04 00:00:00,61452.23047,34812,64564,623,5947,4657,195600,34552,4,496,11630,5264
2021-11-05 00:00:00,61125.67578,34829,64597,623,5948,4655,195687,34563,4,494,11635,5267
2021-11-06 00:00:00,61527.48047,34829,64624,623,5949,4658,195687,34576,4,500,11635,5268
2021-11-07 00:00:00,63326.98828,34829,64667,624,5949,4661,195687,34597,4,503,11635,5271
2021-11-08 00:00:00,67566.82813,34846,64760,624,5951,4660,195733,34616,4,499,11642,5275
2021-11-09 00:00:00,66971.82813,34867,64871,622,5954,4660,195810,34636,4,500,11645,5278
2021-11-10 00:00:00,64995.23047,34887,64916,622,5956,4659,195850,34648,4,495,11649,5283
2021-11-11 00:00:00,64949.96094,34910,64949,621,5958,4658,195935,34672,4,490,11654,5285
2021-11-12 00:00:00,64155.94141,34937,64981,622,5960,4659,196446,34677,4,491,11660,5285
2021-11-13 00:00:00,64469.52734,34958,65011,622,5960,4659,196487,34687,4,499,11662,5286
2021-11-14 00:00:00,65466.83984,34967,65057,622,5958,4663,196821,34706,4,498,11666,5288
2021-11-15 00:00:00,63557.87109,34977,65121,622,5959,4665,196849,34721,4,495,11671,5290
2021-11-16 00:00:00,60161.24609,35027,65219,618,5963,4663,197140,34729,4,484,11687,5295
2021-11-17 00:00:00,60368.01172,35046,65269,618,5966,4663,197178,34737,4,483,11695,5297
2021-11-18 00:00:00,56942.13672,35058,65310,619,5967,4665,197236,34753,4,482,11699,5299
2021-11-19 00:00:00,58119.57813,35058,65364,619,5968,4667,197236,34762,4,490,11699,5300
2021-11-20 00:00:00,59697.19531,35060,65400,621,5968,4671,197238,34779,4,494,11700,5301
2021-11-21 00:00:00,58730.47656,35064,65438,621,5967,4672,197248,34796,4,494,11702,5303
2021-11-22 00:00:00,56289.28906,35088,65479,621,5971,4671,197375,34808,4,488,11708,5305
2021-11-23 00:00:00,57569.07422,35099,65516,619,5971,4668,197431,34828,4,486,11710,5309
2021-11-24 00:00:00,56280.42578,35107,65555,619,5971,4672,197469,34841,4,491,11713,5308
2021-11-25 00:00:00,57274.67969,35129,65598,621,5973,4675,197533,34858,4,489,11718,5310
2021-11-26 00:00:00,53569.76563,35143,65644,621,5974,4679,197704,34868,4,492,11723,5311
2021-11-27 00:00:00,54815.07813,35145,65686,623,5974,4678,197729,34877,4,499,11724,5312
2021-11-28 00:00:00,57248.45703,35150,65724,623,5976,4681,197744,34892,4,499,11726,5312
2021-11-29 00:00:00,57806.56641,35155,65788,624,5979,4683,197754,34907,4,500,11728,5315
2021-11-30 00:00:00,57005.42578,35170,65893,624,5980,4684,197820,34928,4,501,11734,5316
2021-12-01 00:00:00,57229.82813,35192,65929,626,5979,4683,198415,34943,4,498,11743,5317
2021-12-02 00:00:00,56477.81641,35213,65960,627,5980,4686,198569,34955,4,494,11750,5318
2021-12-03 00:00:00,53598.24609,35251,65996,627,5983,4687,198865,34977,4,489,11757,5323
2021-12-04 00:00:00,49200.70313,35269,66026,628,5984,4687,198895,34997,4,490,11758,5329
2021-12-05 00:00:00,49368.84766,35272,66055,628,5985,4687,198928,35012,4,495,11758,5330
2021-12-06 00:00:00,50582.625,35290,66110,625,5989,4688,198949,35025,4,496,11762,5330
2021-12-07 00:00:00,50700.08594,35325,66156,624,5993,4687,199089,35041,4,482,11779,5331
2021-12-08 00:00:00,50504.79688,35359,66197,621,6000,4684,199301,35060,4,479,11790,5332
2021-12-09 00:00:00,47672.12109,35376,66231,620,6005,4687,199425,35078,4,483,11798,5333
2021-12-10 00:00:00,47243.30469,35414,66244,620,6009,4684,199609,35088,4,475,11810,5335
2021-12-11 00:00:00,49362.50781,35466,66272,618,6017,4684,199812,35104,4,474,11817,5336
2021-12-12 00:00:00,50098.33594,35466,66298,619,6020,4685,199812,35116,4,474,11817,5337
2021-12-13 00:00:00,46737.48047,35486,66348,620,6021,4685,199882,35138,4,474,11824,5340
2021-12-14 00:00:00,46612.63281,35494,66376,620,6023,4688,199914,35153,4,472,11828,5340
2021-12-15 00:00:00,48896.72266,35523,66414,621,6025,4688,200470,35173,4,466,11837,5343
2021-12-16 00:00:00,47665.42578,35572,66439,624,6026,4691,201163,35199,4,455,11851,5347
2021-12-17 00:00:00,46202.14453,35580,66477,623,6028,4694,201163,35212,4,458,11853,5348
2021-12-18 00:00:00,46848.77734,35608,66499,624,6032,4694,204580,35225,4,461,11860,5349
2021-12-19 00:00:00,46707.01563,35622,66522,625,6032,4698,204611,35235,4,455,11864,5353
2021-12-20 00:00:00,46880.27734,35642,66541,624,6022,4697,204672,35242,4,447,11871,5355
2021-12-21 00:00:00,48936.61328,35648,66580,624,6021,4696,204707,35255,4,446,11874,5358
2021-12-22 00:00:00,48628.51172,35651,66610,625,6021,4695,204732,35267,4,451,11874,5359
2021-12-23 00:00:00,50784.53906,35653,66640,628,6023,4692,204718,35281,4,455,11875,5359
2021-12-24 00:00:00,50822.19531,35661,66667,629,6024,4695,204743,35296,4,456,11879,5358
2021-12-25 00:00:00,50429.85938,35663,66700,628,6025,4698,204748,35302,4,456,11880,5359
2021-12-26 00:00:00,50809.51563,35668,66734,627,6026,4698,204763,35313,4,459,11882,5359
2021-12-27 00:00:00,50640.41797,35676,66805,627,6027,4701,204792,35328,4,456,11885,5363
2021-12-28 00:00:00,47588.85547,35682,66892,629,6027,4703,204792,35348,4,458,11888,5367
2021-12-29 00:00:00,46444.71094,35686,66927,629,6027,4702,204815,35365,4,457,11890,5367
2021-12-30 00:00:00,47178.125,35697,66960,629,6030,4704,205061,35381,4,455,11895,5368
2021-12-31 00:00:00,46306.44531,35701,66982,631,6031,4705,205121,35394,4,457,11896,5372
2022-01-01 00:00:00,47686.8125,35703,67008,632,6031,4707,205129,35402,4,459,11897,5372
2022-01-02 00:00:00,47345.21875,35714,67032,631,6032,4705,205190,35414,4,460,11901,5373
2022-01-03 00:00:00,46458.11719,35728,67073,631,6033,4707,205138,35430,4,459,11906,5374
2022-01-04 00:00:00,45897.57422,35744,67105,633,6030,4711,205579,35449,4,463,11912,5378
2022-01-05 00:00:00,43569.00391,35783,67137,632,6031,4709,205707,35468,4,458,11924,5379
2022-01-06 00:00:00,43160.92969,35802,67163,632,6032,4710,205818,35470,4,452,11932,5380
2022-01-07 00:00:00,41557.90234,35846,67195,635,6035,4712,205972,35484,4,446,11944,5382
2022-01-08 00:00:00,41733.94141,35851,67234,636,6038,4710,206003,35495,4,448,11946,5383
2022-01-09 00:00:00,41911.60156,35851,67268,637,6036,4711,206003,35509,4,452,11946,5383
2022-01-10 00:00:00,41821.26172,35861,67295,635,6039,4712,206072,35523,4,452,11948,5384
2022-01-11 00:00:00,42735.85547,35870,67337,636,6042,4713,206218,35549,4,460,11951,5384
2022-01-12 00:00:00,43949.10156,35876,67384,638,6051,4713,206235,35564,4,460,11954,5388
2022-01-13 00:00:00,42591.57031,35888,67417,639,6055,4713,206325,35581,4,464,11956,5389
2022-01-14 00:00:00,43099.69922,35896,67463,639,6052,4715,206387,35598,4,467,11958,5391
2022-01-15 00:00:00,43177.39844,35896,67503,637,6058,4715,206387,35608,4,468,11958,5393
2022-01-16 00:00:00,43113.87891,35917,67530,637,6058,4715,207982,35622,4,462,11967,5394
2022-01-17 00:00:00,42250.55078,35942,67622,637,6058,4716,208160,35651,4,456,11975,5396
2022-01-18 00:00:00,42375.63281,35942,67690,631,6065,4722,208160,35674,4,460,11975,5397
2022-01-19 00:00:00,41744.32813,35948,67714,629,6070,4718,208171,35694,4,458,11978,5400
2022-01-20 00:00:00,40680.41797,35960,67744,629,6073,4721,208297,35715,4,459,11983,5400
2022-01-21 00:00:00,36457.31641,35967,67773,622,6083,4726,208321,35736,4,465,11986,5401
2022-01-22 00:00:00,35030.25,35967,67791,622,6082,4725,208321,35752,4,468,11986,5402
2022-01-23 00:00:00,36276.80469,35973,67826,622,6082,4723,208349,35763,4,469,11987,5402
2022-01-24 00:00:00,36654.32813,35985,67857,621,6083,4720,208386,35772,4,473,11991,5402
2022-01-25 00:00:00,36954.00391,36002,67880,619,6086,4721,208474,35790,4,477,11996,5404
2022-01-26 00:00:00,36852.12109,36030,67911,617,6089,4721,208581,35809,4,485,12003,5406
2022-01-27 00:00:00,37138.23438,36052,67936,617,6091,4720,208692,35830,4,488,12008,5407
2022-01-28 00:00:00,37784.33203,36069,67960,618,6092,4723,208834,35853,4,491,12011,5413
2022-01-29 00:00:00,38138.17969,36076,67993,618,6094,4726,208891,35858,4,495,12012,5415
2022-01-30 00:00:00,37917.60156,36076,68016,618,6094,4726,208891,35866,4,499,12012,5415
2022-01-31 00:00:00,38483.125,36100,68043,619,6095,4725,208989,35882,4,493,12021,5419
2022-02-01 00:00:00,38743.27344,36113,68069,618,6097,4725,209023,35895,4,495,12026,5421
2022-02-02 00:00:00,36952.98438,36119,68101,619,6099,4726,209049,35903,4,502,12028,5422
2022-02-03 00:00:00,37154.60156,36135,68121,621,6099,4724,209086,35918,4,503,12034,5425
2022-02-04 00:00:00,41500.875,36151,68162,622,6101,4726,209245,35931,4,505,12037,5427
2022-02-05 00:00:00,41441.16406,36163,68189,622,6102,4725,209271,35943,4,505,12042,5429
2022-02-06 00:00:00,42412.43359,36163,68225,622,6103,4725,209282,35965,4,508,12042,5434
2022-02-07 00:00:00,43840.28516,36169,68258,623,6104,4729,209255,35979,4,510,12044,5435
2022-02-08 00:00:00,44118.44531,36177,68279,624,6106,4726,209290,35990,4,509,12048,5435
2022-02-09 00:00:00,44338.79688,36195,68316,623,6107,4724,209328,36001,4,510,12055,5435
2022-02-10 00:00:00,43565.11328,36214,68353,624,6107,4724,209409,36029,4,513,12061,5438
2022-02-11 00:00:00,42407.9375,36218,68374,625,6107,4726,209418,36045,4,513,12063,5440
2022-02-12 00:00:00,42244.46875,36225,68405,628,6107,4727,209442,36060,4,515,12066,5441
2022-02-13 00:00:00,42197.51563,36232,68420,628,6109,4728,209460,36069,4,512,12069,5442
2022-02-14 00:00:00,42586.91797,36248,68439,626,6112,4729,209508,36080,4,511,12074,5442
2022-02-15 00:00:00,44575.20313,36283,68469,624,6115,4731,209663,36087,4,511,12084,5444
2022-02-16 00:00:00,43961.85938,36286,68501,624,6116,4731,209667,36102,4,511,12085,5445
2022-02-17 00:00:00,40538.01172,36297,68535,624,6117,4733,209711,36112,4,516,12089,5447
2022-02-18 00:00:00,40030.97656,36310,68570,624,6119,4731,209768,36126,4,522,12094,5448
2022-02-19 00:00:00,40122.15625,36317,68593,628,6119,4733,209788,36138,4,523,12097,5450
2022-02-20 00:00:00,38431.37891,36327,68622,627,6122,4731,209791,36149,4,520,12101,5450
2022-02-21 00:00:00,37075.28125,36346,68661,627,6122,4732,209886,36161,4,518,12108,5449
2022-02-22 00:00:00,38286.02734,36373,68681,626,6126,4734,209995,36173,4,512,12117,5454
2022-02-23 00:00:00,37296.57031,36388,68708,625,6129,4733,210152,36187,4,515,12123,5456
2022-02-24 00:00:00,38332.60938,36401,68721,624,6132,4731,210193,36196,4,514,12129,5457
2022-02-25 00:00:00,39214.21875,36417,68745,622,6134,4730,210295,36202,4,510,12133,5458
2022-02-26 00:00:00,39105.14844,36422,68772,622,6135,4732,210315,36210,4,507,12135,5461
2022-02-27 00:00:00,37709.78516,36422,68784,622,6136,4732,210315,36218,4,508,12135,5463
2022-02-28 00:00:00,43193.23438,36437,68803,621,6138,4730,210384,36227,4,505,12140,5463
2022-03-01 00:00:00,44354.63672,36442,68826,620,6139,4729,210405,36230,4,506,12141,5464
2022-03-02 00:00:00,43924.11719,36465,68865,619,6143,4733,211492,36253,4,502,12148,5465
2022-03-03 00:00:00,42451.78906,36465,68891,619,6143,4732,211492,36260,4,507,12148,5465
2022-03-04 00:00:00,39137.60547,36479,68910,619,6145,4728,211645,36263,4,507,12151,5466
2022-03-05 00:00:00,39400.58594,36489,68922,619,6146,4727,211744,36270,4,505,12153,5467
2022-03-06 00:00:00,38419.98438,36491,68949,619,6152,4729,211763,36276,4,508,12153,5467
2022-03-07 00:00:00,38062.03906,36516,68976,619,6153,4731,211853,36286,4,501,12163,5470
2022-03-08 00:00:00,38737.26953,36523,69014,624,6153,4729,211912,36295,4,505,12166,5471
2022-03-09 00:00:00,41982.92578,36545,69034,621,6156,4728,212157,36298,4,502,12174,5474
2022-03-10 00:00:00,39437.46094,36561,69058,619,6159,4728,212260,36311,4,502,12182,5476
2022-03-11 00:00:00,38794.97266,36575,69077,619,6160,4729,212270,36316,4,500,12188,5478
2022-03-12 00:00:00,38904.01172,36585,69093,619,6162,4729,212319,36326,4,505,12192,5479
2022-03-13 00:00:00,37849.66406,36595,69118,620,6165,4731,212361,36349,4,503,12197,5479
2022-03-14 00:00:00,39666.75391,36599,69145,622,6166,4728,212374,36365,4,508,12199,5479
2022-03-15 00:00:00,39338.78516,36602,69162,621,6167,4729,212405,36376,4,512,12200,5481
2022-03-16 00:00:00,41143.92969,36610,69194,623,6169,4729,212456,36383,4,519,12203,5483
2022-03-17 00:00:00,40951.37891,36647,69207,621,6173,4731,212644,36395,4,523,12216,5484
2022-03-18 00:00:00,41801.15625,36652,69217,622,6173,4732,212629,36408,4,526,12218,5485
2022-03-19 00:00:00,42190.65234,36658,69231,621,6176,4733,212649,36418,4,525,12221,5488
2022-03-20 00:00:00,41247.82422,36662,69259,622,6174,4732,212675,36422,4,526,12221,5489
2022-03-21 00:00:00,41077.99609,36668,69350,622,6177,4738,212676,36437,4,524,12224,5492
2022-03-22 00:00:00,42358.80859,36683,69433,624,6178,4740,212721,36454,4,510,12230,5509
2022-03-23 00:00:00,42892.95703,36690,69500,625,6182,4741,212753,36463,4,512,12233,5513
2022-03-24 00:00:00,43960.93359,36722,69527,626,6184,4743,216188,36483,4,500,12247,5516
2022-03-25 00:00:00,44348.73047,36773,69546,624,6187,4742,216339,36495,4,491,12260,5523
2022-03-26 00:00:00,44500.82813,36803,69569,621,6191,4744,216486,36513,4,488,12270,5527
2022-03-27 00:00:00,46820.49219,36803,69586,621,6191,4745,216486,36549,4,489,12270,5530
2022-03-28 00:00:00,47128.00391,36820,69614,620,6192,4747,216524,36560,4,486,12277,5531
2022-03-29 00:00:00,47465.73047,36834,69640,621,6197,4746,216542,36573,4,487,12282,5532
2022-03-30 00:00:00,47062.66406,36854,69669,615,6205,4747,216602,36588,4,486,12290,5533
2022-03-31 00:00:00,45538.67578,36880,69697,610,6211,4744,216711,36603,4,482,12299,5535
2022-04-01 00:00:00,46281.64453,36891,69733,613,6211,4744,217149,36614,4,485,12305,5536
2022-04-02 00:00:00,45868.94922,36895,69753,613,6211,4745,217160,36618,4,487,12307,5538
2022-04-03 00:00:00,46453.56641,36902,69778,615,6213,4746,217170,36631,4,489,12309,5537
2022-04-04 00:00:00,46622.67578,36919,69799,614,6214,4748,217233,36649,4,492,12316,5537
2022-04-05 00:00:00,45555.99219,36944,69823,617,6215,4747,217324,36660,4,492,12323,5539
2022-04-06 00:00:00,43206.73828,36992,69836,616,6218,4746,217506,36671,4,482,12339,5542
2022-04-07 00:00:00,43503.84766,37014,69855,618,6220,4743,217580,36678,4,482,12346,5548
2022-04-08 00:00:00,42287.66406,37019,69886,619,6221,4743,217580,36690,4,487,12346,5550
2022-04-09 00:00:00,42782.13672,37024,69911,618,6220,4744,217911,36703,4,488,12349,5551
2022-04-10 00:00:00,42207.67188,37033,69935,619,6220,4745,220041,36726,4,491,12351,5551
2022-04-11 00:00:00,39521.90234,37039,70030,619,6222,4749,220098,36733,4,491,12354,5553
2022-04-12 00:00:00,40127.18359,37043,70117,617,6227,4749,220104,36752,4,494,12356,5554
2022-04-13 00:00:00,41166.73047,37055,70143,616,6228,4752,220162,36764,4,499,12356,5557
2022-04-14 00:00:00,39935.51563,37069,70162,609,6236,4752,220155,36774,4,498,12363,5560
2022-04-15 00:00:00,40553.46484,37101,70189,610,6236,4753,220334,36785,4,497,12370,5563
2022-04-16 00:00:00,40424.48438,37106,70218,609,6238,4758,220256,36794,4,501,12372,5564
2022-04-17 00:00:00,39716.95313,37108,70244,609,6234,4761,220256,36810,4,503,12373,5564
2022-04-18 00:00:00,40826.21484,37110,70268,610,6235,4762,220281,36822,4,504,12374,5568
2022-04-19 00:00:00,41502.75,37129,70302,612,6236,4763,220322,36838,4,503,12382,5574
2022-04-20 00:00:00,41374.37891,37158,70331,610,6240,4764,220425,36857,4,503,12390,5574
2022-04-21 00:00:00,40527.36328,37165,70356,610,6240,4763,220449,36875,4,503,12393,5579
2022-04-22 00:00:00,39740.32031,37177,70381,610,6242,4763,220537,36889,4,499,12398,5582
2022-04-23 00:00:00,39486.73047,37189,70403,614,6242,4762,220553,36900,4,500,12399,5585
2022-04-24 00:00:00,39469.29297,37191,70431,614,6242,4763,220571,36912,4,501,12400,5586
2022-04-25 00:00:00,40458.30859,37198,70453,612,6247,4760,220588,36924,4,506,12403,5588
2022-04-26 00:00:00,38117.46094,37232,70496,612,6252,4758,220689,36934,4,503,12417,5592
2022-04-27 00:00:00,39241.12109,37260,70530,609,6255,4758,220792,36947,4,481,12426,5607
2022-04-28 00:00:00,39773.82813,37298,70565,609,6258,4759,220786,36958,4,481,12432,5611
2022-04-29 00:00:00,38609.82422,37334,70590,607,6262,4761,221022,36966,4,481,12442,5613
2022-04-30 00:00:00,37714.875,37350,70606,609,6263,4761,221081,36970,4,483,12447,5619
2022-05-01 00:00:00,38469.09375,37352,70637,608,6264,4767,221081,36979,4,486,12448,5619
2022-05-02 00:00:00,38529.32813,37352,70672,610,6265,4766,221091,36987,4,488,12448,5619
2022-05-03 00:00:00,37750.45313,37366,70757,611,6267,4771,221202,36996,4,485,12454,5619
2022-05-04 00:00:00,39698.37109,37377,70781,610,6270,4771,221244,37006,4,480,12459,5620
2022-05-05 00:00:00,36575.14063,37415,70813,609,6272,4771,221394,37016,4,475,12468,5622
2022-05-06 00:00:00,36040.92188,37469,70836,608,6273,4765,221154,37025,4,448,12490,5632
2022-05-07 00:00:00,35501.95313,37469,70853,610,6273,4764,221165,37034,4,455,12490,5632
2022-05-08 00:00:00,34059.26563,37469,70880,609,6276,4765,221165,37043,4,457,12490,5633
2022-05-09 00:00:00,30296.95313,37473,70907,608,6278,4764,221222,37052,4,457,12492,5633
2022-05-10 00:00:00,31022.90625,37487,70936,608,6283,4764,221262,37060,4,463,12496,5635
2022-05-11 00:00:00,28936.35547,37489,70965,608,6283,4762,221266,37069,4,464,12497,5636
2022-05-12 00:00:00,29047.75195,37503,70989,607,6284,4762,221333,37074,4,464,12504,5637
2022-05-13 00:00:00,29283.10352,37524,71029,599,6293,4762,221475,37075,4,461,12510,5645
2022-05-14 00:00:00,30101.26563,37524,71058,602,6294,4762,221475,37085,4,464,12510,5645
2022-05-15 00:00:00,31305.11328,37526,71080,601,6297,4764,221684,37096,4,463,12511,5647
2022-05-16 00:00:00,29862.91797,37550,71111,602,6300,4764,221699,37109,4,458,12515,5650
2022-05-17 00:00:00,30425.85742,37575,71139,602,6303,4766,221771,37117,4,453,12525,5651
2022-05-18 00:00:00,28720.27148,37588,71185,600,6306,4769,221811,37139,4,458,12529,5653
2022-05-19 00:00:00,30314.33398,37615,71215,598,6309,4771,221925,37148,4,453,12538,5653
2022-05-20 00:00:00,29200.74023,37644,71243,598,6309,4772,222043,37154,4,449,12546,5654
2022-05-21 00:00:00,29432.22656,37659,71265,599,6311,4769,222172,37165,4,451,12550,5654
2022-05-22 00:00:00,30323.72266,37659,71291,599,6312,4769,222172,37175,4,451,12550,5656
2022-05-23 00:00:00,29098.91016,37667,71315,599,6312,4772,222126,37188,4,448,12552,5657
2022-05-24 00:00:00,29655.58594,37687,71347,600,6313,4772,222173,37205,4,446,12557,5658
2022-05-25 00:00:00,29562.36133,37714,71376,600,6319,4773,222236,37202,4,445,12563,5660
2022-05-26 00:00:00,29267.22461,37716,71398,600,6320,4774,222242,37211,4,453,12564,5661
2022-05-27 00:00:00,28627.57422,37739,71419,599,6320,4775,222298,37216,4,448,12573,5660
2022-05-28 00:00:00,28814.90039,37748,71436,599,6323,4777,222328,37230,4,449,12577,5659
2022-05-29 00:00:00,29445.95703,37748,71453,599,6323,4775,222328,37235,4,453,12577,5659
2022-05-30 00:00:00,31726.39063,37757,71468,599,6323,4777,222391,37237,4,455,12581,5663
2022-05-31 00:00:00,31792.31055,37776,71490,600,6323,4775,222515,37246,4,453,12588,5663
2022-06-01 00:00:00,29799.08008,37787,71510,597,6327,4774,222516,37245,4,453,12593,5663
2022-06-02 00:00:00,30467.48828,37800,71541,598,6328,4773,222567,37253,4,454,12598,5665
2022-06-03 00:00:00,29704.39063,37819,71571,597,6330,4774,222634,37256,4,449,12603,5668
2022-06-04 00:00:00,29832.91406,37819,71595,598,6330,4771,222634,37270,4,450,12603,5670
2022-06-05 00:00:00,29906.66211,37840,71617,598,6331,4772,222684,37268,4,450,12605,5671
2022-06-06 00:00:00,31370.67188,37842,71644,598,6332,4774,222674,37278,4,452,12605,5670
2022-06-07 00:00:00,31155.47852,37863,71656,595,6335,4774,222695,37288,4,454,12613,5670
2022-06-08 00:00:00,30214.35547,37878,71673,595,6335,4772,222759,37296,4,459,12619,5672
2022-06-09 00:00:00,30111.99805,37885,71693,593,6338,4776,222757,37306,4,465,12622,5673
2022-06-10 00:00:00,29083.80469,37891,71719,593,6341,4778,222788,37312,4,468,12626,5674
2022-06-11 00:00:00,28360.81055,37900,71742,594,6341,4783,222807,37325,4,464,12628,5676
2022-06-12 00:00:00,26762.64844,37902,71760,594,6342,4786,222807,37335,4,470,12628,5677
2022-06-13 00:00:00,22487.38867,37915,71789,594,6343,4785,222965,37345,4,475,12629,5678
2022-06-14 00:00:00,22206.79297,37935,71815,596,6344,4783,223017,37350,4,475,12637,5680
2022-06-15 00:00:00,22572.83984,37951,71839,597,6347,4780,223100,37357,4,471,12644,5682
2022-06-16 00:00:00,20381.65039,37966,71866,598,6349,4779,223135,37363,4,472,12649,5683
2022-06-17 00:00:00,20471.48242,37989,71887,598,6350,4781,223249,37373,4,469,12655,5684
2022-06-18 00:00:00,19017.64258,38011,71894,598,6353,4778,223304,37384,4,466,12661,5683
2022-06-19 00:00:00,20553.27148,38013,71915,598,6355,4779,223300,37406,4,469,12662,5683
2022-06-20 00:00:00,20599.53711,38015,71997,593,6363,4783,223322,37417,4,471,12663,5686
2022-06-21 00:00:00,20710.59766,38046,72067,593,6365,4781,223397,37428,4,475,12670,5687
2022-06-22 00:00:00,19987.0293,38078,72098,592,6366,4782,223516,37433,4,469,12682,5688
2022-06-23 00:00:00,21085.87695,38085,72122,594,6367,4781,223508,37441,4,473,12683,5690
2022-06-24 00:00:00,21231.65625,38092,72142,594,6367,4781,223522,37447,4,476,12686,5692
2022-06-25 00:00:00,21502.33789,38096,72166,594,6367,4780,223541,37450,4,478,12688,5683
2022-06-26 00:00:00,21027.29492,38096,72184,595,6368,4782,223541,37458,4,478,12688,5683
2022-06-27 00:00:00,20735.47852,38119,72202,596,6370,4780,223606,37456,4,475,12695,5683
2022-06-28 00:00:00,20280.63477,38138,72227,596,6370,4782,223665,37462,4,472,12702,5684
2022-06-29 00:00:00,20104.02344,38199,72240,596,6371,4781,223847,37471,4,474,12711,5684
2022-06-30 00:00:00,19784.72656,38206,72260,597,6371,4775,223874,37476,4,479,12714,5686
2022-07-01 00:00:00,19269.36719,38228,72274,598,6372,4776,224017,37489,4,477,12722,5693
2022-07-02 00:00:00,19242.25586,38232,72285,598,6372,4771,224040,37496,4,480,12724,5694
2022-07-03 00:00:00,19297.07617,38232,72296,600,6373,4771,224040,37501,4,484,12724,5694
2022-07-04 00:00:00,20231.26172,38234,72307,601,6374,4769,224058,37504,4,486,12725,5694
2022-07-05 00:00:00,20190.11523,38248,72332,600,6375,4770,224086,37506,4,486,12728,5694
2022-07-06 00:00:00,20548.24609,38254,72357,598,6379,4768,224108,37514,4,490,12731,5697
2022-07-07 00:00:00,21637.58789,38260,72372,599,6380,4767,224111,37515,4,492,12734,5699
2022-07-08 00:00:00,21731.11719,38290,72388,600,6376,4768,224216,37520,4,487,12744,5701
2022-07-09 00:00:00,21592.20703,38303,72399,600,6377,4767,224254,37527,4,489,12746,5702
2022-07-10 00:00:00,20860.44922,38303,72413,599,6378,4770,224254,37531,4,491,12746,5702
2022-07-11 00:00:00,19970.55664,38308,72433,600,6379,4771,224387,37541,4,490,12747,5705
2022-07-12 00:00:00,19323.91406,38328,72497,599,6381,4772,224431,37552,4,487,12754,5706
2022-07-13 00:00:00,20212.07422,38342,72524,599,6383,4772,224476,37561,4,490,12760,5706
2022-07-14 00:00:00,20569.91992,38359,72538,600,6383,4773,224528,37568,4,491,12765,5707
2022-07-15 00:00:00,20836.32813,38368,72561,600,6383,4772,224571,37571,4,494,12767,5708
2022-07-16 00:00:00,21190.31641,38375,72583,600,6383,4773,224600,37576,4,498,12769,5708
2022-07-17 00:00:00,20779.34375,38379,72604,601,6383,4772,224620,37582,4,498,12771,5709
2022-07-18 00:00:00,22485.68945,38388,72621,602,6383,4772,224646,37586,4,496,12774,5710
2022-07-19 00:00:00,23389.43359,38438,72637,605,6384,4772,224811,37598,4,492,12785,5712
2022-07-20 00:00:00,23231.73242,38467,72646,605,6384,4764,224865,37609,4,485,12793,5713
2022-07-21 00:00:00,23164.62891,38493,72672,606,6384,4766,224904,37613,4,490,12797,5716
2022-07-22 00:00:00,22714.97852,38503,72683,608,6384,4765,224944,37620,4,489,12801,5720
2022-07-23 00:00:00,22465.47852,38505,72699,609,6384,4765,224948,37631,4,493,12801,5722
2022-07-24 00:00:00,22609.16406,38505,72702,610,6384,4765,224948,37631,4,496,12801,5724
2022-07-25 00:00:00,21361.70117,38508,72716,611,6384,4768,224976,37637,4,492,12802,5733
2022-07-26 00:00:00,21239.75391,38561,72729,601,6395,4771,225197,37649,4,481,12822,5738
2022-07-27 00:00:00,22930.54883,38579,72749,600,6397,4771,225242,37659,4,480,12827,5742
2022-07-28 00:00:00,23843.88672,38581,72762,602,6397,4768,225255,37664,4,485,12828,5742
2022-07-29 00:00:00,23804.63281,38594,72784,601,6399,4768,225226,37669,4,488,12832,5742
2022-07-30 00:00:00,23656.20703,38602,72803,602,6402,4771,225285,37673,4,489,12836,5745
2022-07-31 00:00:00,23336.89648,38608,72816,604,6404,4771,225297,37675,4,495,12838,5746
2022-08-01 00:00:00,23314.19922,38631,72824,602,6408,4771,225355,37684,4,487,12846,5747
2022-08-02 00:00:00,22978.11719,38637,72836,599,6414,4770,225369,37693,4,483,12849,5751
2022-08-03 00:00:00,22846.50781,38659,72854,592,6421,4771,225454,37700,4,478,12853,5755
2022-08-04 00:00:00,22630.95703,38664,72872,577,6437,4770,225465,37704,4,480,12855,5755
2022-08-05 00:00:00,23289.31445,38687,72903,565,6449,4769,225550,37706,4,479,12862,5756
2022-08-06 00:00:00,22961.2793,38702,72914,554,6462,4770,225622,37708,4,477,12867,5760
2022-08-07 00:00:00,23175.89063,38702,72922,552,6465,4770,225622,37712,4,480,12867,5760
2022-08-08 00:00:00,23809.48633,38702,72951,545,6475,4770,225622,37726,4,483,12867,5762
2022-08-09 00:00:00,23164.31836,38711,72964,530,6491,4769,225772,37730,4,482,12871,5762
2022-08-10 00:00:00,23947.64258,38719,72979,518,6503,4769,225731,37736,4,481,12875,5762
2022-08-11 00:00:00,23957.5293,38740,72993,507,6515,4769,225846,37735,4,479,12883,5763
2022-08-12 00:00:00,24402.81836,38759,73005,492,6534,4769,225929,37741,4,476,12892,5764
2022-08-13 00:00:00,24424.06836,38759,73022,493,6534,4769,225929,37749,4,479,12892,5766
2022-08-14 00:00:00,24319.33398,38763,73034,485,6543,4773,225941,37758,4,479,12894,5767
2022-08-15 00:00:00,24136.97266,38771,73063,474,6556,4776,225955,37769,4,479,12896,5767
2022-08-16 00:00:00,23883.29102,38796,73127,473,6558,4777,226102,37784,4,476,12903,5771
2022-08-17 00:00:00,23335.99805,38810,73145,473,6560,4777,226139,37795,4,476,12905,5773
2022-08-18 00:00:00,23212.73828,38824,73157,472,6562,4775,226188,37797,4,474,12910,5775
2022-08-19 00:00:00,20877.55273,38835,73167,471,6565,4775,226219,37805,4,474,12914,5777
2022-08-20 00:00:00,21166.06055,38844,73190,473,6567,4778,226295,37813,4,476,12918,5779
2022-08-21 00:00:00,21534.12109,38844,73200,473,6571,4779,226295,37811,4,478,12920,5779
2022-08-22 00:00:00,21398.9082,38862,73220,474,6573,4779,226362,37820,4,473,12925,5781
2022-08-23 00:00:00,21528.08789,38873,73226,470,6578,4778,226393,37830,4,480,12927,5782
2022-08-24 00:00:00,21395.01953,38881,73250,471,6579,4781,226424,37833,4,482,12930,5782
2022-08-25 00:00:00,21600.9043,38895,73275,472,6580,4781,226468,37845,4,486,12935,5785
2022-08-26 00:00:00,20260.01953,38899,73288,472,6580,4783,226472,37854,4,487,12937,5787
2022-08-27 00:00:00,20041.73828,38914,73300,473,6580,4781,226562,37864,4,489,12941,5787
2022-08-28 00:00:00,19616.81445,38914,73328,473,6581,4782,226562,37864,4,490,12941,5788
2022-08-29 00:00:00,20297.99414,38914,73343,472,6583,4782,226562,37870,4,489,12941,5794
2022-08-30 00:00:00,19796.80859,38919,73364,474,6583,4777,226570,37884,4,492,12942,5795
2022-08-31 00:00:00,20049.76367,38943,73378,474,6584,4777,226691,37891,4,487,12946,5800
2022-09-01 00:00:00,20127.14063,38957,73393,473,6586,4778,226761,37899,4,488,12952,5800
2022-09-02 00:00:00,19969.77148,38994,73405,473,6588,4779,226961,37903,4,495,12957,5800
2022-09-03 00:00:00,19832.08789,38994,73415,473,6589,4781,226961,37908,4,500,12957,5803
2022-09-04 00:00:00,19986.71289,38996,73422,474,6589,4783,226972,37912,4,501,12958,5810
2022-09-05 00:00:00,19812.37109,39000,73439,476,6590,4786,226979,37916,4,504,12960,5811
2022-09-06 00:00:00,18837.66797,39005,73462,481,6591,4786,227006,37924,4,503,12962,5813
2022-09-07 00:00:00,19290.32422,39011,73476,477,6599,4786,227017,37931,4,509,12965,5814
2022-09-08 00:00:00,19329.83398,39017,73484,477,6602,4786,227073,37937,4,512,12967,5815
2022-09-09 00:00:00,21381.15234,39031,73496,474,6606,4781,227124,37940,4,507,12974,5817
2022-09-10 00:00:00,21680.53906,39039,73506,472,6609,4781,227154,37943,4,507,12978,5819
2022-09-11 00:00:00,21769.25586,39039,73513,471,6611,4781,227154,37944,4,509,12978,5819
2022-09-12 00:00:00,22370.44922,39041,73528,474,6611,4780,227157,37951,4,510,12979,5820
2022-09-13 00:00:00,20296.70703,39049,73550,473,6614,4779,227186,37950,4,509,12983,5821
2022-09-14 00:00:00,20241.08984,39062,73557,471,6617,4780,227304,37953,4,515,12990,5823
2022-09-15 00:00:00,19701.21094,39075,73570,472,6620,4779,227384,37962,4,516,12993,5825
2022-09-16 00:00:00,19772.58398,39104,73593,466,6627,4780,227490,37968,4,509,13005,5827
2022-09-17 00:00:00,20127.57617,39108,73606,465,6631,4776,227500,37976,4,511,13007,5827
2022-09-18 00:00:00,19419.50586,39111,73628,464,6632,4776,227502,37987,4,511,13008,5827
2022-09-19 00:00:00,19544.12891,39111,73641,464,6632,4776,227502,37991,4,512,13008,5829
2022-09-20 00:00:00,18890.78906,39128,73660,463,6633,4774,227709,37998,4,518,13017,5826
2022-09-21 00:00:00,18547.40039,39153,73676,461,6636,4775,227793,38005,4,517,13027,5825
2022-09-22 00:00:00,19413.55078,39161,73689,460,6638,4776,227833,38008,4,519,13032,5824
2022-09-23 00:00:00,19297.63867,39167,73700,460,6638,4777,227844,38022,4,519,13034,5826
2022-09-24 00:00:00,18937.01172,39167,73719,461,6645,4778,227846,38031,4,522,13035,5828
2022-09-25 00:00:00,18802.09766,39172,73734,462,6647,4777,227861,38035,4,524,13037,5828
2022-09-26 00:00:00,19222.67188,39174,73758,462,6648,4778,227880,38041,4,518,13039,5834
2022-09-27 00:00:00,19110.54688,39179,73781,463,6648,4778,227918,38050,4,519,13041,5834
2022-09-28 00:00:00,19426.7207,39179,73797,463,6649,4778,227918,38064,4,521,13041,5836
2022-09-29 00:00:00,19573.05078,39183,73823,463,6651,4779,227912,38072,4,528,13044,5837
2022-09-30 00:00:00,19431.78906,39237,73838,463,6652,4780,228387,38079,4,524,13055,5838
2022-10-01 00:00:00,19312.0957,39244,73854,464,6652,4783,228400,38084,4,525,13058,5839
2022-10-02 00:00:00,19044.10742,39246,73863,465,6652,4783,228400,38098,4,525,13059,5843
2022-10-03 00:00:00,19623.58008,39262,73903,464,6655,4782,228466,38101,4,510,13069,5855
2022-10-04 00:00:00,20336.84375,39282,73918,464,6656,4782,228520,38109,4,507,13076,5862
2022-10-05 00:00:00,20160.7168,39299,73935,464,6659,4782,228573,38109,4,506,13084,5865
2022-10-06 00:00:00,19955.44336,39303,73946,466,6660,4780,228573,38111,4,510,13086,5868
2022-10-07 00:00:00,19546.84961,39305,73960,466,6663,4782,228600,38116,4,512,13087,5869
2022-10-08 00:00:00,19416.56836,39305,73991,466,6664,4786,228600,38124,4,517,13087,5870
2022-10-09 00:00:00,19446.42578,39305,74011,466,6664,4788,228600,38126,4,518,13087,5870
2022-10-10 00:00:00,19141.48438,39335,74030,467,6664,4786,228823,38126,4,509,13098,5870
2022-10-11 00:00:00,19051.41797,39346,74048,468,6664,4787,229868,38130,4,514,13102,5868
2022-10-12 00:00:00,19157.44531,39351,74076,468,6664,4786,229910,38125,4,514,13104,5868
2022-10-13 00:00:00,19382.9043,39374,74089,466,6666,4786,229968,38135,4,457,13111,5922
2022-10-14 00:00:00,19185.65625,39429,74108,465,6671,4786,230358,38135,4,451,13125,5923
2022-10-15 00:00:00,19067.63477,39429,74129,467,6671,4786,230358,38148,4,453,13125,5923
2022-10-16 00:00:00,19268.09375,39431,74143,469,6671,4786,230361,38157,4,454,13126,5924
2022-10-17 00:00:00,19550.75781,39431,74154,466,6675,4786,230361,38164,4,454,13126,5925
2022-10-18 00:00:00,19334.41602,39448,74165,467,6675,4785,230460,38180,4,454,13131,5927
2022-10-19 00:00:00,19139.53516,39459,74181,467,6675,4787,230485,38184,4,452,13136,5928
2022-10-20 00:00:00,19053.74023,39462,74205,471,6676,4785,230542,38196,4,459,13137,5930
2022-10-21 00:00:00,19172.46875,39483,74224,472,6678,4784,230629,38194,4,458,13143,5932
2022-10-22 00:00:00,19208.18945,39483,74239,472,6680,4779,230629,38205,4,460,13143,5933
2022-10-23 00:00:00,19567.00781,39483,74250,473,6680,4778,230629,38218,4,463,13143,5934
2022-10-24 00:00:00,19345.57227,39491,74269,471,6682,4778,230689,38225,4,458,13149,5937
2022-10-25 00:00:00,20095.85742,39497,74282,473,6683,4778,230697,38243,4,464,13152,5938
2022-10-26 00:00:00,20770.44141,39514,74299,472,6686,4778,230739,38257,4,464,13156,5937
2022-10-27 00:00:00,20285.83594,39534,74310,451,6708,4778,230828,38265,4,462,13161,5938
2022-10-28 00:00:00,20595.35156,39551,74331,449,6715,4778,230917,38276,4,466,13165,5938
2022-10-29 00:00:00,20818.47656,39559,74338,445,6719,4778,230945,38279,4,462,13169,5944
2022-10-30 00:00:00,20635.60352,39559,74347,446,6719,4779,230945,38282,4,463,13169,5944
2022-10-31 00:00:00,20495.77344,39565,74374,446,6721,4779,230965,38292,4,464,13170,5945
