Date,Camp,SPX
2016-01-01,4903.09,2016.71
2016-01-02,4891.43,1990.26
2016-01-03,4835.76,1943.09
2016-01-04,4903.09,2016.71
2016-01-05,4891.43,1990.26
2016-01-06,4835.76,1943.09
2016-01-07,4689.43,1922.03
2016-01-08,4643.63,1923.67
2016-01-11,4637.99,1938.68
2016-01-12,4685.92,1890.28
2016-01-13,4526.06,1921.84
2016-01-14,4615,1880.33
2016-01-15,4488.42,1881.33
2016-01-19,4476.95,1859.33
2016-01-20,4471.69,1868.99
2016-01-21,4472.06,1906.9
2016-01-22,4591.18,1877.08
2016-01-25,4518.49,1903.63
2016-01-26,4567.67,1882.95
2016-01-27,4468.17,1893.36
2016-01-28,4506.68,1940.24
2016-01-29,4613.95,1939.38
2016-02-01,4620.37,1903.03
2016-02-02,4516.95,1912.53
2016-02-03,4504.24,1915.45
2016-02-04,4509.56,1880.05
2016-02-05,4363.14,1853.44
2016-02-08,4283.75,1852.21
2016-02-09,4268.76,1851.86
2016-02-10,4283.59,1829.08
2016-02-11,4266.84,1864.78
2016-02-12,4337.51,1895.58
2016-02-16,4435.96,1926.82
2016-02-17,4534.06,1917.83
2016-02-18,4487.54,1917.78
2016-02-19,4504.43,1945.5
2016-02-22,4570.61,1921.27
2016-02-23,4503.58,1929.8
2016-02-24,4542.61,1951.7
2016-02-25,4582.2,1948.05
2016-02-26,4590.47,1932.23
2016-02-29,4557.95,1978.35
2016-03-01,4689.6,1986.45
2016-03-02,4703.42,1993.4
2016-03-03,4707.42,1999.99
2016-03-04,4717.02,2001.76
2016-03-07,4708.25,1979.26
2016-03-08,4648.82,1989.26
2016-03-09,4674.38,1989.57
2016-03-10,4662.16,2022.19
2016-03-11,4748.47,2019.64
2016-03-14,4750.28,2015.93
2016-03-15,4728.67,2027.22
2016-03-16,4763.97,2040.59
2016-03-17,4774.99,2049.58
2016-03-18,4795.65,2051.6
2016-03-21,4808.87,2049.8
2016-03-22,4821.66,2036.71
2016-03-23,4768.86,2035.94
2016-03-24,4773.5,2037.05
2016-03-28,4766.79,2055.01
2016-03-29,4846.62,2063.95
2016-03-30,4869.29,2059.74
2016-03-31,4869.85,2072.78
2016-04-01,4914.54,2066.13
2016-04-04,4891.8,2045.17
2016-04-05,4843.93,2066.66
2016-04-06,4920.72,2041.91
2016-04-07,4848.37,2047.6
2016-04-08,4850.69,2041.99
2016-04-11,4833.4,2061.72
2016-04-12,4872.09,2082.42
2016-04-13,4947.42,2082.78
2016-04-14,4945.89,2080.73
2016-04-15,4938.22,2094.34
2016-04-18,4960.02,2100.8
2016-04-19,4940.33,2102.4
2016-04-20,4948.13,2091.48
2016-04-21,4945.89,2091.58
2016-04-22,4906.23,2087.79
2016-04-25,4895.79,2091.7
2016-04-26,4888.28,2095.15
2016-04-27,4863.14,2075.81
2016-04-28,4805.29,2065.3
2016-04-29,4775.36,2081.43
2016-05-02,4817.59,2063.37
2016-05-03,4763.22,2051.12
2016-05-04,4725.64,2050.63
2016-05-05,4717.09,2057.14
2016-05-06,4736.16,2058.69
2016-05-09,4750.21,2084.39
2016-05-10,4809.88,2064.46
2016-05-11,4760.69,2064.11
2016-05-12,4737.33,2046.61
2016-05-13,4717.68,2066.66
2016-05-16,4775.46,2047.21
2016-05-17,4715.73,2047.63
2016-05-18,4739.12,2040.04
2016-05-19,4712.53,2052.32
2016-05-20,4769.56,2048.04
2016-05-23,4765.78,2076.06
2016-05-24,4861.06,2090.54
2016-05-25,4894.89,2090.1
2016-05-26,4901.77,2099.06
2016-05-27,4933.5,2096.96
2016-05-31,4948.05,2099.33
2016-06-01,4952.25,2105.26
2016-06-02,4971.36,2099.13
2016-06-03,4942.52,2109.41
2016-06-06,4968.71,2112.13
2016-06-07,4961.75,2119.12
2016-06-08,4974.64,2115.48
2016-06-09,4958.62,2096.07
2016-06-10,4894.55,2079.06
2016-06-13,4848.44,2075.32
2016-06-14,4843.55,2071.5
2016-06-15,4834.93,2077.99
2016-06-16,4844.91,2071.22
2016-06-17,4800.34,2083.25
2016-06-20,4837.21,2088.9
2016-06-21,4843.76,2085.45
2016-06-22,4833.32,2113.32
2016-06-23,4910.04,2037.41
2016-06-24,4707.98,2000.54
2016-06-27,4594.44,2036.09
2016-06-28,4691.87,2070.77
2016-06-29,4779.25,2098.86
2016-06-30,4842.67,2102.95
2016-07-01,4862.57,2088.55
2016-07-05,4822.9,2099.73
2016-07-06,4859.16,2097.9
2016-07-07,4876.81,2129.9
2016-07-08,4956.76,2137.16
2016-07-11,4988.64,2152.14
2016-07-12,5022.82,2152.43
2016-07-13,5005.73,2163.75
2016-07-14,5034.06,2161.74
2016-07-15,5029.59,2166.89
2016-07-18,5055.78,2163.78
2016-07-19,5036.37,2173.02
2016-07-20,5089.93,2165.17
2016-07-21,5073.9,2175.03
2016-07-22,5100.16,2168.48
2016-07-25,5097.63,2169.18
2016-07-26,5110.05,2166.58
2016-07-27,5139.81,2170.06
2016-07-28,5154.98,2173.6
2016-07-29,5162.13,2170.84
2016-08-01,5184.2,2157.03
2016-08-02,5137.73,2163.79
2016-08-03,5159.74,2164.25
2016-08-04,5166.25,2182.87
2016-08-05,5221.12,2180.89
2016-08-08,5213.14,2181.74
2016-08-09,5225.48,2175.49
2016-08-10,5204.58,2185.79
2016-08-11,5228.4,2184.05
2016-08-12,5232.89,2190.15
2016-08-15,5262.02,2178.15
2016-08-16,5227.11,2182.22
2016-08-17,5228.66,2187.02
2016-08-18,5240.15,2183.87
2016-08-19,5238.38,2182.64
2016-08-22,5244.6,2186.9
2016-08-23,5260.08,2175.44
2016-08-24,5217.69,2172.47
2016-08-25,5212.2,2169.04
2016-08-26,5218.92,2180.38
2016-08-29,5232.33,2176.12
2016-08-30,5222.99,2170.95
2016-08-31,5213.22,2170.86
2016-09-01,5227.21,2179.98
2016-09-02,5249.9,2186.48
2016-09-06,5275.91,2186.16
2016-09-07,5283.93,2181.3
2016-09-08,5259.48,2127.81
2016-09-09,5125.91,2159.04
2016-09-12,5211.89,2127.02
2016-09-13,5155.25,2125.77
2016-09-14,5173.77,2147.26
2016-09-15,5249.69,2139.16
2016-09-16,5244.57,2139.12
2016-09-19,5235.03,2139.76
2016-09-20,5241.35,2163.12
2016-09-21,5295.18,2177.18
2016-09-22,5339.52,2164.69
2016-09-23,5305.75,2146.1
2016-09-26,5257.49,2159.93
2016-09-27,5305.71,2171.37
2016-09-28,5318.55,2151.13
2016-09-29,5269.15,2168.27
2016-09-30,5312,2161.2
2016-10-03,5300.87,2150.49
2016-10-04,5289.66,2159.73
2016-10-05,5316.02,2160.77
2016-10-06,5306.85,2153.74
2016-10-07,5292.4,2163.66
2016-10-10,5328.67,2136.73
2016-10-11,5246.79,2139.18
2016-10-12,5239.02,2132.55
2016-10-13,5213.33,2132.98
2016-10-14,5214.16,2126.5
2016-10-17,5199.82,2139.6
2016-10-18,5243.84,2144.29
2016-10-19,5246.41,2141.34
2016-10-20,5241.83,2141.16
2016-10-21,5257.4,2151.33
2016-10-24,5309.83,2143.16
2016-10-25,5283.4,2139.43
2016-10-26,5250.27,2133.04
2016-10-27,5215.97,2126.41
2016-10-28,5190.1,2126.15
2016-10-31,5189.13,2111.72
2016-11-01,5153.58,2097.94
2016-11-02,5105.57,2088.66
2016-11-03,5058.41,2085.18
2016-11-04,5046.37,2131.52
2016-11-07,5166.17,2139.56
2016-11-08,5193.49,2163.26
2016-11-09,5251.07,2167.48
2016-11-10,5208.8,2164.45
2016-11-11,5237.11,2164.2
2016-11-14,5218.4,2180.39
2016-11-15,5275.62,2176.94
2016-11-16,5294.58,2187.12
2016-11-17,5333.97,2181.9
2016-11-18,5321.51,2198.18
2016-11-21,5368.86,2202.94
2016-11-22,5386.35,2204.72
2016-11-23,5380.68,2213.35
2016-11-25,5398.92,2201.72
2016-11-28,5368.81,2204.66
2016-11-29,5379.92,2198.81
2016-11-30,5323.68,2191.08
2016-12-01,5251.11,2191.95
2016-12-02,5255.65,2204.71
2016-12-05,5308.89,2212.23
2016-12-06,5333,2241.35
2016-12-07,5393.76,2246.19
2016-12-08,5417.36,2259.53
2016-12-09,5444.5,2256.96
2016-12-12,5412.54,2271.72
2016-12-13,5463.83,2253.28
2016-12-14,5436.67,2262.03
2016-12-15,5456.85,2258.07
2016-12-16,5437.16,2262.53
2016-12-19,5457.44,2270.76
2016-12-20,5483.94,2265.18
2016-12-21,5471.43,2260.96
2016-12-22,5447.42,2263.79
2016-12-23,5462.69,2268.88
2016-12-27,5487.44,2249.92
2016-12-28,5438.56,2249.26
2016-12-29,5432.09,2238.83
2016-12-30,5383.12,2257.83
2017-01-03,5429.08,2270.75
2017-01-04,5477,2269
2017-01-05,5487.94,2276.98
2017-01-06,5521.06,2268.9
2017-01-09,5531.82,2268.9
2017-01-10,5551.82,2275.32
2017-01-11,5563.65,2270.44
2017-01-12,5547.49,2274.64
2017-01-13,5574.12,2267.89
2017-01-17,5538.73,2271.89
2017-01-18,5555.65,2263.69
2017-01-19,5540.08,2271.31
2017-01-20,5555.33,2265.2
2017-01-23,5552.94,2280.07
2017-01-24,5600.96,2298.37
2017-01-25,5656.34,2296.68
2017-01-26,5655.18,2294.69
2017-01-27,5660.78,2280.9
2017-01-30,5613.71,2278.87
2017-01-31,5614.79,2279.55
2017-02-01,5642.65,2280.85
2017-02-02,5636.2,2297.42
2017-02-03,5666.77,2292.56
2017-02-06,5663.55,2293.08
2017-02-07,5674.22,2294.67
2017-02-08,5682.45,2307.87
2017-02-09,5715.18,2316.1
2017-02-10,5734.13,2328.25
2017-02-13,5763.96,2337.58
2017-02-14,5782.57,2349.25
2017-02-15,5819.44,2347.22
2017-02-16,5814.9,2351.16
2017-02-17,5838.58,2365.38
2017-02-21,5865.95,2362.82
2017-02-22,5860.63,2363.81
2017-02-23,5835.51,2367.34
2017-02-24,5845.31,2369.75
2017-02-27,5861.9,2363.64
2017-02-28,5825.44,2395.96
2017-03-01,5904.03,2381.92
2017-03-02,5861.22,2383.12
2017-03-03,5870.75,2375.31
2017-03-06,5849.17,2368.39
2017-03-07,5833.93,2362.98
2017-03-08,5837.55,2364.87
2017-03-09,5838.81,2372.6
2017-03-10,5861.73,2373.47
2017-03-13,5875.78,2365.45
2017-03-14,5856.82,2385.26
2017-03-15,5900.05,2381.38
2017-03-16,5900.76,2378.25
2017-03-17,5901,2373.47
2017-03-20,5901.53,2344.02
2017-03-21,5793.83,2348.45
2017-03-22,5821.64,2345.96
2017-03-23,5817.69,2343.98
2017-03-24,5828.74,2341.59
2017-03-27,5840.37,2358.57
2017-03-28,5875.14,2361.13
2017-03-29,5897.55,2368.06
2017-03-30,5914.34,2362.72
2017-03-31,5911.74,2358.84
2017-04-03,5894.68,2360.16
2017-04-04,5898.61,2352.95
2017-04-05,5864.48,2357.49
2017-04-06,5878.95,2355.54
2017-04-07,5877.81,2357.16
2017-04-10,5880.93,2353.78
2017-04-11,5866.77,2344.93
2017-04-12,5836.16,2328.95
2017-04-13,5805.15,2349.01
2017-04-17,5856.79,2342.19
2017-04-18,5849.47,2338.17
2017-04-19,5863.03,2355.84
2017-04-20,5916.78,2348.69
2017-04-21,5910.52,2374.15
2017-04-24,5983.82,2388.61
2017-04-25,6025.49,2387.45
2017-04-26,6025.23,2388.77
2017-04-27,6048.94,2384.2
2017-04-28,6047.61,2388.33
2017-05-01,6091.6,2391.17
2017-05-02,6095.37,2388.13
2017-05-03,6072.55,2389.52
2017-05-04,6075.34,2399.29
2017-05-05,6100.76,2399.38
2017-05-08,6102.66,2396.92
2017-05-09,6120.59,2399.63
2017-05-10,6129.14,2394.44
2017-05-11,6115.96,2390.9
2017-05-12,6121.23,2402.32
2017-05-15,6149.67,2400.67
2017-05-16,6169.87,2357.03
2017-05-17,6011.24,2365.72
2017-05-18,6055.13,2381.73
2017-05-19,6083.7,2394.02
2017-05-22,6133.62,2398.42
2017-05-23,6138.71,2404.39
2017-05-24,6163.02,2415.07
2017-05-25,6205.26,2415.82
2017-05-26,6210.19,2412.91
2017-05-30,6203.19,2411.8
2017-05-31,6198.52,2430.06
2017-06-01,6246.83,2439.07
2017-06-02,6305.8,2436.1
2017-06-05,6295.68,2429.33
2017-06-06,6275.06,2433.14
2017-06-07,6297.38,2433.79
2017-06-08,6321.76,2431.77
2017-06-09,6207.92,2429.39
2017-06-12,6175.46,2440.35
2017-06-13,6220.37,2437.92
2017-06-14,6194.89,2432.46
2017-06-15,6165.5,2433.15
2017-06-16,6151.76,2453.46
2017-06-19,6239.01,2437.03
2017-06-20,6188.03,2435.61
2017-06-21,6233.95,2434.5
2017-06-22,6236.69,2438.3
2017-06-23,6265.25,2439.07
2017-06-26,6247.15,2419.38
2017-06-27,6146.62,2440.69
2017-06-28,6234.41,2419.7
2017-06-29,6144.35,2423.41
2017-06-30,6140.42,2429.01
2017-07-03,6110.06,2432.54
2017-07-05,6150.86,2409.75
2017-07-06,6089.46,2425.18
2017-07-07,6153.08,2427.43
2017-07-10,6176.39,2425.53
2017-07-11,6193.3,2443.25
2017-07-12,6261.17,2447.83
2017-07-13,6274.44,2459.27
2017-07-14,6312.47,2459.14
2017-07-17,6314.43,2460.61
2017-07-18,6344.31,2473.83
2017-07-19,6385.04,2473.45
2017-07-20,6390,2472.54
2017-07-21,6387.75,2469.91
2017-07-24,6410.81,2477.13
2017-07-25,6412.17,2477.83
2017-07-26,6422.75,2475.42
2017-07-27,6382.19,2472.1
2017-07-28,6374.68,2470.3
2017-07-31,6348.12,2476.35
2017-08-01,6362.94,2477.57
2017-08-02,6362.65,2472.16
2017-08-03,6340.34,2476.83
2017-08-04,6351.56,2480.91
2017-08-07,6383.77,2474.92
2017-08-08,6370.46,2474.02
2017-08-09,6352.33,2438.21
2017-08-10,6216.87,2441.32
2017-08-11,6256.56,2465.84
2017-08-14,6340.23,2464.61
2017-08-15,6333.01,2468.11
2017-08-16,6345.11,2430.01
2017-08-17,6221.91,2425.55
2017-08-18,6216.53,2428.37
2017-08-21,6213.13,2452.51
2017-08-22,6297.48,2444.04
2017-08-23,6278.41,2438.97
2017-08-24,6271.33,2443.05
2017-08-25,6265.64,2444.24
2017-08-28,6283.02,2446.3
2017-08-29,6301.89,2457.59
2017-08-30,6368.31,2471.65
2017-08-31,6428.66,2476.55
2017-09-01,6435.33,2457.85
2017-09-05,6375.57,2465.54
2017-09-06,6393.31,2465.1
2017-09-07,6397.87,2461.43
2017-09-08,6360.19,2488.11
2017-09-11,6432.26,2496.48
2017-09-12,6454.28,2498.37
2017-09-13,6460.19,2495.62
2017-09-14,6429.08,2500.23
2017-09-15,6448.47,2503.87
2017-09-18,6454.64,2506.65
2017-09-19,6461.32,2508.24
2017-09-20,6456.04,2500.6
2017-09-21,6422.69,2502.22
2017-09-22,6426.92,2496.66
2017-09-25,6370.59,2496.84
2017-09-26,6380.16,2507.04
2017-09-27,6453.26,2510.06
2017-09-28,6453.45,2519.36
2017-09-29,6495.96,2529.12
2017-10-02,6516.72,2534.58
2017-10-03,6531.71,2537.74
2017-10-04,6534.63,2552.07
2017-10-05,6585.36,2549.33
2017-10-06,6590.18,2544.73
2017-10-09,6579.73,2550.64
2017-10-10,6587.25,2555.24
2017-10-11,6603.55,2550.93
2017-10-12,6591.51,2553.17
2017-10-13,6605.8,2557.64
2017-10-16,6624,2559.36
2017-10-17,6623.66,2561.26
2017-10-18,6624.22,2562.1
2017-10-19,6605.07,2575.21
2017-10-20,6629.05,2564.98
2017-10-23,6586.83,2569.13
2017-10-24,6598.43,2557.15
2017-10-25,6563.89,2560.4
2017-10-26,6556.77,2581.07
2017-10-27,6701.26,2572.83
2017-10-30,6698.96,2575.26
2017-10-31,6727.67,2579.36
2017-11-01,6716.53,2579.85
2017-11-02,6714.94,2587.84
2017-11-03,6764.44,2591.13
2017-11-06,6786.44,2590.64
2017-11-07,6767.78,2594.38
2017-11-08,6789.12,2584.62
2017-11-09,6750.05,2582.3
2017-11-10,6750.94,2584.84
2017-11-13,6757.6,2578.87
2017-11-14,6737.87,2564.62
2017-11-15,6706.21,2585.64
2017-11-16,6793.29,2578.85
2017-11-17,6782.79,2582.14
2017-11-20,6790.71,2599.03
2017-11-21,6862.48,2597.08
2017-11-22,6867.36,2602.42
2017-11-24,6889.16,2601.42
2017-11-27,6878.52,2627.04
2017-11-28,6912.36,2626.07
2017-11-29,6824.39,2647.58
2017-11-30,6873.97,2642.22
2017-12-01,6847.59,2639.44
2017-12-04,6775.37,2629.57
2017-12-05,6762.21,2629.27
2017-12-06,6776.38,2636.98
2017-12-07,6812.84,2651.5
2017-12-08,6840.08,2659.99
2017-12-11,6875.08,2664.11
2017-12-12,6862.32,2662.85
2017-12-13,6875.8,2652.01
2017-12-14,6856.53,2675.81
2017-12-15,6936.58,2690.16
2017-12-18,6994.76,2681.47
2017-12-19,6963.85,2679.25
2017-12-20,6960.96,2684.57
2017-12-21,6965.36,2683.34
2017-12-22,6959.96,2680.5
2017-12-26,6936.25,2682.62
2017-12-27,6939.34,2687.54
2017-12-28,6950.16,2673.61
2017-12-29,6903.39,2695.81
2018-01-02,7006.9,2713.06
2018-01-03,7065.53,2723.99
2018-01-04,7077.91,2743.15
2018-01-05,7136.56,2747.71
2018-01-08,7157.39,2751.29
2018-01-09,7163.58,2748.23
2018-01-10,7153.57,2767.56
2018-01-11,7211.78,2786.24
2018-01-12,7261.06,2776.42
2018-01-16,7223.69,2802.56
2018-01-17,7298.28,2798.03
2018-01-18,7296.05,2810.3
2018-01-19,7336.38,2832.97
2018-01-22,7408.03,2839.13
2018-01-23,7460.29,2837.54
2018-01-24,7415.06,2839.25
2018-01-25,7411.16,2872.87
2018-01-26,7505.77,2853.53
2018-01-29,7466.51,2822.43
2018-01-30,7402.48,2823.81
2018-01-31,7411.48,2821.98
2018-02-01,7385.86,2762.13
2018-02-02,7240.95,2648.94
2018-02-05,6967.53,2695.14
2018-02-06,7115.88,2681.66
2018-02-07,7051.98,2581
2018-02-08,6777.16,2619.55
2018-02-09,6874.49,2656
2018-02-12,6981.96,2662.94
2018-02-13,7013.51,2698.63
2018-02-14,7143.62,2731.2
2018-02-15,7256.43,2732.22
2018-02-16,7239.47,2716.26
2018-02-20,7234.31,2701.33
2018-02-21,7218.23,2703.96
2018-02-22,7210.09,2747.3
2018-02-23,7337.39,2779.6
2018-02-26,7421.46,2744.28
2018-02-27,7330.35,2713.83
2018-02-28,7273.01,2677.67
2018-03-01,7180.56,2691.25
2018-03-02,7257.87,2720.94
2018-03-05,7330.7,2728.12
2018-03-06,7372.01,2726.8
2018-03-07,7396.65,2738.97
2018-03-08,7427.95,2786.57
2018-03-09,7560.81,2783.02
2018-03-12,7588.32,2765.31
2018-03-13,7511.01,2749.48
2018-03-14,7496.81,2747.33
2018-03-15,7481.74,2752.01
2018-03-16,7481.99,2712.92
2018-03-19,7344.24,2716.94
2018-03-20,7364.3,2711.93
2018-03-21,7345.29,2643.69
2018-03-22,7166.68,2588.26
2018-03-23,6992.67,2658.55
2018-03-26,7220.54,2612.62
2018-03-27,7008.81,2605
2018-03-28,6949.23,2640.87
2018-03-29,7063.44,2581.88
2018-04-02,6870.12,2614.45
2018-04-03,6941.28,2644.69
2018-04-04,7042.11,2662.84
2018-04-05,7076.55,2604.47
2018-04-06,6915.11,2613.16
2018-04-09,6950.34,2656.87
2018-04-10,7094.3,2642.19
2018-04-11,7069.03,2663.99
2018-04-12,7140.25,2656.3
2018-04-13,7106.65,2677.84
2018-04-16,7156.28,2706.39
2018-04-17,7281.1,2708.64
2018-04-18,7295.24,2693.13
2018-04-19,7238.06,2670.14
2018-04-20,7146.13,2670.29
2018-04-23,7128.6,2634.56
2018-04-24,7007.35,2639.4
2018-04-25,7003.74,2666.94
2018-04-26,7118.68,2669.91
2018-04-27,7119.8,2648.05
2018-04-30,7066.27,2654.8
2018-05-01,7130.7,2635.67
2018-05-02,7100.9,2629.73
2018-05-03,7088.15,2663.42
2018-05-04,7209.62,2672.63
2018-05-07,7265.21,2671.92
2018-05-08,7266.9,2697.79
2018-05-09,7339.91,2723.07
2018-05-10,7404.97,2727.72
2018-05-11,7402.88,2730.13
2018-05-14,7411.32,2711.45
2018-05-15,7351.63,2722.46
2018-05-16,7398.3,2720.13
2018-05-17,7382.47,2712.97
2018-05-18,7354.34,2733.01
2018-05-21,7394.04,2724.44
2018-05-22,7378.46,2733.29
2018-05-23,7425.96,2727.76
2018-05-24,7424.43,2721.33
2018-05-25,7433.85,2689.86
2018-05-29,7396.59,2724.01
2018-05-30,7462.45,2705.27
2018-05-31,7442.12,2734.62
2018-06-01,7554.33,2746.87
2018-06-04,7606.46,2748.8
2018-06-05,7637.86,2772.35
2018-06-06,7689.24,2770.37
2018-06-07,7635.07,2779.03
2018-06-08,7645.51,2782
2018-06-11,7659.93,2786.85
2018-06-12,7703.79,2775.63
2018-06-13,7695.7,2782.49
2018-06-14,7761.04,2779.66
2018-06-15,7746.38,2773.75
2018-06-18,7747.03,2762.59
2018-06-19,7725.59,2767.32
2018-06-20,7781.51,2749.76
2018-06-21,7712.95,2754.88
2018-06-22,7692.82,2717.07
2018-06-25,7532.01,2723.06
2018-06-26,7561.63,2699.63
2018-06-27,7445.08,2716.31
2018-06-28,7503.68,2718.37
2018-06-29,7510.3,2726.71
2018-07-02,7567.69,2713.22
2018-07-03,7502.67,2736.61
2018-07-05,7586.43,2759.82
2018-07-06,7688.39,2784.17
2018-07-09,7756.2,2793.84
2018-07-10,7759.2,2774.02
2018-07-11,7716.61,2798.29
2018-07-12,7823.92,2801.31
2018-07-13,7825.98,2798.43
2018-07-16,7805.72,2809.55
2018-07-17,7855.12,2815.62
2018-07-18,7854.44,2804.49
2018-07-19,7825.3,2801.83
2018-07-20,7820.2,2806.98
2018-07-23,7841.87,2820.4
2018-07-24,7840.77,2846.07
2018-07-25,7932.24,2837.44
2018-07-26,7852.18,2818.82
2018-07-27,7737.42,2802.6
2018-07-30,7630,2816.29
2018-07-31,7671.79,2813.36
2018-08-01,7707.29,2827.22
2018-08-02,7802.69,2840.35
2018-08-03,7812.01,2850.4
2018-08-06,7859.68,2858.45
2018-08-07,7883.66,2857.7
2018-08-08,7888.33,2853.58
2018-08-09,7891.78,2833.28
2018-08-10,7839.11,2821.93
2018-08-13,7819.71,2839.96
2018-08-14,7870.89,2818.37
2018-08-15,7774.12,2840.69
2018-08-16,7806.52,2850.13
2018-08-17,7816.33,2857.05
2018-08-20,7821.01,2862.96
2018-08-21,7859.17,2861.82
2018-08-22,7889.1,2856.98
2018-08-23,7878.46,2874.69
2018-08-24,7945.98,2896.74
2018-08-27,8017.9,2897.52
2018-08-28,8030.04,2914.04
2018-08-29,8109.69,2901.13
2018-08-30,8088.36,2901.52
2018-08-31,8109.54,2896.72
2018-09-04,8091.25,2888.6
2018-09-05,7995.17,2878.05
2018-09-06,7922.73,2871.68
2018-09-07,7902.54,2877.13
2018-09-10,7924.16,2887.89
2018-09-11,7972.47,2888.92
2018-09-12,7954.23,2904.18
2018-09-13,8013.71,2904.98
2018-09-14,8010.04,2888.8
2018-09-17,7895.79,2904.31
2018-09-18,7956.11,2907.95
2018-09-19,7950.04,2930.75
2018-09-20,8028.23,2929.67
2018-09-21,7986.96,2919.37
2018-09-24,7993.25,2915.56
2018-09-25,8007.47,2905.97
2018-09-26,7990.37,2914
2018-09-27,8041.97,2913.98
2018-09-28,8046.35,2924.59
2018-10-01,8037.3,2923.43
2018-10-02,7999.55,2925.51
2018-10-03,8025.09,2901.61
2018-10-04,7879.51,2885.57
2018-10-05,7788.45,2884.43
2018-10-08,7735.95,2880.34
2018-10-09,7738.02,2785.68
2018-10-10,7422.05,2728.37
2018-10-11,7329.06,2767.13
2018-10-12,7496.89,2750.79
2018-10-15,7430.74,2809.92
2018-10-16,7645.49,2809.21
2018-10-17,7642.7,2768.78
2018-10-18,7485.14,2767.78
2018-10-19,7449.03,2755.88
2018-10-22,7468.63,2740.69
2018-10-23,7437.54,2656.1
2018-10-24,7108.4,2705.57
2018-10-25,7318.34,2658.69
2018-10-26,7167.21,2641.25
2018-10-29,7050.29,2682.63
2018-10-30,7161.65,2711.74
2018-10-31,7305.9,2740.37
2018-11-01,7434.06,2723.06
2018-11-02,7356.99,2738.31
2018-11-05,7328.85,2755.45
2018-11-06,7375.96,2813.89
2018-11-07,7570.75,2806.83
2018-11-08,7530.88,2781.01
2018-11-09,7406.9,2726.22
2018-11-12,7200.87,2722.18
2018-11-13,7200.87,2701.58
2018-11-14,7136.39,2730.2
2018-11-15,7259.03,2736.27
2018-11-16,7247.87,2690.73
2018-11-19,7028.48,2641.89
2018-11-20,6908.82,2649.93
2018-11-21,6972.25,2632.56
2018-11-23,6938.98,2673.45
2018-11-26,7081.85,2682.17
2018-11-27,7082.7,2743.79
2018-11-28,7291.59,2737.76
2018-11-29,7273.08,2760.17
2018-11-30,7330.54,2790.37
2018-12-03,7441.51,2700.06
2018-12-04,7158.43,2695.95
2018-12-06,7188.26,2633.08
2018-12-07,6969.25,2637.72
2018-12-10,7020.52,2636.78
2018-12-11,7031.83,2651.07
2018-12-12,7098.31,2650.54
2018-12-13,7070.33,2599.95
2018-12-14,6910.66,2545.94
2018-12-17,6753.73,2546.16
2018-12-18,6783.91,2506.96
2018-12-19,6636.83,2467.42
2018-12-20,6528.41,2416.62
2018-12-21,6332.99,2351.1
2018-12-24,6192.92,2467.7
2018-12-26,6554.36,2488.83
2018-12-27,6579.49,2485.74
2018-12-28,6584.52,2506.85
2018-12-31,6635.28,2510.03
2019-01-02,6665.94,2447.89
2019-01-03,6463.5,2531.94
2019-01-04,6738.86,2549.69
2019-01-07,6823.47,2574.41
2019-01-08,6897,2584.96
2019-01-09,6957.08,2596.64
2019-01-10,6986.07,2596.26
2019-01-11,6971.48,2582.61
2019-01-14,6905.92,2610.3
2019-01-15,7023.83,2616.1
2019-01-16,7034.69,2635.96
2019-01-17,7084.46,2670.71
2019-01-18,7157.23,2632.9
2019-01-22,7020.36,2638.7
2019-01-23,7025.77,2642.33
2019-01-24,7073.46,2664.76
2019-01-25,7164.86,2643.85
2019-01-28,7085.68,2640
2019-01-29,7028.29,2681.05
2019-01-30,7183.08,2704.1
2019-01-31,7281.74,2706.53
2019-02-01,7263.87,2724.87
2019-02-04,7347.54,2737.7
2019-02-05,7402.08,2731.61
2019-02-06,7375.28,2706.05
2019-02-07,7288.35,2707.88
2019-02-08,7298.2,2709.8
2019-02-11,7307.9,2744.73
2019-02-12,7414.62,2753.03
2019-02-13,7420.38,2745.73
2019-02-14,7426.95,2775.6
2019-02-15,7472.41,2779.76
2019-02-19,7486.77,2784.7
2019-02-20,7489.07,2774.88
2019-02-21,7459.71,2792.67
2019-02-22,7527.54,2796.11
2019-02-25,7554.46,2793.9
2019-02-26,7549.3,2792.38
2019-02-27,7554.51,2784.49
2019-02-28,7532.53,2803.69
2019-03-01,7595.35,2792.81
2019-03-04,7577.57,2789.65
2019-03-05,7576.36,2771.45
2019-03-06,7505.92,2748.93
2019-03-07,7421.46,2743.07
2019-03-08,7408.14,2783.3
2019-03-11,7558.06,2791.52
2019-03-12,7591.03,2810.92
2019-03-13,7643.41,2808.48
2019-03-14,7630.91,2822.48
2019-03-15,7688.53,2832.94
2019-03-18,7714.48,2832.57
2019-03-19,7723.95,2824.23
2019-03-20,7728.97,2854.88
2019-03-21,7838.96,2800.71
2019-03-22,7642.67,2798.36
2019-03-25,7637.54,2818.46
2019-03-26,7691.52,2805.37
2019-03-27,7643.38,2815.44
2019-03-28,7669.17,2834.4
2019-03-29,7729.32,2867.19
2019-04-01,7828.91,2867.24
2019-04-02,7848.69,2873.4
2019-04-03,7895.55,2879.39
2019-04-04,7891.78,2892.74
2019-04-05,7938.69,2895.77
2019-04-08,7953.88,2878.2
2019-04-09,7909.28,2888.21
2019-04-10,7964.24,2888.32
2019-04-11,7947.36,2907.41
2019-04-12,7984.16,2905.58
2019-04-15,7976.01,2907.06
2019-04-16,8000.23,2900.45
2019-04-17,7996.08,2905.03
2019-04-18,7998.06,2907.97
2019-04-22,8015.27,2933.68
2019-04-23,8120.82,2927.25
2019-04-24,8102.01,2926.17
2019-04-25,8118.68,2939.88
2019-04-26,8146.4,2943.03
2019-04-29,8161.85,2945.83
2019-04-30,8095.39,2923.73
2019-05-01,8049.64,2917.52
2019-05-02,8036.77,2945.64
2019-05-03,8164,2932.47
2019-05-06,8123.29,2884.05
2019-05-07,7963.76,2879.42
2019-05-08,7943.32,2870.72
2019-05-09,7910.59,2881.4
2019-05-10,7916.94,2811.87
2019-05-13,7647.02,2834.41
2019-05-14,7734.49,2850.96
2019-05-15,7822.15,2876.32
2019-05-16,7898.05,2859.53
2019-05-17,7816.28,2840.23
2019-05-20,7702.38,2864.36
2019-05-21,7785.72,2856.27
2019-05-22,7750.84,2822.24
2019-05-23,7628.28,2826.06
2019-05-24,7637.01,2802.39
2019-05-28,7607.35,2783.02
2019-05-29,7547.31,2788.86
2019-05-30,7567.72,2752.06
2019-05-31,7453.15,2744.45
2019-06-03,7333.02,2803.27
2019-06-04,7527.12,2826.15
2019-06-05,7575.48,2843.49
2019-06-06,7615.55,2873.34
2019-06-07,7742.1,2886.73
2019-06-10,7823.17,2885.72
2019-06-11,7822.57,2879.84
2019-06-12,7792.72,2891.64
2019-06-13,7837.13,2886.98
2019-06-14,7796.66,2889.67
2019-06-17,7845.02,2917.75
2019-06-18,7953.88,2926.46
2019-06-19,7987.32,2954.18
2019-06-20,8051.34,2950.46
2019-06-21,8031.71,2945.35
2019-06-24,8005.7,2917.38
2019-06-25,7884.72,2913.78
2019-06-26,7909.97,2924.92
2019-06-27,7967.76,2941.76
2019-06-28,8006.24,2964.33
2019-07-01,8091.16,2973.01
2019-07-02,8109.09,2995.82
2019-07-03,8170.23,2990.41
2019-07-05,8161.79,2975.95
2019-07-08,8098.38,2979.63
2019-07-09,8141.73,2993.07
2019-07-10,8202.53,2999.91
2019-07-11,8196.04,3013.77
2019-07-12,8244.14,3014.3
2019-07-15,8258.19,3004.04
2019-07-16,8222.8,2984.42
2019-07-17,8185.21,2995.11
2019-07-18,8207.24,2976.61
2019-07-19,8146.49,2985.03
2019-07-22,8204.14,3005.47
2019-07-23,8251.4,3019.56
2019-07-24,8321.5,3003.67
2019-07-25,8238.54,3025.86
2019-07-26,8330.21,3020.97
2019-07-29,8293.33,3013.18
2019-07-30,8273.61,2980.38
2019-07-31,8175.42,2953.56
2019-08-01,8111.12,2932.05
2019-08-02,8004.07,2844.74
2019-08-05,7726.04,2881.77
2019-08-06,7833.27,2883.98
2019-08-07,7862.83,2938.09
2019-08-08,8039.16,2918.65
2019-08-09,7959.14,2883.09
2019-08-12,7863.41,2926.32
2019-08-13,8016.36,2840.6
2019-08-14,7773.94,2847.6
2019-08-15,7766.62,2888.68
2019-08-16,7895.99,2923.65
2019-08-19,8002.81,2900.51
2019-08-20,7948.56,2924.43
2019-08-21,8020.21,2922.95
2019-08-22,7991.39,2847.11
2019-08-23,7751.77,2878.38
2019-08-26,7853.74,2869.16
2019-08-27,7826.95,2887.94
2019-08-28,7856.88,2924.58
2019-08-29,7973.39,2926.46
2019-08-30,7962.88,2906.27
2019-09-03,7874.16,2937.78
2019-09-04,7976.88,2976
2019-09-05,8116.83,2978.71
2019-09-06,8103.07,2978.43
2019-09-09,8087.44,2979.39
2019-09-10,8084.16,3000.93
2019-09-11,8169.68,3009.57
2019-09-12,8194.47,3007.39
2019-09-13,8176.71,2997.96
2019-09-16,8153.54,3005.7
2019-09-17,8186.02,3006.73
2019-09-18,8177.39,3006.79
2019-09-19,8182.88,2992.07
2019-09-20,8117.67,2991.78
2019-09-23,8112.46,2966.6
2019-09-24,7993.63,2984.87
2019-09-25,8077.38,2977.62
2019-09-26,8030.66,2961.79
2019-09-27,7939.63,2976.74
2019-09-30,7999.34,2940.25
2019-10-01,7908.68,2887.61
2019-10-02,7785.25,2910.63
2019-10-03,7872.26,2952.01
2019-10-04,7982.47,2938.79
2019-10-07,7956.29,2893.06
2019-10-08,7823.78,2919.4
2019-10-09,7903.74,2938.13
2019-10-10,7950.78,2970.27
2019-10-11,8057.04,2966.15
2019-10-14,8048.65,2995.68
2019-10-15,8148.71,2989.69
2019-10-16,8124.18,2997.95
2019-10-17,8156.85,2986.2
2019-10-18,8089.54,3006.72
2019-10-21,8162.99,2995.99
2019-10-22,8104.3,3004.52
2019-10-23,8119.79,3010.29
2019-10-24,8185.8,3022.55
2019-10-25,8243.12,3039.42
2019-10-28,8325.99,3036.89
2019-10-29,8276.85,3046.77
2019-10-30,8303.98,3037.56
2019-10-31,8292.36,3066.91
2019-11-01,8386.4,3078.27
2019-11-04,8433.2,3074.62
2019-11-05,8434.68,3076.78
2019-11-06,8410.63,3085.18
2019-11-07,8434.52,3093.08
2019-11-08,8475.31,3087.01
2019-11-11,8464.28,3091.84
2019-11-12,8486.09,3094.04
2019-11-13,8482.1,3096.63
2019-11-14,8479.02,3120.46
2019-11-15,8540.83,3122.03
2019-11-18,8549.94,3120.18
2019-11-19,8570.66,3108.46
2019-11-20,8526.73,3103.54
2019-11-21,8506.21,3110.29
2019-11-22,8519.88,3133.64
2019-11-25,8632.49,3140.52
2019-11-26,8647.93,3153.63
2019-11-27,8705.18,3140.98
2019-11-29,8665.47,3113.87
2019-12-02,8567.99,3093.2
2019-12-03,8520.64,3112.76
2019-12-04,8566.67,3117.43
2019-12-05,8570.7,3145.91
2019-12-06,8656.53,3135.96
2019-12-09,8621.83,3132.52
2019-12-10,8616.18,3141.63
2019-12-11,8654.05,3168.57
2019-12-12,8717.32,3168.8
2019-12-13,8734.88,3191.45
2019-12-16,8814.23,3192.52
2019-12-17,8823.36,3191.14
2019-12-18,8827.73,3205.37
2019-12-19,8887.22,3221.22
2019-12-20,8924.96,3224.01
2019-12-23,8945.65,3223.38
2019-12-24,8952.88,3239.91
2019-12-26,9022.39,3240.02
2019-12-27,9006.62,3221.29
2019-12-30,8945.99,3230.78
2019-12-31,8972.6,3257.85
2020-01-02,9092.19,3234.85
2020-01-03,9020.77,3246.28
2020-01-06,9071.46,3237.18
2020-01-07,9068.58,3253.05
2020-01-08,9129.24,3274.7
2020-01-09,9203.43,3265.35
2020-01-10,9178.86,3288.13
2020-01-13,9273.93,3283.15
2020-01-14,9251.33,3289.29
2020-01-15,9258.7,3316.81
2020-01-16,9357.13,3329.62
2020-01-17,9388.94,3320.79
2020-01-21,9370.81,3321.75
2020-01-22,9383.77,3325.54
2020-01-23,9402.48,3295.47
2020-01-24,9314.91,3243.63
2020-01-27,9139.31,3276.24
2020-01-28,9269.68,3273.4
2020-01-29,9275.16,3283.66
2020-01-30,9298.93,3225.52
2020-01-31,9150.94,3248.92
2020-02-03,9273.4,3297.59
2020-02-04,9467.97,3334.69
2020-02-05,9508.68,3345.78
2020-02-06,9572.15,3327.71
2020-02-07,9520.51,3352.09
2020-02-10,9628.39,3357.75
2020-02-11,9638.94,3379.45
2020-02-12,9725.96,3373.94
2020-02-13,9711.97,3380.16
2020-02-14,9731.18,3370.29
2020-02-18,9732.74,3386.15
2020-02-19,9817.18,3373.23
2020-02-20,9750.96,3337.75
2020-02-21,9576.59,3225.89
2020-02-24,9221.28,3128.21
2020-02-25,8965.61,3116.39
2020-02-26,8980.77,2978.76
2020-02-27,8566.48,2954.22
2020-02-28,8567.37,3090.23
2020-03-02,8952.16,3003.37
2020-03-03,8684.09,3130.12
2020-03-04,9018.09,3023.94
2020-03-05,8738.6,2972.37
2020-03-06,8575.62,2746.56
2020-03-09,7950.68,2882.23
2020-03-10,8344.25,2741.38
2020-03-11,7952.05,2480.64
2020-03-12,7201.8,2711.02
2020-03-13,7874.88,2386.13
2020-03-16,6904.59,2529.19
2020-03-17,7334.78,2398.1
2020-03-18,6989.84,2409.39
2020-03-19,7150.58,2304.92
2020-03-20,6879.52,2237.4
2020-03-23,6860.67,2447.33
2020-03-24,7417.86,2475.56
2020-03-25,7384.3,2630.07
2020-03-26,7797.54,2541.47
2020-03-27,7502.38,2626.65
2020-03-30,7774.15,2584.59
2020-03-31,7700.1,2470.5
2020-04-01,7360.58,2526.9
2020-04-02,7487.31,2488.65
2020-04-03,7373.08,2663.68
2020-04-06,7913.24,2659.41
2020-04-07,7887.26,2749.98
2020-04-08,8090.9,2789.82
2020-04-09,8153.58,2761.63
2020-04-13,8192.42,2846.06
2020-04-14,8515.74,2783.36
2020-04-15,8393.18,2799.55
2020-04-16,8532.36,2874.56
2020-04-17,8650.14,2823.16
2020-04-20,8560.73,2736.56
2020-04-21,8263.23,2799.31
2020-04-22,8495.38,2797.8
2020-04-23,8494.75,2836.74
2020-04-24,8634.52,2878.48
2020-04-27,8730.16,2863.39
2020-04-28,8607.73,2939.51
2020-04-29,8914.71,2912.43
2020-04-30,8889.55,2830.71
2020-05-01,8604.95,2842.74
2020-05-04,8710.71,2868.44
2020-05-05,8809.12,2848.42
2020-05-06,8854.39,2881.19
2020-05-07,8979.66,2929.8
2020-05-08,9121.32,2930.32
2020-05-11,9192.34,2870.12
2020-05-12,9002.55,2820
2020-05-13,8863.17,2852.5
2020-05-14,8943.72,2863.7
2020-05-15,9014.56,2953.91
2020-05-18,9234.83,2922.94
2020-05-19,9185.1,2971.61
2020-05-20,9375.78,2948.51
2020-05-21,9284.88,2955.45
2020-05-22,9324.59,2991.77
2020-05-26,9340.22,3036.13
2020-05-27,9412.36,3029.73
2020-05-28,9368.99,3044.31
2020-05-29,9489.87,3055.73
2020-06-01,9552.05,3080.82
2020-06-02,9608.37,3122.87
2020-06-03,9682.91,3112.35
2020-06-04,9615.81,3193.93
2020-06-05,9814.08,3232.39
2020-06-08,9924.74,3207.18
2020-06-09,9953.75,3190.14
2020-06-10,10020.35,3002.1
2020-06-11,9492.73,3041.31
2020-06-12,9588.81,3066.59
2020-06-15,9726.02,3124.74
2020-06-16,9895.87,3113.49
2020-06-17,9910.53,3115.34
2020-06-18,9943.05,3097.74
2020-06-19,9946.12,3117.86
2020-06-22,10056.47,3131.29
2020-06-23,10131.37,3050.33
2020-06-24,9909.17,3083.76
2020-06-25,10017,3009.05
2020-06-26,9757.22,3053.24
2020-06-29,9874.15,3100.29
2020-06-30,10058.77,3115.86
2020-07-01,10154.63,3130.01
2020-07-02,10207.63,3179.72
2020-07-06,10433.65,3145.32
2020-07-07,10343.89,3169.94
2020-07-08,10492.5,3152.05
2020-07-09,10547.75,3185.04
2020-07-10,10617.44,3155.22
2020-07-13,10390.84,3197.52
2020-07-14,10488.58,3226.56
2020-07-15,10550.49,3215.57
2020-07-16,10473.83,3224.73
2020-07-17,10503.19,3251.84
2020-07-20,10767.09,3257.3
2020-07-21,10680.36,3276.02
2020-07-22,10706.13,3235.66
2020-07-23,10461.42,3215.63
2020-07-24,10363.18,3239.41
2020-07-27,10536.27,3218.44
2020-07-28,10402.09,3258.44
2020-07-29,10542.94,3246.22
2020-07-30,10587.81,3271.12
2020-07-31,10745.27,3294.61
2020-08-03,10902.8,3306.51
2020-08-04,10941.17,3327.77
2020-08-05,10998.4,3349.16
2020-08-06,11108.07,3351.28
2020-08-07,11010.98,3360.47
2020-08-10,10968.36,3333.69
2020-08-11,10782.82,3380.35
2020-08-12,11012.24,3373.43
2020-08-13,11042.5,3372.85
2020-08-14,11019.3,3381.99
2020-08-17,11129.73,3389.78
2020-08-18,11210.84,3374.85
2020-08-19,11146.46,3385.51
2020-08-20,11264.95,3397.16
2020-08-21,11311.8,3431.28
2020-08-24,11379.72,3443.62
2020-08-25,11466.47,3478.73
2020-08-26,11665.06,3484.55
2020-08-27,11625.34,3508.01
2020-08-28,11695.63,3500.31
2020-08-31,11775.46,3526.65
2020-09-01,11939.67,3580.84
2020-09-02,12056.44,3455.06
2020-09-03,11458.1,3426.96
2020-09-04,11313.13,3331.84
2020-09-08,10847.69,3398.96
2020-09-09,11141.56,3339.19
2020-09-10,10919.59,3340.97
2020-09-11,10853.55,3383.54
2020-09-14,11056.65,3401.2
2020-09-15,11190.32,3385.49
2020-09-16,11050.47,3357.01
2020-09-17,10910.28,3319.47
2020-09-18,10793.28,3281.06
2020-09-21,10778.8,3315.57
2020-09-22,10963.64,3236.92
2020-09-23,10632.99,3246.59
2020-09-24,10672.27,3298.46
2020-09-25,10913.56,3351.6
2020-09-28,11117.52,3335.47
2020-09-29,11085.25,3363
2020-09-30,11167.51,3380.8
2020-10-01,11326.51,3348.44
2020-10-02,11075.02,3408.63
2020-10-05,11332.49,3360.95
2020-10-06,11154.6,3419.45
2020-10-07,11364.6,3446.83
2020-10-08,11420.98,3477.13
2020-10-09,11579.94,3534.22
2020-10-12,11876.26,3511.93
2020-10-13,11863.9,3488.67
2020-10-14,11768.73,3483.34
2020-10-15,11713.87,3483.81
2020-10-16,11671.56,3426.92
2020-10-19,11478.88,3443.12
2020-10-20,11516.49,3435.56
2020-10-21,11484.69,3453.49
2020-10-22,11506.01,3465.39
2020-10-23,11548.28,3400.97
2020-10-26,11358.94,3390.68
2020-10-27,11431.35,3271.03
2020-10-28,11004.87,3310.11
2020-10-29,11185.59,3269.96
2020-10-30,10911.59,3310.24
2020-11-02,10957.61,3369.02
2020-11-03,11160.57,3443.44
2020-11-04,11590.78,3510.45
2020-11-05,11890.93,3509.44
2020-11-06,11895.23,3550.5
2020-11-09,11713.78,3545.53
2020-11-10,11553.86,3572.66
2020-11-11,11786.43,3537.01
2020-11-12,11709.59,3585.15
2020-11-13,11829.29,3626.91
2020-11-16,11924.13,3609.53
2020-11-17,11899.34,3567.79
2020-11-18,11801.6,3581.87
2020-11-19,11904.71,3557.54
2020-11-20,11854.97,3577.59
2020-11-23,11881.17,3635.41
2020-11-24,12037.33,3629.65
2020-11-25,12094.4,3638.35
2020-11-27,12205.85,3621.63
2020-11-30,12198.74,3662.45
2020-12-01,12355.11,3669.01
2020-12-02,12349.37,3666.72
2020-12-03,12377.18,3699.12
2020-12-04,12464.23,3691.96
2020-12-07,12519.95,3702.25
2020-12-08,12582.77,3672.82
2020-12-09,12338.95,3668.1
2020-12-10,12405.81,3663.46
2020-12-11,12377.87,3647.49
2020-12-14,12440.04,3694.62
2020-12-15,12595.06,3701.17
2020-12-16,12658.19,3722.48
2020-12-17,12764.75,3709.41
2020-12-18,12755.64,3694.92
2020-12-21,12742.52,3687.26
2020-12-22,12807.92,3690.01
2020-12-23,12771.11,3703.06
2020-12-24,12804.73,3735.36
2020-12-28,12899.42,3727.04
2020-12-29,12850.22,3732.04
2020-12-30,12870,3756.07
2020-12-31,12888.28,3700.65
2021-01-04,12698.45,3726.86
2021-01-05,12818.96,3748.14
2021-01-06,12740.79,3803.79
2021-01-07,13067.48,3824.68
2021-01-08,13201.98,3799.61
2021-01-11,13036.43,3801.19
2021-01-12,13072.43,3809.84
2021-01-13,13128.95,3795.54
2021-01-14,13112.64,3768.25
2021-01-15,12998.5,3798.91
2021-01-19,13197.18,3851.85
2021-01-20,13457.25,3853.07
2021-01-21,13530.91,3841.47
2021-01-22,13543.06,3855.36
2021-01-25,13635.99,3849.62
2021-01-26,13626.06,3750.77
2021-01-27,13270.6,3787.38
2021-01-28,13337.16,3714.24
2021-01-29,13070.69,3773.86
2021-02-01,13403.39,3826.31
2021-02-02,13612.78,3830.17
2021-02-03,13610.54,3871.74
2021-02-04,13777.74,3886.83
2021-02-05,13856.3,3915.59
2021-02-08,13987.64,3911.23
2021-02-09,14007.7,3909.88
2021-02-10,13972.53,3916.38
2021-02-11,14025.77,3934.83
2021-02-12,14095.47,3932.59
2021-02-16,14047.5,3931.33
2021-02-17,13965.49,3913.97
2021-02-18,13865.36,3906.71
2021-02-19,13874.46,3876.5
2021-02-22,13533.05,3881.37
2021-02-23,13465.2,3925.43
2021-02-24,13597.97,3829.34
2021-02-25,13119.43,3811.15
2021-02-26,13192.35,3901.82
2021-03-01,13588.83,3870.29
2021-03-02,13358.79,3819.72
2021-03-03,12997.75,3768.47
2021-03-04,12723.47,3841.94
2021-03-05,12920.15,3821.35
2021-03-08,12609.16,3875.44
2021-03-09,13073.82,3898.81
2021-03-10,13068.83,3939.34
2021-03-11,13398.67,3943.34
2021-03-12,13319.86,3968.94
2021-03-15,13459.71,3962.71
2021-03-16,13471.57,3974.12
2021-03-17,13525.2,3915.46
2021-03-18,13116.17,3913.1
2021-03-19,13215.24,3940.59
2021-03-22,13377.54,3910.52
2021-03-23,13227.7,3889.14
2021-03-24,12961.89,3909.52
2021-03-25,12977.68,3974.54
2021-03-26,13138.72,3971.09
2021-03-29,13059.65,3958.55
2021-03-30,13045.39,3972.89
2021-03-31,13246.87,4019.87
2021-04-01,13480.11,4077.91
2021-04-05,13705.59,4073.94
2021-04-06,13698.38,4079.95
2021-04-07,13688.84,4097.17
2021-04-08,13829.31,4128.8
2021-04-09,13900.19,4127.99
2021-04-12,13850,4141.59
2021-04-13,13996.1,4124.66
2021-04-14,13857.84,4170.42
2021-04-15,14038.76,4185.47
2021-04-16,14052.34,4163.26
2021-04-19,13914.77,4134.94
2021-04-20,13786.27,4173.42
2021-04-21,13950.22,4134.98
2021-04-22,13818.41,4180.17
2021-04-23,14016.81,4187.62
2021-04-26,14138.78,4186.72
2021-04-27,14090.22,4183.18
2021-04-28,14051.03,4211.47
2021-04-29,14082.55,4181.17
2021-04-30,13962.68,4192.66
2021-05-03,13895.12,4164.66
2021-05-04,13633.5,4167.59
2021-05-05,13582.42,4201.62
2021-05-06,13632.84,4232.6
2021-05-07,13752.24,4188.43
2021-05-10,13401.86,4152.1
2021-05-11,13389.43,4063.04
2021-05-12,13031.68,4112.5
2021-05-13,13124.99,4173.85
2021-05-14,13379.05,4163.29
2021-05-17,13379.05,4127.83
2021-05-18,13303.64,4115.68
2021-05-19,13299.74,4159.12
2021-05-20,13535.74,4155.86
2021-05-21,13470.99,4197.05
2021-05-24,13661.17,4188.13
2021-05-25,13657.17,4195.99
2021-05-26,13738,4200.88
2021-05-27,13736.28,4204.11
2021-05-28,13748.74,4202.04
2021-06-01,13736.48,4208.12
2021-06-02,13756.33,4192.85
2021-06-03,13614.51,4229.89
2021-06-04,13814.49,4226.52
2021-06-07,13881.72,4227.26
2021-06-08,13924.91,4219.55
2021-06-09,13911.75,4239.18
2021-06-10,14020.33,4247.44
2021-06-11,14069.42,4255.15
2021-06-14,14174.14,4246.59
2021-06-15,14072.86,4223.7
2021-06-16,14039.68,4221.86
2021-06-17,14161.35,4166.45
2021-06-18,14030.38,4224.79
2021-06-21,14141.48,4246.44
2021-06-22,14253.27,4241.84
2021-06-23,14271.73,4266.49
2021-06-24,14369.71,4280.7
2021-06-25,14360.39,4290.61
2021-06-28,14500.51,4291.8
2021-06-29,14528.33,4297.5
2021-06-30,14503.95,4319.94
2021-07-01,14522.38,4352.34
2021-07-02,14639.33,4343.54
2021-07-06,14663.64,4358.13
2021-07-07,14665.06,4320.82
2021-07-08,14559.78,4369.55
2021-07-09,14701.92,4384.63
2021-07-12,14733.24,4369.21
2021-07-13,14677.65,4374.3
2021-07-14,14644.95,4360.03
2021-07-15,14543.13,4327.16
2021-07-16,14427.24,4258.49
2021-07-19,14274.98,4323.06
2021-07-20,14498.88,4358.69
2021-07-21,14631.95,4367.48
2021-07-22,14684.6,4411.79
2021-07-23,14836.99,4422.3
2021-07-26,14840.71,4401.46
2021-07-27,14660.58,4400.64
2021-07-28,14762.58,4419.15
2021-07-29,14778.26,4395.26
2021-07-30,14672.68,4387.16
2021-08-02,14681.07,4423.15
2021-08-03,14761.29,4402.66
2021-08-04,14780.53,4429.1
2021-08-05,14895.12,4436.52
2021-08-06,14835.76,4432.35
2021-08-09,14860.18,4436.75
2021-08-10,14788.09,4447.7
2021-08-11,14765.14,4460.83
2021-08-12,14816.26,4468
2021-08-13,14822.9,4479.71
2021-08-16,14793.76,4448.08
2021-08-17,14656.18,4400.27
2021-08-18,14525.91,4405.8
2021-08-19,14541.79,4441.67
2021-08-20,14714.66,4479.53
2021-08-23,14942.65,4486.23
2021-08-24,15019.8,4496.19
2021-08-25,15041.86,4470
2021-08-26,14945.81,4509.37
2021-08-27,15129.5,4528.79
2021-08-30,15265.89,4522.68
2021-08-31,15259.24,4524.09
2021-09-01,15309.38,4536.95
2021-09-02,15331.18,4535.43
2021-09-03,15363.52,4520.03
2021-09-07,15374.33,4514.07
2021-09-08,15286.64,4493.28
2021-09-09,15248.25,4458.58
2021-09-10,15115.49,4468.73
2021-09-13,15105.58,4443.05
2021-09-14,15037.76,4480.7
2021-09-15,15161.53,4473.75
2021-09-16,15181.92,4432.99
2021-09-17,15043.97,4357.73
2021-09-20,14713.9,4354.19
2021-09-21,14746.4,4395.64
2021-09-22,14896.85,4448.98
2021-09-23,15052.24,4455.48
2021-09-24,15047.7,4443.11
2021-09-27,14969.97,4352.63
2021-09-28,14546.68,4359.46
2021-09-29,14512.44,4307.54
2021-09-30,14448.58,4357.04
2021-10-01,14566.7,4300.46
2021-10-04,14255.48,4345.72
2021-10-05,14433.83,4363.55
2021-10-06,14501.91,4399.76
2021-10-07,14654.02,4391.34
2021-10-08,14579.54,4361.19
2021-10-11,14486.2,4350.65
2021-10-12,14465.92,4363.8
2021-10-13,14571.64,4438.26
2021-10-14,14823.43,4471.37
2021-10-15,14897.34,4486.46
2021-10-18,15021.81,4519.63
2021-10-19,15129.09,4536.19
2021-10-20,15121.68,4549.78
2021-10-21,15215.7,4544.9
2021-10-22,15090.2,4566.48
2021-10-25,15226.71,4574.79
2021-10-26,15235.71,4551.68
2021-10-27,15235.84,4596.42
2021-10-28,15448.12,4605.38
2021-10-29,15498.39,4613.67
2021-11-01,15595.92,4630.65
2021-11-02,15649.6,4660.57
2021-11-03,15811.58,4680.06
2021-11-04,15940.31,4697.53
2021-11-05,15971.59,4701.7
2021-11-08,15982.36,4685.25
2021-11-09,15886.54,4646.71
2021-11-10,15622.71,4649.27
2021-11-11,15704.28,4682.85
2021-11-12,15860.96,4682.8
2021-11-15,15853.85,4700.9
2021-11-16,15973.86,4688.67
2021-11-17,15921.57,4704.54
2021-11-18,15993.71,4697.96
2021-11-19,16057.44,4682.94
2021-11-22,15854.76,4690.7
2021-11-23,15775.14,4701.46
2021-11-24,15845.23,4594.62
2021-11-26,15491.66,4655.27
2021-11-29,15782.83,4567
2021-11-30,15537.69,4513.04
2021-12-01,15254.05,4577.1
2021-12-02,15381.32,4538.43
2021-12-03,15085.47,4591.67
2021-12-06,15225.15,4686.75
2021-12-07,15686.92,4701.21
2021-12-08,15786.99,4667.45
2021-12-09,15517.37,4712.02
2021-12-10,15630.6,4668.97
2021-12-13,15413.28,4634.09
2021-12-14,15237.64,4709.85
2021-12-15,15565.58,4668.67
2021-12-16,15180.43,4620.64
2021-12-17,15169.68,4568.02
2021-12-20,14980.94,4649.23
2021-12-21,15341.09,4696.56
2021-12-22,15521.89,4725.79
2021-12-23,15653.37,4791.19
2021-12-27,15871.26,4786.35
2021-12-28,15781.72,4793.06
2021-12-29,15766.22,4778.73
2021-12-30,15741.56,4766.18
2021-12-31,15644.97,4796.56
2022-01-03,15832.8,4793.54
2022-01-04,15622.72,4700.58
2022-01-05,15100.17,4696.05
2022-01-06,15080.86,4677.03
2022-01-07,14935.9,4670.29
2022-01-10,14942.83,4713.07
2022-01-11,15153.45,4726.35
2022-01-12,15188.39,4659.03
2022-01-13,14806.81,4662.85
2022-01-14,14893.75,4577.11
2022-01-18,14506.9,4532.76
2022-01-19,14340.26,4482.73
2022-01-20,14154.02,4397.94
2022-01-21,13768.92,4410.13
2022-01-24,13855.13,4356.45
2022-01-25,13539.29,4349.93
2022-01-26,13542.12,4326.51
2022-01-27,13352.78,4431.85
2022-01-28,13770.57,4515.55
2022-01-31,14239.88,4546.54
2022-02-01,14346,4589.38
2022-02-02,14417.55,4477.44
2022-02-03,13878.82,4500.53
2022-02-04,14098.01,4483.87
2022-02-07,14015.67,4521.54
2022-02-08,14194.45,4587.18
2022-02-09,14490.37,4504.08
2022-02-10,14185.64,4418.64
2022-02-11,13791.15,4401.67
2022-02-14,13790.92,4471.07
2022-02-15,14139.76,4475.01
2022-02-16,14124.09,4380.26
2022-02-17,13716.72,4348.87
2022-02-18,13548.07,4304.76
2022-02-22,13381.52,4225.5
2022-02-23,13037.49,4288.7
2022-02-24,13473.58,4384.65
2022-02-25,13694.62,4373.94
2022-02-28,13751.4,4306.26
2022-03-01,13532.46,4386.54
2022-03-02,13752.02,4363.49
2022-03-03,13537.94,4328.87
2022-03-04,13313.44,4201.09
2022-03-07,12830.96,4170.7
2022-03-08,12795.55,4277.88
2022-03-09,13255.55,4259.52
2022-03-10,13129.96,4204.31
2022-03-11,12843.81,4173.11
2022-03-14,12581.22,4262.45
2022-03-15,12948.62,4357.86
2022-03-16,13436.55,4411.67
2022-03-17,13614.78,4463.12
2022-03-18,13893.84,4461.18
2022-03-21,13838.46,4511.61
2022-03-22,14108.82,4456.24
2022-03-23,13922.6,4520.16
2022-03-24,14191.84,4543.06
2022-03-25,14169.3,4575.52
2022-03-28,14354.9,4631.6
2022-03-29,14619.64,4602.45
2022-03-30,14442.27,4530.41
2022-03-31,14220.52,4545.86
2022-04-01,14261.5,4582.64
2022-04-04,14532.55,4525.12
2022-04-05,14204.17,4481.15
2022-04-06,13888.82,4500.21
2022-04-07,13897.3,4488.28
2022-04-08,13711,4412.53
2022-04-11,13411.96,4397.45
2022-04-12,13371.57,4446.59
2022-04-13,13643.59,4392.59
2022-04-14,13351.08,4391.69
2022-04-18,13332.36,4462.21
2022-04-19,13619.66,4459.45
2022-04-20,13453.07,4393.66
2022-04-21,13174.65,4271.78
2022-04-22,12839.29,4296.12
2022-04-25,13004.85,4175.2
2022-04-26,12490.74,4183.96
2022-04-27,12488.93,4287.5
2022-04-28,12871.53,4131.93
2022-04-29,12334.64,4155.38
2022-05-02,12536.02,4175.48
2022-05-03,12563.76,4300.17
2022-05-04,12964.86,4146.87
2022-05-05,12317.69,4123.34
2022-05-06,12144.66,3991.24
2022-05-09,11623.25,4001.05
2022-05-10,11737.67,3935.18
2022-05-11,11364.24,3930.08
2022-05-12,11370.96,4023.89
2022-05-13,11805,4008.01
2022-05-16,11662.79,4088.85
2022-05-17,11984.52,3923.68
2022-05-18,11418.15,3900.79
2022-05-19,11388.5,3901.36
2022-05-20,11354.62,3973.75
2022-05-23,11535.27,3941.48
2022-05-24,11264.45,3978.73
2022-05-25,11434.74,4057.84
2022-05-26,11740.65,4158.24
2022-05-27,12131.13,4132.15
2022-05-31,12081.39,4101.23
2022-06-01,11994.46,4176.82
2022-06-02,12316.9,4108.54
2022-06-03,12012.73,4121.43
2022-06-06,12061.37,4160.68
2022-06-07,12175.23,4115.77
2022-06-08,12086.27,4017.82
2022-06-09,11754.23,3900.86
2022-06-10,11340.02,3749.63
2022-06-13,10809.23,3735.48
2022-06-14,10828.35,3789.99
2022-06-15,11099.15,3666.77
2022-06-16,10646.1,3674.84
2022-06-17,10798.35,3764.79
2022-06-21,11069.3,3759.89
2022-06-22,11053.08,3795.73
2022-06-23,11232.19,3911.74
2022-06-24,11607.62,3900.11
2022-06-27,11524.55,3821.55
2022-06-28,11181.54,3818.83
2022-06-29,11177.89,3785.38
2022-06-30,11028.74,3825.33
2022-07-01,11127.85,3831.39
2022-07-05,11322.24,3845.08
2022-07-06,11361.85,3902.62
2022-07-07,11621.35,3899.38
2022-07-08,11635.31,3854.43
2022-07-11,11372.6,3818.8
2022-07-12,11264.73,3801.78
2022-07-13,11247.58,3790.38
2022-07-14,11251.19,3863.16
2022-07-15,11452.42,3830.85
2022-07-18,11360.05,3936.69
2022-07-19,11713.15,3959.9
2022-07-20,11897.65,3998.95
2022-07-21,12059.61,3961.63
2022-07-22,11834.11,3966.84
2022-07-25,11782.67,3921.05
2022-07-26,11562.57,4023.61
2022-07-27,12032.42,4072.43
2022-07-28,12162.59,4130.29
2022-07-29,12390.69,4118.63
2022-08-01,12368.98,4091.19
2022-08-02,12348.76,4155.17
2022-08-03,12668.16,4151.94
2022-08-04,12720.58,4145.19
2022-08-05,12657.55,4140.06
2022-08-08,12644.46,4122.47
2022-08-09,12493.93,4210.24
2022-08-10,12854.8,4207.27
2022-08-11,12779.91,4280.15
2022-08-12,13047.19,4297.14
2022-08-15,13128.05,4305.2
2022-08-16,13102.55,4274.04
2022-08-17,12938.12,4283.74
2022-08-18,12965.34,4228.48
2022-08-19,12705.22,4137.99
2022-08-22,12381.57,4128.73
2022-08-23,12381.3,4140.77
2022-08-24,12431.53,4199.12
2022-08-25,12639.27,4057.66
2022-08-26,12141.71,4030.61
2022-08-29,12017.67,3986.16
2022-08-30,11883.14,3955
2022-08-31,11816.2,3966.85
2022-09-01,11785.13,3924.26
2022-09-02,11630.86,3908.19
2022-09-06,11544.91,3979.87
2022-09-07,11791.9,4006.18
2022-09-08,11862.13,4067.36
2022-09-09,12112.31,4110.41
2022-09-12,12266.41,3932.69
2022-09-13,11633.57,3946.01
2022-09-14,11719.68,3901.35
2022-09-15,11552.36,3873.33
2022-09-16,11448.4,3899.89
2022-09-19,11535.02,3855.93
2022-09-20,11425.05,3789.93
2022-09-21,11220.19,3757.99
2022-09-22,11066.81,3693.23
2022-09-23,10867.93,3655.04
2022-09-26,10802.92,3647.29
2022-09-27,10829.5,3719.04
2022-09-28,11051.64,3640.47
2022-09-29,10737.51,3585.62
2022-09-30,10575.62,3678.43
2022-10-03,10815.43,3790.93
2022-10-04,11176.41,3783.28
2022-10-05,11148.64,3744.52
2022-10-06,11073.31,3639.66
2022-10-07,10652.4,3612.39
2022-10-10,10542.1,3588.84
2022-10-11,10426.19,3577.03
2022-10-12,10417.1,3669.91
2022-10-13,10649.15,3583.07
2022-10-14,10321.39,3677.95
2022-10-17,10675.8,3719.98
2022-10-18,10772.4,3695.16
2022-10-19,10680.51,3665.78
2022-10-20,10614.84,3752.75
2022-10-21,10859.72,3797.34
2022-10-24,10952.61,3859.11
2022-10-25,11199.12,3830.6
2022-10-26,10970.99,3807.3
2022-10-27,10792.67,3901.06
2022-10-28,11102.45,3871.98
2022-10-31,10988.15,3856.1