"DateTime","Positive","Neutral","Negative","Price"
"2019-07-19 00:00:00",4,26,4,10446.285
"2019-07-20 00:00:00",2,17,2,10736.755000000001
"2019-07-21 00:00:00",1,17,0,10581.939999999999
"2019-07-22 00:00:00",0,26,2,10374.335
"2019-07-23 00:00:00",1,13,1,10074.525000000001
"2019-07-24 00:00:00",4,22,4,9728.16
"2019-07-25 00:00:00",2,15,1,9964.565
"2019-07-26 00:00:00",0,8,0,9779.285
"2019-07-27 00:00:00",1,5,0,9756.71
"2019-07-28 00:00:00",0,2,0,9363.58
"2019-07-29 00:00:00",0,18,3,9552.295
"2019-07-30 00:00:00",1,27,0,9570.655
"2019-07-31 00:00:00",3,32,5,9852.77
"2019-08-01 00:00:00",1,39,3,10189.65
"2019-08-02 00:00:00",6,33,5,10503.73
"2019-08-03 00:00:00",4,7,1,10712.175
"2019-08-04 00:00:00",7,15,3,10823.595000000001
"2019-08-05 00:00:00",1,35,0,11462.134999999998
"2019-08-06 00:00:00",2,32,2,11770.475
"2019-08-07 00:00:00",1,23,7,11766.265
"2019-08-08 00:00:00",3,24,4,11770.455000000002
"2019-08-09 00:00:00",1,30,8,11850.814999999999
"2019-08-10 00:00:00",2,15,5,11601.885
"2019-08-11 00:00:00",3,8,0,11338.36
"2019-08-12 00:00:00",3,32,4,11397.56
"2019-08-13 00:00:00",2,29,5,11102.39
"2019-08-14 00:00:00",2,27,4,10399.01
"2019-08-15 00:00:00",4,31,6,9974.365000000002
"2019-08-16 00:00:00",0,31,4,10154.645
"2019-08-17 00:00:00",0,20,2,10242.7
"2019-08-18 00:00:00",2,26,2,10296.175
"2019-08-19 00:00:00",3,21,1,10592.57
"2019-08-20 00:00:00",4,29,4,10766.215
"2019-08-21 00:00:00",4,34,3,10337.885
"2019-08-22 00:00:00",3,24,7,10004.525
"2019-08-23 00:00:00",2,25,4,10260.904999999999
"2019-08-24 00:00:00",3,18,2,10171.095000000001
"2019-08-25 00:00:00",1,16,1,10130.490000000002
"2019-08-26 00:00:00",2,35,1,10384.34
"2019-08-27 00:00:00",1,18,2,10210.09
"2019-08-28 00:00:00",5,30,1,9941.21
"2019-08-29 00:00:00",1,28,0,9534.605
"2019-08-30 00:00:00",7,26,5,9534.060000000001
"2019-08-31 00:00:00",1,19,2,9613.07
"2019-09-01 00:00:00",1,23,2,9701.095000000001
"2019-09-02 00:00:00",0,29,4,10111.880000000001
"2019-09-03 00:00:00",3,38,2,10534.785
"2019-09-04 00:00:00",2,23,2,10610.009999999998
"2019-09-05 00:00:00",1,22,2,10567.74
"2019-09-06 00:00:00",4,28,1,10583.279999999999
"2019-09-07 00:00:00",3,18,1,10439.605
"2019-09-08 00:00:00",0,11,1,10441.279999999999
"2019-09-09 00:00:00",5,28,3,10308.23
"2019-09-10 00:00:00",6,29,3,10181.02
"2019-09-11 00:00:00",3,24,6,10063.05
"2019-09-12 00:00:00",2,21,5,10264.58
"2019-09-13 00:00:00",3,37,1,10223.395
"2019-09-14 00:00:00",2,21,1,10353.669999999998
"2019-09-15 00:00:00",0,14,0,10340.555
"2019-09-16 00:00:00",1,20,3,10257.465
"2019-09-17 00:00:00",3,32,4,10225.23
"2019-09-18 00:00:00",2,21,2,10186.545
"2019-09-19 00:00:00",7,11,3,10004.785
"2019-09-20 00:00:00",0,2,0,10193.365
"2019-09-21 00:00:00",0,0,0,10066.125
"2019-09-22 00:00:00",0,0,0,9984.314999999999
"2019-09-23 00:00:00",2,14,0,9854.995
"2019-09-24 00:00:00",11,39,2,8947.295
"2019-09-25 00:00:00",3,48,4,8499.220000000001
"2019-09-26 00:00:00",3,36,4,8112.365
"2019-09-27 00:00:00",5,17,1,8096.36
"2019-09-28 00:00:00",5,24,0,8194.74
"2019-09-29 00:00:00",2,16,4,8104.66
"2019-09-30 00:00:00",8,14,2,8054.6
"2019-10-01 00:00:00",3,39,4,8374.805
"2019-10-02 00:00:00",2,27,0,8294.905
"2019-10-03 00:00:00",2,20,4,8269.825
"2019-10-04 00:00:00",4,21,0,8144.205
"2019-10-05 00:00:00",3,17,0,8142.38
"2019-10-06 00:00:00",0,17,1,8021.84
"2019-10-07 00:00:00",2,24,2,8062.05
"2019-10-08 00:00:00",5,26,2,8240.45
"2019-10-09 00:00:00",2,21,1,8415.15
"2019-10-10 00:00:00",2,31,3,8569.355
"2019-10-11 00:00:00",7,25,5,8546.94
"2019-10-12 00:00:00",3,9,4,8355.78
"2019-10-13 00:00:00",2,10,0,8346.375
"2019-10-14 00:00:00",3,19,0,8321.15
"2019-10-15 00:00:00",4,29,0,8278.115
"2019-10-16 00:00:00",3,29,1,8069.59
"2019-10-17 00:00:00",1,33,0,8047.225
"2019-10-18 00:00:00",4,26,5,8004.01
"2019-10-19 00:00:00",3,13,2,8013.87
"2019-10-20 00:00:00",0,9,0,8118.8099999999995
"2019-10-21 00:00:00",2,27,1,8268.315
"2019-10-22 00:00:00",5,24,3,8169.885
"2019-10-23 00:00:00",4,29,3,7703.93
"2019-10-24 00:00:00",2,38,2,7447.22
"2019-10-25 00:00:00",6,35,2,8107.525
"2019-10-26 00:00:00",4,14,0,9517.66
"2019-10-27 00:00:00",3,14,0,9460
"2019-10-28 00:00:00",4,22,1,9568.099999999999
"2019-10-29 00:00:00",29,95,4,9332.235
"2019-10-30 00:00:00",49,140,14,9230.05
"2019-10-31 00:00:00",82,125,8,9197.58
"2019-11-01 00:00:00",42,104,8,9190.62
"2019-11-02 00:00:00",31,98,8,9311.95
"2019-11-03 00:00:00",47,160,11,9252.16
"2019-11-04 00:00:00",28,117,4,9359.869999999999
"2019-11-05 00:00:00",26,133,11,9346
"2019-11-06 00:00:00",105,139,9,9362.675
"2019-11-07 00:00:00",43,122,6,9248.384999999998
"2019-11-08 00:00:00",53,133,6,8973.285
"2019-11-09 00:00:00",31,94,3,8806.85
"2019-11-10 00:00:00",24,120,6,8947.46
"2019-11-11 00:00:00",31,135,16,8852.135
"2019-11-12 00:00:00",73,173,28,8722.470000000001
"2019-11-13 00:00:00",40,114,6,8781.005000000001
"2019-11-14 00:00:00",35,165,9,8697.98
"2019-11-15 00:00:00",96,138,9,8583.345000000001
"2019-11-16 00:00:00",157,173,18,8490.725
"2019-11-17 00:00:00",41,137,12,8526.21
"2019-11-18 00:00:00",70,301,32,8306.75
"2019-11-19 00:00:00",92,322,36,8116.245000000001
"2019-11-20 00:00:00",85,332,22,8139.98
"2019-11-21 00:00:00",101,321,34,7785.53
"2019-11-22 00:00:00",503,360,36,7268.465
"2019-11-23 00:00:00",165,287,29,7243.795
"2019-11-24 00:00:00",102,322,33,7126.74
"2019-11-25 00:00:00",169,394,49,6973.095
"2019-11-26 00:00:00",118,280,21,7196.469999999999
"2019-11-27 00:00:00",99,353,20,7277.305
"2019-11-28 00:00:00",151,300,76,7526.12
"2019-11-29 00:00:00",82,298,20,7648.83
"2019-11-30 00:00:00",447,311,22,7654.055
"2019-12-01 00:00:00",257,489,32,7418.725
"2019-12-02 00:00:00",65,347,16,7317.855
"2019-12-03 00:00:00",56,306,35,7340.635
"2019-12-04 00:00:00",83,283,23,7437.72
"2019-12-05 00:00:00",97,433,34,7334.405000000001
"2019-12-06 00:00:00",142,340,23,7465.825
"2019-12-07 00:00:00",52,238,7,7571.805
"2019-12-08 00:00:00",53,259,9,7504.655000000001
"2019-12-09 00:00:00",75,328,26,7481.73
"2019-12-10 00:00:00",67,194,20,7290.030000000001
"2019-12-11 00:00:00",52,242,18,7225.9349999999995
"2019-12-12 00:00:00",69,272,38,7206.655000000001
"2019-12-13 00:00:00",83,225,22,7253.735000000001
"2019-12-14 00:00:00",178,260,16,7158.46
"2019-12-15 00:00:00",202,149,48,7117.65
"2019-12-16 00:00:00",103,317,29,7020.825
"2019-12-17 00:00:00",68,298,35,6766.79
"2019-12-18 00:00:00",118,240,20,6946.475
"2019-12-19 00:00:00",91,299,14,7217.32
"2019-12-20 00:00:00",78,234,12,7164.31
"2019-12-21 00:00:00",65,198,9,7173.34
"2019-12-22 00:00:00",1943,199,11,7335.285
"2019-12-23 00:00:00",3969,271,17,7484.965
"2019-12-24 00:00:00",2529,372,17,7302.46
"2019-12-25 00:00:00",1785,382,20,7206.41
"2019-12-26 00:00:00",1122,183,17,7304.825
"2019-12-27 00:00:00",1625,201,21,7164.535
"2019-12-28 00:00:00",2052,108,20,7310.85
"2019-12-29 00:00:00",1564,274,30,7417.99
"2019-12-30 00:00:00",107,299,22,7319.43
"2019-12-31 00:00:00",99,182,28,7233.59
"2020-01-01 00:00:00",44,125,14,7219.49
"2020-01-02 00:00:00",91,199,22,7085.335
"2020-01-03 00:00:00",83,307,30,7144.865
"2020-01-04 00:00:00",152,251,21,7342.175
"2020-01-05 00:00:00",117,187,20,7415.745
"2020-01-06 00:00:00",81,260,36,7577.37
"2020-01-07 00:00:00",91,349,28,7977.599999999999
"2020-01-08 00:00:00",69,288,64,8166.3099999999995
"2020-01-09 00:00:00",84,214,25,7902.075
"2020-01-10 00:00:00",79,283,30,7937.305
"2020-01-11 00:00:00",82,164,14,8145.645
"2020-01-12 00:00:00",61,189,18,8076.77
"2020-01-13 00:00:00",103,252,28,8128.885
"2020-01-14 00:00:00",100,319,20,8490.235
"2020-01-15 00:00:00",103,294,24,8724.985
"2020-01-16 00:00:00",138,214,31,8716.67
"2020-01-17 00:00:00",86,237,24,8835.17
"2020-01-18 00:00:00",77,231,17,8890.955
"2020-01-19 00:00:00",69,197,29,8842.77
"2020-01-20 00:00:00",116,239,20,8629.44
"2020-01-21 00:00:00",97,198,26,8625.825
"2020-01-22 00:00:00",100,324,27,8688.085
"2020-01-23 00:00:00",103,301,30,8485.955
"2020-01-24 00:00:00",112,246,24,8371.665
"2020-01-25 00:00:00",101,207,38,8353.869999999999
"2020-01-26 00:00:00",245,178,23,8453.95
"2020-01-27 00:00:00",106,254,19,8781.69
"2020-01-28 00:00:00",105,302,34,9149.985
"2020-01-29 00:00:00",127,284,26,9331.715
"2020-01-30 00:00:00",126,331,46,9371.49
"2020-01-31 00:00:00",93,325,32,9363.615000000002
"2020-02-01 00:00:00",63,179,18,9376.244999999999
"2020-02-02 00:00:00",109,206,18,9319.525
"2020-02-03 00:00:00",110,294,36,9418.244999999999
"2020-02-04 00:00:00",114,254,38,9218.32
"2020-02-05 00:00:00",119,296,20,9456.630000000001
"2020-02-06 00:00:00",126,242,23,9693.225
"2020-02-07 00:00:00",114,251,46,9790.17
"2020-02-08 00:00:00",90,223,33,9800.76
"2020-02-09 00:00:00",123,337,50,10021.689999999999
"2020-02-10 00:00:00",100,294,37,9973.125
"2020-02-11 00:00:00",99,316,26,10043.380000000001
"2020-02-12 00:00:00",91,311,20,10362.99
"2020-02-13 00:00:00",80,273,36,10290.78
"2020-02-14 00:00:00",107,310,24,10245.52
"2020-02-15 00:00:00",93,248,36,10089.244999999999
"2020-02-16 00:00:00",72,267,19,9838.5
"2020-02-17 00:00:00",114,308,34,9720.585
"2020-02-18 00:00:00",117,280,15,9946.560000000001
"2020-02-19 00:00:00",93,242,19,9820.105
"2020-02-20 00:00:00",92,322,32,9550.7
"2020-02-21 00:00:00",88,256,26,9674.115
"2020-02-22 00:00:00",84,203,19,9649.025
"2020-02-23 00:00:00",95,458,29,9840.64
"2020-02-24 00:00:00",87,265,23,9757.529999999999
"2020-02-25 00:00:00",104,306,32,9470.224999999999
"2020-02-26 00:00:00",147,307,40,9016.02
"2020-02-27 00:00:00",141,358,38,8759.79
"2020-02-28 00:00:00",76,297,39,8678.96
"2020-02-29 00:00:00",92,249,33,8680.474999999999
"2020-03-01 00:00:00",96,169,29,8610.14
"2020-03-02 00:00:00",97,232,30,8752.785
"2020-03-03 00:00:00",143,264,24,8810.630000000001
"2020-03-04 00:00:00",78,304,35,8777.365
"2020-03-05 00:00:00",71,294,25,8976.285
"2020-03-06 00:00:00",50,272,18,9099.305
"2020-03-07 00:00:00",55,256,18,9052.875
"2020-03-08 00:00:00",68,224,27,8476.67
"2020-03-09 00:00:00",72,333,59,7932.58
"2020-03-10 00:00:00",56,298,34,7961.605
"2020-03-11 00:00:00",67,261,34,7806.635
"2020-03-12 00:00:00",65,422,73,6360.1849999999995
"2020-03-13 00:00:00",92,525,48,4966.735000000001
"2020-03-14 00:00:00",67,220,32,5367.43
"2020-03-15 00:00:00",74,244,33,5537.92
"2020-03-16 00:00:00",98,335,42,4909.575000000001
"2020-03-17 00:00:00",104,280,24,5256.165
"2020-03-18 00:00:00",49,205,24,5237.865
"2020-03-19 00:00:00",60,350,28,5843.66
"2020-03-20 00:00:00",67,374,30,6311.865
"2020-03-21 00:00:00",65,571,29,6168.219999999999
"2020-03-22 00:00:00",1442,291,19,6082.91
"2020-03-23 00:00:00",1327,407,32,6159.1
"2020-03-24 00:00:00",80,295,17,6632.0650000000005
"2020-03-25 00:00:00",129,257,23,6731.645
"2020-03-26 00:00:00",475,241,22,6667.865
"2020-03-27 00:00:00",505,270,28,6594.75
"2020-03-28 00:00:00",544,223,13,6217.895
"2020-03-29 00:00:00",719,259,16,6084.58
"2020-03-30 00:00:00",188,1252,27,6245.87
"2020-03-31 00:00:00",63,683,59,6441.135
"2020-04-01 00:00:00",60,504,21,6442.02
"2020-04-02 00:00:00",61,798,13,6915.45
"2020-04-03 00:00:00",87,885,14,6831.415
"2020-04-04 00:00:00",48,898,12,6840.75
"2020-04-05 00:00:00",39,202,12,6799.73
"2020-04-06 00:00:00",362,293,27,7069.48
"2020-04-07 00:00:00",897,314,57,7273.515
"2020-04-08 00:00:00",841,366,5,7291.905000000001
"2020-04-09 00:00:00",1875,267,80,7249.445
"2020-04-10 00:00:00",1271,699,11,7031.235000000001
"2020-04-11 00:00:00",1027,2484,11,6870.895
"2020-04-12 00:00:00",371,2292,10,7001.0650000000005
"2020-04-13 00:00:00",204,1526,19,6763.05
"2020-04-14 00:00:00",569,1045,12,6880.360000000001
"2020-04-15 00:00:00",1744,424,22,6776.139999999999
"2020-04-16 00:00:00",391,1175,27,6847.094999999999
"2020-04-17 00:00:00",161,1815,29,7080.48
"2020-04-18 00:00:00",122,1233,18,7166.39
"2020-04-19 00:00:00",70,712,22,7174.585
"2020-04-20 00:00:00",146,849,38,6997.65
"2020-04-21 00:00:00",115,335,51,6864.145
"2020-04-22 00:00:00",141,262,50,6998.4349999999995
"2020-04-23 00:00:00",116,335,17,7386.38
"2020-04-24 00:00:00",144,411,39,7507.8150000000005
"2020-04-25 00:00:00",100,219,26,7577.19
"2020-04-26 00:00:00",105,244,19,7601.59
"2020-04-27 00:00:00",124,363,36,7715.155
"2020-04-28 00:00:00",149,974,21,7731.555
"2020-04-29 00:00:00",330,897,32,8342.73
"2020-04-30 00:00:00",142,440,48,8938.705
"2020-05-01 00:00:00",128,322,43,8848.93
"2020-05-02 00:00:00",346,243,32,8891.05
"2020-05-03 00:00:00",317,241,24,8966.630000000001
"2020-05-04 00:00:00",958,306,23,8753.195
"2020-05-05 00:00:00",16,30,3,8950.355
"2020-05-06 00:00:00",118,271,15,9166.525
"2020-05-07 00:00:00",130,2036,28,9553.425
"2020-05-08 00:00:00",102,1626,16,9885.185
"2020-05-09 00:00:00",119,375,25,9718.994999999999
"2020-05-10 00:00:00",142,1411,50,8892.535
"2020-05-11 00:00:00",207,1550,45,8696.71
"2020-05-12 00:00:00",194,1327,36,8758.845000000001
"2020-05-13 00:00:00",184,1445,53,9107.619999999999
"2020-05-14 00:00:00",1214,1161,32,9600.630000000001
"2020-05-15 00:00:00",58,617,10,9495.419999999998
"2020-05-16 00:00:00",97,351,10,9404.61
"2020-05-17 00:00:00",508,1306,41,9609.89
"2020-05-18 00:00:00",987,733,39,9710.055
"2020-05-19 00:00:00",289,588,41,9681.325
"2020-05-20 00:00:00",246,597,44,9578.380000000001
"2020-05-21 00:00:00",307,614,55,9189.175
"2020-05-22 00:00:00",380,474,34,9100.93
"2020-05-23 00:00:00",279,379,35,9206.21
"2020-05-24 00:00:00",249,480,22,9007.125
"2020-05-25 00:00:00",390,415,27,8808.445
"2020-05-26 00:00:00",272,389,45,8858.595000000001
"2020-05-27 00:00:00",247,438,26,9021.425
"2020-05-28 00:00:00",222,482,20,9365.82
"2020-05-29 00:00:00",256,319,34,9473.115
"2020-05-30 00:00:00",247,365,17,9538.09
"2020-05-31 00:00:00",158,226,6,9551.880000000001
"2020-06-01 00:00:00",32,353,11,9890.310000000001
"2020-06-02 00:00:00",6,43,2,9788.39
"2020-06-03 00:00:00",16,25,9,9537.404999999999
"2020-06-04 00:00:00",0,0,0,9674.395
"2020-06-05 00:00:00",43,107,8,9728.865000000002
"2020-06-06 00:00:00",357,238,9,9632.275
"2020-06-07 00:00:00",108,247,18,9608.27
"2020-06-08 00:00:00",563,273,24,9729.955
"2020-06-09 00:00:00",1015,253,17,9744.48
"2020-06-10 00:00:00",354,399,20,9849.515
"2020-06-11 00:00:00",635,419,23,9532.095000000001
"2020-06-12 00:00:00",297,530,44,9393.185
"2020-06-13 00:00:00",200,336,10,9427.945
"2020-06-14 00:00:00",218,281,18,9365.29
"2020-06-15 00:00:00",167,393,38,9204.095000000001
"2020-06-16 00:00:00",154,277,20,9484.25
"2020-06-17 00:00:00",4524,1093,23,9396.56
"2020-06-18 00:00:00",182,390,29,9378.11
"2020-06-19 00:00:00",119,325,21,9329.785
"2020-06-20 00:00:00",67,269,10,9286.57
"2020-06-21 00:00:00",94,282,22,9350.375
"2020-06-22 00:00:00",102,330,26,9529.025000000001
"2020-06-23 00:00:00",134,313,22,9650.29
"2020-06-24 00:00:00",112,379,17,9435.215
"2020-06-25 00:00:00",148,525,23,9168.09
"2020-06-26 00:00:00",108,940,17,9165.369999999999
"2020-06-27 00:00:00",124,582,15,9028.805
"2020-06-28 00:00:00",132,577,8,9067.895
"2020-06-29 00:00:00",105,321,12,9130.375
"2020-06-30 00:00:00",100,305,33,9134.880000000001
"2020-07-01 00:00:00",327,386,21,9198.5
"2020-07-02 00:00:00",185,278,24,9111.255000000001
"2020-07-03 00:00:00",409,219,11,9087.215
"2020-07-04 00:00:00",467,172,15,9124.154999999999
"2020-07-05 00:00:00",117,150,11,9044.385
"2020-07-06 00:00:00",158,259,18,9219.865
"2020-07-07 00:00:00",100,243,16,9293.5
"2020-07-08 00:00:00",118,198,23,9354.275
"2020-07-09 00:00:00",71,177,12,9306.52
"2020-07-10 00:00:00",105,234,17,9223.009999999998
"2020-07-11 00:00:00",60,188,12,9245.175
"2020-07-12 00:00:00",128,269,32,9254.56
"2020-07-13 00:00:00",65,222,21,9268.8
"2020-07-14 00:00:00",97,253,13,9194.635
"2020-07-15 00:00:00",110,323,33,9216.73
"2020-07-16 00:00:00",71,277,43,9122.85
"2020-07-17 00:00:00",68,239,23,9131.845000000001
"2020-07-18 00:00:00",78,218,10,9165.93
"2020-07-19 00:00:00",63,193,14,9175.855
"2020-07-20 00:00:00",77,264,19,9180.83
"2020-07-21 00:00:00",68,213,14,9298.9
"2020-07-22 00:00:00",129,241,12,9420.86
"2020-07-23 00:00:00",78,201,12,9566.875
"2020-07-24 00:00:00",89,307,28,9562.51
"2020-07-25 00:00:00",69,216,11,9640.74
"2020-07-26 00:00:00",117,230,15,9899.814999999999
"2020-07-27 00:00:00",94,343,29,10666.494999999999
"2020-07-28 00:00:00",129,424,33,10922.185
"2020-07-29 00:00:00",92,222,10,11101.285
"2020-07-30 00:00:00",96,209,22,11028.95
"2020-07-31 00:00:00",105,206,12,11217.990000000002
"2020-08-01 00:00:00",95,189,12,11557.875
"2020-08-02 00:00:00",112,194,9,11400.555
"2020-08-03 00:00:00",134,196,18,11210.975
"2020-08-04 00:00:00",148,353,20,11218.115
"2020-08-05 00:00:00",111,232,14,11443.545
"2020-08-06 00:00:00",142,246,12,11743.805
"2020-08-07 00:00:00",135,209,9,11631.52
"2020-08-08 00:00:00",157,197,13,11673.135
"2020-08-09 00:00:00",353,476,8,11668.43
"2020-08-10 00:00:00",146,240,14,11857.36
"2020-08-11 00:00:00",159,317,18,11539.5
"2020-08-12 00:00:00",183,292,14,11401.925
"2020-08-13 00:00:00",117,195,8,11539.955
"2020-08-14 00:00:00",121,200,4,11760.315
"2020-08-15 00:00:00",103,191,11,11839.75
"2020-08-16 00:00:00",134,238,12,11818.09
"2020-08-17 00:00:00",140,280,14,12125.195
"2020-08-18 00:00:00",348,606,29,12126.32
"2020-08-19 00:00:00",143,292,20,11807
"2020-08-20 00:00:00",127,198,10,11783.875
"2020-08-21 00:00:00",482,486,18,11688.595000000001
"2020-08-22 00:00:00",150,233,13,11532.54
"2020-08-23 00:00:00",101,172,11,11617.61
"2020-08-24 00:00:00",126,275,20,11711.045
"2020-08-25 00:00:00",383,307,34,11449
"2020-08-26 00:00:00",126,316,29,11400.939999999999
"2020-08-27 00:00:00",206,383,37,11363.58
"2020-08-28 00:00:00",170,334,14,11421.439999999999
"2020-08-29 00:00:00",127,223,7,11509.89
"2020-08-30 00:00:00",194,203,9,11594.525
"2020-08-31 00:00:00",46,340,51,11680.815
"2020-09-01 00:00:00",55,471,54,11801.24
"2020-09-02 00:00:00",54,323,42,11586.735
"2020-09-03 00:00:00",49,338,50,10743.315
"2020-09-04 00:00:00",54,343,29,10329.365
"2020-09-05 00:00:00",62,272,43,10225.5
"2020-09-06 00:00:00",40,195,22,10190.34
"2020-09-07 00:00:00",38,257,34,10152.8
"2020-09-08 00:00:00",33,252,34,10149.7
"2020-09-09 00:00:00",41,269,44,10169.36
"2020-09-10 00:00:00",39,257,25,10357.345000000001
"2020-09-11 00:00:00",38,221,32,10314.045
"2020-09-12 00:00:00",21,215,29,10384.595000000001
"2020-09-13 00:00:00",34,195,33,10401.685
"2020-09-14 00:00:00",30,194,19,10506.475
"2020-09-15 00:00:00",36,218,24,10784.575
"2020-09-16 00:00:00",38,256,32,10882.36
"2020-09-17 00:00:00",26,229,18,10901.619999999999
"2020-09-18 00:00:00",22,195,32,10932.295
"2020-09-19 00:00:00",40,186,25,11036.255
"2020-09-20 00:00:00",32,143,21,10929.564999999999
"2020-09-21 00:00:00",40,282,32,10655.99
"2020-09-22 00:00:00",19,175,17,10471.455
"2020-09-23 00:00:00",43,197,20,10356.55
"2020-09-24 00:00:00",34,172,24,10502.96
"2020-09-25 00:00:00",22,159,18,10662.259999999998
"2020-09-26 00:00:00",16,185,19,10740.57
"2020-09-27 00:00:00",28,152,11,10711.385
"2020-09-28 00:00:00",22,157,21,10800.39
"2020-09-29 00:00:00",13,138,12,10752.025000000001
"2020-09-30 00:00:00",17,122,11,10758.145
"2020-10-01 00:00:00",46,276,41,10690.564999999999
"2020-10-02 00:00:00",43,213,36,10528.279999999999
"2020-10-03 00:00:00",10,142,13,10554.885
"2020-10-04 00:00:00",7,103,12,10617.220000000001
"2020-10-05 00:00:00",20,126,10,10713.650000000001
"2020-10-06 00:00:00",26,181,32,10667.49
"2020-10-07 00:00:00",24,140,18,10617.085
"2020-10-08 00:00:00",33,165,20,10749.310000000001
"2020-10-09 00:00:00",2,7,1,10974.31
"2020-10-10 00:00:00",0,0,0,11271.705
"2020-10-11 00:00:00",0,0,0,11359.095000000001
"2020-10-12 00:00:00",0,0,0,11474.635
"2020-10-13 00:00:00",0,0,0,11438.125
"2020-10-14 00:00:00",16,92,10,11424.564999999999
"2020-10-15 00:00:00",15,106,12,11438.32
"2020-10-16 00:00:00",26,107,10,11385.119999999999
"2020-10-17 00:00:00",17,95,11,11340.35
"2020-10-18 00:00:00",17,108,17,11435.465
"2020-10-19 00:00:00",24,189,18,11619.53
"2020-10-20 00:00:00",47,218,31,11868.06
"2020-10-21 00:00:00",64,324,30,12568.45
"2020-10-22 00:00:00",55,243,35,12949.215
"2020-10-23 00:00:00",34,126,13,12882.220000000001
"2020-10-24 00:00:00",29,125,10,13026.89
"2020-10-25 00:00:00",24,179,5,13128.545
"2020-10-26 00:00:00",30,155,19,13019.42
"2020-10-27 00:00:00",46,279,22,13421.89
"2020-10-28 00:00:00",41,229,38,13380.86
"2020-10-29 00:00:00",37,195,29,13314.58
"2020-10-30 00:00:00",30,163,27,13403.71
"2020-10-31 00:00:00",44,209,26,13755.02
"2020-11-01 00:00:00",32,151,22,13763.619999999999
"2020-11-02 00:00:00",40,193,25,13525.064999999999
"2020-11-03 00:00:00",27,199,25,13686.19
"2020-11-04 00:00:00",51,171,27,13899.015
"2020-11-05 00:00:00",61,315,38,14926.92
"2020-11-06 00:00:00",38,230,32,15584.224999999999
"2020-11-07 00:00:00",32,162,18,15096.18
"2020-11-08 00:00:00",27,112,14,15196.5
"2020-11-09 00:00:00",33,209,29,15322.68
"2020-11-10 00:00:00",32,180,17,15288.05
"2020-11-11 00:00:00",33,159,15,15635.895
"2020-11-12 00:00:00",64,261,17,15912.619999999999
"2020-11-13 00:00:00",48,246,25,16229.21
"2020-11-14 00:00:00",30,118,15,16027.45
"2020-11-15 00:00:00",31,146,12,15976.425
"2020-11-16 00:00:00",43,250,29,16377.125
"2020-11-17 00:00:00",82,369,42,17210.434999999998
"2020-11-18 00:00:00",54,292,33,17863.504999999997
"2020-11-19 00:00:00",52,216,27,17768.975
"2020-11-20 00:00:00",64,324,36,18289.47
"2020-11-21 00:00:00",63,313,27,18662.59
"2020-11-22 00:00:00",51,247,27,18196.364999999998
"2020-11-23 00:00:00",50,307,31,18386.085
"2020-11-24 00:00:00",54,312,40,18768.635000000002
"2020-11-25 00:00:00",48,208,22,19004.35
"2020-11-26 00:00:00",48,302,39,17588.84
"2020-11-27 00:00:00",37,156,23,16970.995
"2020-11-28 00:00:00",19,113,17,17394.475
"2020-11-29 00:00:00",35,154,16,17945.395
"2020-11-30 00:00:00",55,259,25,19024.629999999997
"2020-12-01 00:00:00",55,252,29,19052.98
"2020-12-02 00:00:00",49,305,30,18843.58
"2020-12-03 00:00:00",36,173,22,19248.305
"2020-12-04 00:00:00",27,168,23,19072.705
"2020-12-05 00:00:00",18,87,7,18846.66
"2020-12-06 00:00:00",19,102,14,19151.605000000003
"2020-12-07 00:00:00",20,116,8,19160.739999999998
"2020-12-08 00:00:00",27,123,14,18761.345
"2020-12-09 00:00:00",33,109,18,18154.195
"2020-12-10 00:00:00",22,112,16,18237.440000000002
"2020-12-11 00:00:00",13,89,11,17946.614999999998
"2020-12-12 00:00:00",15,99,7,18490.915
"2020-12-13 00:00:00",43,177,32,19074.16
"2020-12-14 00:00:00",96,389,16,19170.41
"2020-12-15 00:00:00",90,388,24,19306.645
"2020-12-16 00:00:00",158,688,34,20413.61
"2020-12-17 00:00:00",200,721,31,22469.695
"2020-12-18 00:00:00",140,468,19,22808.705
"2020-12-19 00:00:00",247,459,19,23434.769999999997
"2020-12-20 00:00:00",85,382,14,23673.940000000002
"2020-12-21 00:00:00",131,455,29,23046.805
"2020-12-22 00:00:00",121,391,14,23105.745
"2020-12-23 00:00:00",114,400,30,23362.175
"2020-12-24 00:00:00",87,298,31,23247.505
"2020-12-25 00:00:00",120,394,35,24097.035
"2020-12-26 00:00:00",92,299,35,25637.440000000002
"2020-12-27 00:00:00",126,529,28,27073.02
"2020-12-28 00:00:00",111,516,26,26773.795
"2020-12-29 00:00:00",142,471,31,26623.925
"2020-12-30 00:00:00",133,384,13,28175.145
"2020-12-31 00:00:00",105,311,14,28629.4
"2021-01-01 00:00:00",107,234,14,29207.27
"2021-01-02 00:00:00",116,494,23,31146.775
"2021-01-03 00:00:00",182,642,25,33399.965
"2021-01-04 00:00:00",232,957,87,31057.995
"2021-01-05 00:00:00",164,655,35,32236.365
"2021-01-06 00:00:00",200,826,32,35188.979999999996
"2021-01-07 00:00:00",196,714,32,38352.94
"2021-01-08 00:00:00",154,717,39,39302.735
"2021-01-09 00:00:00",152,618,35,40092.045
"2021-01-10 00:00:00",149,632,31,38355.765
"2021-01-11 00:00:00",207,664,37,34287.41
"2021-01-12 00:00:00",189,564,29,34571.63
"2021-01-13 00:00:00",194,603,26,35107.78
"2021-01-14 00:00:00",171,566,42,38422.66
"2021-01-15 00:00:00",273,696,31,37045.81
"2021-01-16 00:00:00",294,613,18,36669.16
"2021-01-17 00:00:00",161,582,18,35357.75
"2021-01-18 00:00:00",154,628,46,36106.82
"2021-01-19 00:00:00",161,467,9,36892.405
"2021-01-20 00:00:00",150,541,37,34964.774999999994
"2021-01-21 00:00:00",142,594,34,32843.369999999995
"2021-01-22 00:00:00",183,577,37,31337.345
"2021-01-23 00:00:00",116,431,20,32457.440000000002
"2021-01-24 00:00:00",158,425,17,32024.275
"2021-01-25 00:00:00",259,953,59,33409.135
"2021-01-26 00:00:00",155,550,44,31898.43
"2021-01-27 00:00:00",256,551,25,30908.39
"2021-01-28 00:00:00",237,657,38,31893.225
"2021-01-29 00:00:00",248,949,75,35313.79
"2021-01-30 00:00:00",228,494,41,33882.075
"2021-01-31 00:00:00",209,433,26,33297.89
"2021-02-01 00:00:00",265,689,45,33527.29
"2021-02-02 00:00:00",249,699,64,34731.975000000006
"2021-02-03 00:00:00",146,653,29,36559.26
"2021-02-04 00:00:00",126,311,18,37470.54
"2021-02-05 00:00:00",154,466,15,37485.21
"2021-02-06 00:00:00",173,448,26,39618.535
"2021-02-07 00:00:00",140,438,25,38564.875
"2021-02-08 00:00:00",221,660,22,42335.345
"2021-02-09 00:00:00",234,697,40,46630.524999999994
"2021-02-10 00:00:00",207,544,29,45546.925
"2021-02-11 00:00:00",189,629,39,46348.735
"2021-02-12 00:00:00",256,649,44,47587.42
"2021-02-13 00:00:00",175,452,35,47231.325
"2021-02-14 00:00:00",148,541,31,48369.655
"2021-02-15 00:00:00",146,430,42,47470.869999999995
"2021-02-16 00:00:00",177,618,43,48815.08
"2021-02-17 00:00:00",157,616,25,50795.2
"2021-02-18 00:00:00",134,414,28,51712.705
"2021-02-19 00:00:00",153,685,46,53548.96
"2021-02-20 00:00:00",142,577,24,55834.385
"2021-02-21 00:00:00",171,543,7,56932.41
"2021-02-22 00:00:00",144,596,22,52867.524999999994
"2021-02-23 00:00:00",126,562,33,49573.869999999995
"2021-02-24 00:00:00",139,507,23,49207.55
"2021-02-25 00:00:00",153,410,26,49407.61
"2021-02-26 00:00:00",127,423,21,46295.92
"2021-02-27 00:00:00",99,332,10,46713.32
"2021-02-28 00:00:00",108,480,20,44853.91
"2021-03-01 00:00:00",149,611,44,47435.59
"2021-03-02 00:00:00",115,513,14,48659.49
"2021-03-03 00:00:00",119,387,18,50401.015
"2021-03-04 00:00:00",120,470,31,49654.78
"2021-03-05 00:00:00",126,465,15,47889.31
"2021-03-06 00:00:00",104,350,17,48142.195
"2021-03-07 00:00:00",171,518,22,50174.17
"2021-03-08 00:00:00",85,403,13,50874.585
"2021-03-09 00:00:00",155,408,18,53411.455
"2021-03-10 00:00:00",119,473,34,55225.465
"2021-03-11 00:00:00",132,532,20,56228.71
"2021-03-12 00:00:00",99,339,16,56579.630000000005
"2021-03-13 00:00:00",100,431,12,58926.235
"2021-03-14 00:00:00",167,867,35,60327.805
"2021-03-15 00:00:00",125,452,29,57723.425
"2021-03-16 00:00:00",134,367,12,55102.585
"2021-03-17 00:00:00",126,464,15,56565.695
"2021-03-18 00:00:00",123,459,20,58549.994999999995
"2021-03-19 00:00:00",114,465,8,57868.345
"2021-03-20 00:00:00",95,418,16,58874.744999999995
"2021-03-21 00:00:00",118,454,22,57128.475
"2021-03-22 00:00:00",93,448,14,56113.61
"2021-03-23 00:00:00",100,511,28,54410.315
"2021-03-24 00:00:00",98,446,33,54443.84
"2021-03-25 00:00:00",93,424,24,51802.91499999999
"2021-03-26 00:00:00",72,410,9,53179.72
"2021-03-27 00:00:00",65,298,21,55298.89
"2021-03-28 00:00:00",48,314,21,55639.76
"2021-03-29 00:00:00",69,414,22,56662.235
"2021-03-30 00:00:00",83,551,29,58228.74
"2021-03-31 00:00:00",84,473,35,58368.655
"2021-04-01 00:00:00",54,346,31,58709.28
"2021-04-02 00:00:00",71,345,20,59259.985
"2021-04-03 00:00:00",85,312,8,58364.455
"2021-04-04 00:00:00",71,348,13,57493.555
"2021-04-05 00:00:00",84,391,15,58034.56
"2021-04-06 00:00:00",195,384,29,58416.875
"2021-04-07 00:00:00",98,307,17,57047.885
"2021-04-08 00:00:00",81,345,13,56930.65
"2021-04-09 00:00:00",109,319,13,58288.08
"2021-04-10 00:00:00",62,311,12,59539.465
"2021-04-11 00:00:00",68,256,4,59945.81
"2021-04-12 00:00:00",73,399,27,60327.33
"2021-04-13 00:00:00",82,320,21,61746.815
"2021-04-14 00:00:00",54,383,33,63086.395000000004
"2021-04-15 00:00:00",75,334,18,62932.61
"2021-04-16 00:00:00",69,311,11,61807.619999999995
"2021-04-17 00:00:00",59,385,16,61127.065
"2021-04-18 00:00:00",,,,56589.215
"2021-04-19 00:00:00",91,358,26,55940.86
"2021-04-20 00:00:00",71,478,29,55265.39
"2021-04-21 00:00:00",74,405,23,55221.375
"2021-04-22 00:00:00",78,432,26,52989.195
"2021-04-23 00:00:00",106,506,58,49803.994999999995
"2021-04-24 00:00:00",59,331,21,49996.67
"2021-04-25 00:00:00",107,428,53,48824.735
"2021-04-26 00:00:00",83,301,18,51616.56
"2021-04-27 00:00:00",78,408,22,54424.265
"2021-04-28 00:00:00",92,422,13,55174.09
"2021-04-29 00:00:00",92,400,30,53808.33
"2021-04-30 00:00:00",84,396,31,55537.134999999995
"2021-05-01 00:00:00",97,350,16,57778.025
"2021-05-02 00:00:00",92,317,14,57013.770000000004
"2021-05-03 00:00:00",143,520,23,57747.72
"2021-05-04 00:00:00",79,312,19,55167.425
"2021-05-05 00:00:00",80,438,26,55461.5
"2021-05-06 00:00:00",61,419,52,56846.08
"2021-05-07 00:00:00",57,371,33,57003.225000000006
"2021-05-08 00:00:00",106,551,52,58253.565
"2021-05-09 00:00:00",38,325,31,57813.985
"2021-05-10 00:00:00",109,583,37,56913.095
"2021-05-11 00:00:00",140,675,52,55709.375
"2021-05-12 00:00:00",116,695,52,53594.165
"2021-05-13 00:00:00",167,782,46,49203.86
"2021-05-14 00:00:00",99,388,26,50232.36
"2021-05-15 00:00:00",95,543,27,48658.115000000005
"2021-05-16 00:00:00",88,421,31,46863.76
"2021-05-17 00:00:00",84,442,41,44398.01
"2021-05-18 00:00:00",115,455,34,44064.375
"2021-05-19 00:00:00",171,906,68,36744.77
"2021-05-20 00:00:00",108,459,35,38764.64
"2021-05-21 00:00:00",90,414,34,37902.435
"2021-05-22 00:00:00",159,396,32,37064.815
"2021-05-23 00:00:00",167,505,25,34730.865000000005
"2021-05-24 00:00:00",205,369,37,37206.335
"2021-05-25 00:00:00",,,,38175.994999999995
"2021-05-26 00:00:00",,,,39355.31
"2021-05-27 00:00:00",119,384,34,38810.395
"2021-05-28 00:00:00",186,341,28,36806.68
"2021-05-29 00:00:00",,,,35486.58
"2021-05-30 00:00:00",38,228,23,34941.135
"2021-05-31 00:00:00",,,,35857.83
"2021-06-01 00:00:00",88,389,13,36821.854999999996
"2021-06-02 00:00:00",72,332,14,37080.259999999995
"2021-06-03 00:00:00",80,357,17,38341.19
"2021-06-04 00:00:00",42,274,15,37445.259999999995
"2021-06-05 00:00:00",37,243,16,36378.96000000001
"2021-06-06 00:00:00",61,174,9,35859.075
"2021-06-07 00:00:00",72,321,20,35078.755000000005
"2021-06-08 00:00:00",,,,32547.719999999998
"2021-06-09 00:00:00",61,347,20,34981.8
"2021-06-10 00:00:00",55,259,10,37104.125
"2021-06-11 00:00:00",67,244,30,36823.845
"2021-06-12 00:00:00",84,229,19,36050.265
"2021-06-13 00:00:00",51,215,19,37088.46
"2021-06-14 00:00:00",79,218,21,39890.604999999996
"2021-06-15 00:00:00",88,278,18,40416.875
"2021-06-16 00:00:00",76,260,17,39305.01
"2021-06-17 00:00:00",74,291,16,38461.994999999995
"2021-06-18 00:00:00",89,381,22,36680.06
"2021-06-19 00:00:00",75,256,37,35653.215
"2021-06-20 00:00:00",80,307,27,34758.884999999995
"2021-06-21 00:00:00",75,318,63,33522.655
"2021-06-22 00:00:00",67,384,62,31110.47
"2021-06-23 00:00:00",59,293,19,33310.975
"2021-06-24 00:00:00",71,215,20,33804.03
"2021-06-25 00:00:00",84,285,23,33392.375
"2021-06-26 00:00:00",47,159,37,31435.74
"2021-06-27 00:00:00",81,270,15,33392.825
"2021-06-28 00:00:00",110,363,19,34591.715
"2021-06-29 00:00:00",82,280,15,35434.285
"2021-06-30 00:00:00",88,379,16,35076.205
"2021-07-01 00:00:00",131,652,31,33911.37
"2021-07-02 00:00:00",66,401,23,33341.825
"2021-07-03 00:00:00",75,285,13,34138.98
"2021-07-04 00:00:00",59,428,18,35168.155
"2021-07-05 00:00:00",94,427,63,34221.155
"2021-07-06 00:00:00",81,482,36,34327.7
"2021-07-07 00:00:00",73,296,28,34437.119999999995
"2021-07-08 00:00:00",92,428,31,33021.494999999995
"2021-07-09 00:00:00",55,364,41,33175.4
"2021-07-10 00:00:00",66,256,16,33641.83
"2021-07-11 00:00:00",55,220,22,33965.545
"2021-07-12 00:00:00",54,269,23,33659.42
"2021-07-13 00:00:00",57,306,12,32770.84
"2021-07-14 00:00:00",52,322,26,32350.595
"2021-07-15 00:00:00",43,238,19,32161.145
"2021-07-16 00:00:00",36,171,19,31651.54
"2021-07-17 00:00:00",45,126,12,31580.205
"2021-07-18 00:00:00",81,256,28,31788.92
"2021-07-19 00:00:00",79,333,25,31197.14
"2021-07-20 00:00:00",64,278,27,30191.985
"2021-07-21 00:00:00",74,289,10,31164.004999999997
"2021-07-22 00:00:00",53,237,18,32171.440000000002
"2021-07-23 00:00:00",40,230,20,32825.275
"2021-07-24 00:00:00",42,242,16,33974.42
"2021-07-25 00:00:00",33,176,3,34637.494999999995
"2021-07-26 00:00:00",64,240,4,37912.045
"2021-07-27 00:00:00",70,221,20,37978.975
"2021-07-28 00:00:00",52,256,14,39857.99
"2021-07-29 00:00:00",54,230,10,39957.725000000006
"2021-07-30 00:00:00",57,374,19,40323.97
"2021-07-31 00:00:00",66,420,6,41719.6
"2021-08-01 00:00:00",55,287,11,41028.095
"2021-08-02 00:00:00",61,385,24,39572.305
"2021-08-03 00:00:00",76,406,21,38729.335
"2021-08-04 00:00:00",58,381,16,38743.675
"2021-08-05 00:00:00",52,390,12,39369.59
"2021-08-06 00:00:00",96,746,38,41629.33500000001
"2021-08-07 00:00:00",89,472,20,43602.54
"2021-08-08 00:00:00",129,614,18,44305.46
"2021-08-09 00:00:00",57,314,11,44647.04
"2021-08-10 00:00:00",50,284,10,45685.38
"2021-08-11 00:00:00",91,393,4,46062.2
"2021-08-12 00:00:00",129,432,23,45000.305
"2021-08-13 00:00:00",62,335,15,46075.585
"2021-08-14 00:00:00",47,218,8,47092.765
"2021-08-15 00:00:00",37,197,5,46493.075
"2021-08-16 00:00:00",51,339,7,46872.759999999995
"2021-08-17 00:00:00",50,287,22,45769.880000000005
"2021-08-18 00:00:00",48,286,11,45132.935
"2021-08-19 00:00:00",75,388,13,45513.134999999995
"2021-08-20 00:00:00",84,415,22,48014.75
"2021-08-21 00:00:00",95,629,16,49069.925
"2021-08-22 00:00:00",239,374,19,48816.08500000001
"2021-08-23 00:00:00",90,412,29,49781.04
"2021-08-24 00:00:00",67,282,22,48720.315
"2021-08-25 00:00:00",60,324,14,48196.405
"2021-08-26 00:00:00",89,287,26,47907.44
"2021-08-27 00:00:00",85,344,15,47771.56
"2021-08-28 00:00:00",101,862,15,48846.685
"2021-08-29 00:00:00",114,916,41,48747.49
"2021-08-30 00:00:00",122,782,33,47875.29
"2021-08-31 00:00:00",138,784,36,47483.229999999996
"2021-09-01 00:00:00",88,420,23,47803.395000000004
"2021-09-02 00:00:00",61,450,13,49503.795
"2021-09-03 00:00:00",131,1202,35,49709.354999999996
"2021-09-04 00:00:00",128,1004,43,50025.235
"2021-09-05 00:00:00",167,1022,35,50694.729999999996
"2021-09-06 00:00:00",204,1144,67,51900.92
"2021-09-07 00:00:00",163,1200,50,48411.83
"2021-09-08 00:00:00",82,631,30,45919.055
"2021-09-09 00:00:00",120,638,38,46453.795
"2021-09-10 00:00:00",94,587,23,45612.47
"2021-09-11 00:00:00",105,454,36,45364.805
"2021-09-12 00:00:00",90,420,24,45584.66
"2021-09-13 00:00:00",150,883,45,45166.57
"2021-09-14 00:00:00",109,664,33,46019.965
"2021-09-15 00:00:00",66,390,9,47591.225000000006
"2021-09-16 00:00:00",67,348,9,47774.53
"2021-09-17 00:00:00",50,374,25,47471.335
"2021-09-18 00:00:00",54,295,8,47937.235
"2021-09-19 00:00:00",61,330,9,47620.4
"2021-09-20 00:00:00",64,378,18,44946.56
"2021-09-21 00:00:00",66,320,20,41696.55
"2021-09-22 00:00:00",41,291,13,42300.645000000004
"2021-09-23 00:00:00",64,327,17,44051.295
"2021-09-24 00:00:00",79,533,37,42975.19
"2021-09-25 00:00:00",58,390,20,42351.51
"2021-09-26 00:00:00",73,393,8,42376.945
"2021-09-27 00:00:00",84,454,13,43249.825
"2021-09-28 00:00:00",89,539,22,41852.685
"2021-09-29 00:00:00",72,454,17,41696.925
"2021-09-30 00:00:00",89,519,24,42771.695
"2021-10-01 00:00:00",78,400,17,45887.475
"2021-10-02 00:00:00",81,332,19,47908.09
"2021-10-03 00:00:00",112,304,14,48161.205
"2021-10-04 00:00:00",67,325,14,48222.744999999995
"2021-10-05 00:00:00",63,429,17,50486.375
"2021-10-06 00:00:00",127,446,14,53047.994999999995
"2021-10-07 00:00:00",60,371,19,54411.165
"2021-10-08 00:00:00",42,281,15,54857
"2021-10-09 00:00:00",62,249,6,54590.759999999995
"2021-10-10 00:00:00",52,244,11,55302.575
"2021-10-11 00:00:00",56,359,18,56137.33
"2021-10-12 00:00:00",102,369,26,55872.575
"2021-10-13 00:00:00",104,454,34,56024.295
"2021-10-14 00:00:00",90,299,19,57684.57
"2021-10-15 00:00:00",108,420,18,59887.82000000001
"2021-10-16 00:00:00",84,317,26,61247.625
"2021-10-17 00:00:00",69,300,6,60374.2
"2021-10-18 00:00:00",74,348,17,61294.325
"2021-10-19 00:00:00",94,496,33,62939.405
"2021-10-20 00:00:00",123,493,15,65262.18
"2021-10-21 00:00:00",101,382,20,64360.945
"2021-10-22 00:00:00",77,279,13,61874.2
"2021-10-23 00:00:00",49,218,5,60719.270000000004
"2021-10-24 00:00:00",42,148,4,60505.295
"2021-10-25 00:00:00",,,,62184.16
"2021-10-26 00:00:00",,,,61579.36
"2021-10-27 00:00:00",,,,59800.59
"2021-10-28 00:00:00",,,,60198.755000000005
"2021-10-29 00:00:00",,,,61618.71
"2021-10-30 00:00:00",95,235,17,61572.95
"2021-10-31 00:00:00",141,330,12,61221.315
"2021-11-01 00:00:00",92,221,20,61018.595
"2021-11-02 00:00:00",90,306,17,62480.525
"2021-11-03 00:00:00",104,281,19,62305.705
"2021-11-04 00:00:00",101,266,15,61924.35
"2021-11-05 00:00:00",130,320,14,61705.565
"2021-11-06 00:00:00",96,336,25,60862.505000000005
"2021-11-07 00:00:00",179,228,10,62358.065
"2021-11-08 00:00:00",144,526,15,65529.12
"2021-11-09 00:00:00",232,443,23,67413.34
"2021-11-10 00:00:00",109,425,28,66087.445
"2021-11-11 00:00:00",102,335,31,64858.024999999994
"2021-11-12 00:00:00",114,314,30,63890.509999999995
"2021-11-13 00:00:00",116,244,32,64187.16
"2021-11-14 00:00:00",95,208,12,64562.695
"2021-11-15 00:00:00",82,248,16,64889
"2021-11-16 00:00:00",197,635,52,61180.119999999995
"2021-11-17 00:00:00",176,731,29,59701.57
"2021-11-18 00:00:00",1067,1523,99,58749.990000000005
"2021-11-19 00:00:00",1703,2651,173,57029.475
"2021-11-20 00:00:00",2710,3168,182,58676.265
"2021-11-21 00:00:00",7221,4240,333,59317.125
"2021-11-22 00:00:00",12501,5974,551,57532.495
"2021-11-23 00:00:00",5724,6435,558,56679.67999999999
"2021-11-24 00:00:00",5726,5907,515,56820.11
"2021-11-25 00:00:00",17276,6171,421,58246.84
"2021-11-26 00:00:00",14478,7663,665,56388.744999999995
"2021-11-27 00:00:00",24455,5334,415,54492.8
"2021-11-28 00:00:00",5030,5883,521,55455.655
"2021-11-29 00:00:00",6309,6273,404,57825.47
"2021-11-30 00:00:00",9823,6514,408,57578.83
"2021-12-01 00:00:00",3302,4045,240,57801.259999999995
"2021-12-02 00:00:00",2544,5115,364,56629.94
"2021-12-03 00:00:00",3076,4743,386,55066.19
"2021-12-04 00:00:00",362,1789,3355,48717.134999999995
"2021-12-05 00:00:00",456,1127,149,48802.47
"2021-12-06 00:00:00",596,1072,175,49123.11
"2021-12-07 00:00:00",1424,2098,253,51018.3
"2021-12-08 00:00:00",3996,5642,507,49963.725
"2021-12-09 00:00:00",4698,6590,638,49088.57000000001
"2021-12-10 00:00:00",5670,5888,636,48518.634999999995
"2021-12-11 00:00:00",4738,4807,682,48166.96
"2021-12-12 00:00:00",4850,4215,437,49748.5
"2021-12-13 00:00:00",10241,5903,632,48007.97
"2021-12-14 00:00:00",7924,5641,495,47493.015
"2021-12-15 00:00:00",6980,5491,462,48031.005000000005
"2021-12-16 00:00:00",4453,4967,398,48498.775
"2021-12-17 00:00:00",5825,5701,503,46754.695
"2021-12-18 00:00:00",7490,6726,1051,46439.795
"2021-12-19 00:00:00",6370,9962,1801,47372.975000000006
"2021-12-20 00:00:00",10113,6578,896,46541.104999999996
"2021-12-21 00:00:00",11614,5078,306,47997.96
"2021-12-22 00:00:00",5949,4400,264,49020.92
"2021-12-23 00:00:00",5774,5065,410,49722.565
"2021-12-24 00:00:00",4138,4094,302,51156.46
"2021-12-25 00:00:00",1837,2193,147,50679.06
"2021-12-26 00:00:00",1268,13385,184,50384.66
"2021-12-27 00:00:00",4055,11813,665,51280.36
"2021-12-28 00:00:00",1311,13453,1711,49018.155
"2021-12-29 00:00:00",1899,4121,6765,47126.565
"2021-12-30 00:00:00",2463,2980,187,46941.085
"2021-12-31 00:00:00",4888,2961,156,47119.33
"2022-01-01 00:00:00",5467,2192,102,47073.16
"2022-01-02 00:00:00",3839,2565,134,47322.72
"2022-01-03 00:00:00",882,4073,214,46639.89
"2022-01-04 00:00:00",953,3889,190,46558.69500000001
"2022-01-05 00:00:00",1279,4349,334,44789.020000000004
"2022-01-06 00:00:00",1077,4325,392,43123.995
"2022-01-07 00:00:00",1012,5060,322,41944.604999999996
"2022-01-08 00:00:00",916,3921,322,41420.57
"2022-01-09 00:00:00",1069,2817,167,42018.895000000004
"2022-01-10 00:00:00",4462,4205,393,40959.335
"2022-01-11 00:00:00",3992,3419,194,42200.884999999995
"2022-01-12 00:00:00",4668,3519,218,43382.455
"2022-01-13 00:00:00",6759,10991,259,43388.71
"2022-01-14 00:00:00",11346,4165,245,42626.245
"2022-01-15 00:00:00",8939,2679,140,43200.880000000005
"2022-01-16 00:00:00",7676,3503,457,43050.64
"2022-01-17 00:00:00",3679,3027,450,42384.86
"2022-01-18 00:00:00",3651,3495,452,41991.89
"2022-01-19 00:00:00",3589,2985,473,41860.055
"2022-01-20 00:00:00",3724,3330,389,42038.729999999996
"2022-01-21 00:00:00",3902,6123,2360,38305.54
"2022-01-22 00:00:00",3857,5691,14188,35471.104999999996
"2022-01-23 00:00:00",2524,3603,281,35593.785
"2022-01-24 00:00:00",2674,5248,457,35229.955
"2022-01-25 00:00:00",6480,2861,230,36643.7
"2022-01-26 00:00:00",4005,2580,221,37603.14
"2022-01-27 00:00:00",1642,3116,230,36393.365000000005
"2022-01-28 00:00:00",1526,2980,225,37098.92
"2022-01-29 00:00:00",771,2899,225,38035.869999999995
"2022-01-30 00:00:00",842,2709,246,37871.020000000004
"2022-01-31 00:00:00",914,3040,278,37715.255
"2022-02-01 00:00:00",11485,3495,174,38657.520000000004
"2022-02-02 00:00:00",3257,3130,218,37766.995
"2022-02-03 00:00:00",521,566,59,36840.994999999995
"2022-02-04 00:00:00",877,3312,199,39399.005000000005
"2022-02-05 00:00:00",806,2821,103,41458.854999999996
"2022-02-06 00:00:00",700,2903,281,41911.93
"2022-02-07 00:00:00",5526,4063,178,43103.94
"2022-02-08 00:00:00",16123,3529,359,44094.020000000004
"2022-02-09 00:00:00",15511,2936,162,44008.555
"2022-02-10 00:00:00",23568,3136,252,44545.715
"2022-02-11 00:00:00",7327,2935,293,42980.744999999995
"2022-02-12 00:00:00",911,1719,164,42408.755000000005
"2022-02-13 00:00:00",673,1510,132,42336.83
"2022-02-14 00:00:00",675,1456,204,42219.28
"2022-02-15 00:00:00",505,2145,94,43611.965
"2022-02-16 00:00:00",1700,2642,174,43972.06
"2022-02-17 00:00:00",1439,3061,337,42145.96
"2022-02-18 00:00:00",421,1922,262,40238.675
"2022-02-19 00:00:00",395,1590,188,40064.665
"2022-02-20 00:00:00",491,2035,229,39081.475000000006
"2022-02-21 00:00:00",826,3120,250,38178.925
"2022-02-22 00:00:00",2173,4595,476,37414.97
"2022-02-23 00:00:00",889,2949,216,38172.17
"2022-02-24 00:00:00",931,4081,4483,36766.01
"2022-02-25 00:00:00",1108,2946,480,38876.885
"2022-02-26 00:00:00",402,1755,266,39416.89
"2022-02-27 00:00:00",571,1580,317,38450.81
"2022-02-28 00:00:00",1843,4827,618,40713.61
"2022-03-01 00:00:00",1202,3870,235,43888.3
"2022-03-02 00:00:00",1034,3544,234,44228.85
"2022-03-03 00:00:00",1684,3309,194,42965.815
"2022-03-04 00:00:00",2057,2977,323,40571.095
"2022-03-05 00:00:00",1599,2546,169,39124.7
"2022-03-06 00:00:00",1218,2519,232,38910.28999999999
"2022-03-07 00:00:00",1126,3264,296,38364.065
"2022-03-08 00:00:00",3092,2868,145,38633.380000000005
"2022-03-09 00:00:00",4417,4849,482,40621.955
"2022-03-10 00:00:00",3158,4504,220,40448.505
"2022-03-11 00:00:00",4131,3971,293,39241.585
"2022-03-12 00:00:00",8512,2476,144,39055.27
"2022-03-13 00:00:00",638,2421,192,38443.994999999995
"2022-03-14 00:00:00",779,2911,331,38684.705
"2022-03-15 00:00:00",771,2769,208,39061.83
"2022-03-16 00:00:00",1996,4370,395,40285.89
"2022-03-17 00:00:00",747,2739,117,41011.22
"2022-03-18 00:00:00",717,2647,195,41240.520000000004
"2022-03-19 00:00:00",633,2133,100,41958.58
"2022-03-20 00:00:00",727,1755,188,41638.275
"2022-03-21 00:00:00",1121,2406,110,41032.8
"2022-03-22 00:00:00",1415,3076,184,42105.645000000004
"2022-03-23 00:00:00",3973,3915,276,42414.07
"2022-03-24 00:00:00",1937,3295,225,43442.185
"2022-03-25 00:00:00",4614,3202,239,44370.880000000005
"2022-03-26 00:00:00",3263,2692,163,44459.67
"2022-03-27 00:00:00",3594,3425,197,45673.005000000005
"2022-03-28 00:00:00",8790,6038,351,47438.83500000001
"2022-03-29 00:00:00",4609,2979,243,47536.770000000004
"2022-03-30 00:00:00",3769,3811,188,47148.795
"2022-03-31 00:00:00",4425,5158,453,46410.14
"2022-04-01 00:00:00",9477,3205,228,45491.43
"2022-04-02 00:00:00",3002,2547,253,46431.994999999995
"2022-04-03 00:00:00",2281,3029,221,46499.085
"2022-04-04 00:00:00",7837,4186,283,46014.869999999995
"2022-04-05 00:00:00",10196,5545,211,46285.245
"2022-04-06 00:00:00",18625,7978,625,44324.04
"2022-04-07 00:00:00",14058,3646,230,43330.575
"2022-04-08 00:00:00",10430,4044,262,43052.905
"2022-04-09 00:00:00",2909,4823,382,42474.54
"2022-04-10 00:00:00",1392,2980,246,42682.035
"2022-04-11 00:00:00",1137,4259,496,40826.130000000005
"2022-04-12 00:00:00",1129,3953,297,39970.395000000004
"2022-04-13 00:00:00",5155,3662,231,40564.955
"2022-04-14 00:00:00",1761,3617,207,40545.35
"2022-04-15 00:00:00",1154,3254,197,40289.979999999996
"2022-04-16 00:00:00",1241,2487,158,40358.545
"2022-04-17 00:00:00",954,2345,255,40083.265
"2022-04-18 00:00:00",1132,3562,295,39832.8
"2022-04-19 00:00:00",1136,2825,181,41172.025
"2022-04-20 00:00:00",1087,3341,252,41563.57
"2022-04-21 00:00:00",1341,3797,304,41430.615000000005
"2022-04-22 00:00:00",2006,4040,164,39992.475000000006
"2022-04-23 00:00:00",2033,3180,247,39647.104999999996
"2022-04-24 00:00:00",2983,3346,268,39493.865000000005
"2022-04-25 00:00:00",13372,4615,346,39412.75
"2022-04-26 00:00:00",4784,5086,326,39262.22
"2022-04-27 00:00:00",4463,3533,303,38683.11
"2022-04-28 00:00:00",6890,3872,316,39639.3
"2022-04-29 00:00:00",4080,4145,306,39050.875
"2022-04-30 00:00:00",1170,2714,354,38197.89
"2022-05-01 00:00:00",867,2311,166,38064.880000000005
"2022-05-02 00:00:00",655,2106,236,38606.634999999995
"2022-05-03 00:00:00",808,2074,126,38081.865000000005
"2022-05-04 00:00:00",1531,2499,138,38835.08500000001
"2022-05-05 00:00:00",1772,2466,227,37723.965
"2022-05-06 00:00:00",1488,2228,224,35986.44
"2022-05-07 00:00:00",1534,1958,288,35483.03999999999
"2022-05-08 00:00:00",1839,2269,192,34617.76
"2022-05-09 00:00:00",2662,5540,623,32148.835
"2022-05-10 00:00:00",2894,5242,386,31230.8
"2022-05-11 00:00:00",2477,5236,8223,30111.725
"2022-05-12 00:00:00",1546,3902,14538,27960.64
"2022-05-13 00:00:00",732,4019,251,29832.214999999997
"2022-05-14 00:00:00",640,3164,248,29431.585
"2022-05-15 00:00:00",596,1921,189,30434.629999999997
"2022-05-16 00:00:00",753,5537,325,30200.32
"2022-05-17 00:00:00",954,4704,239,30089.614999999998
"2022-05-18 00:00:00",1019,4902,307,29641.93
"2022-05-19 00:00:00",1050,4371,306,29579.085
"2022-05-20 00:00:00",889,3634,217,29711.875
"2022-05-21 00:00:00",945,2459,216,29268.715
"2022-05-22 00:00:00",1273,2494,213,29836.934999999998
"2022-05-23 00:00:00",821,2768,232,29748.055
"2022-05-24 00:00:00",796,2183,250,29215.015
"2022-05-25 00:00:00",2771,3529,371,29755.3
"2022-05-26 00:00:00",3345,4428,547,28954.66
"2022-05-27 00:00:00",2541,3507,391,28805.535
"2022-05-28 00:00:00",732,1922,136,28869.72
"2022-05-29 00:00:00",691,2074,225,29184.435
"2022-05-30 00:00:00",841,3611,219,30724.565000000002
"2022-05-31 00:00:00",925,3016,243,31785.165
"2022-06-01 00:00:00",1018,2985,242,30640.265
"2022-06-02 00:00:00",994,2658,300,30110.67
"2022-06-03 00:00:00",921,2082,252,29963.035
"2022-06-04 00:00:00",621,1466,131,29710.11
"2022-06-05 00:00:00",1704,2446,226,29834.14
"2022-06-06 00:00:00",702,2293,256,30808.245000000003
"2022-06-07 00:00:00",868,2641,236,30380.715
"2022-06-08 00:00:00",638,2117,190,30572.559999999998
"2022-06-09 00:00:00",659,2042,198,30301.17
"2022-06-10 00:00:00",737,2100,231,29588.41
"2022-06-11 00:00:00",683,2363,303,28759.775
"2022-06-12 00:00:00",788,2651,289,27544.995
"2022-06-13 00:00:00",2645,7310,908,24423.875
"2022-06-14 00:00:00",2246,5399,640,22025.96
"2022-06-15 00:00:00",963,5125,277,21413.870000000003
"2022-06-16 00:00:00",911,4581,255,21585.17
"2022-06-17 00:00:00",783,3847,170,20775.870000000003
"2022-06-18 00:00:00",1303,5720,416,19161.72
"2022-06-19 00:00:00",1454,3918,295,19356.434999999998
"2022-06-20 00:00:00",997,3548,249,20316.17
"2022-06-21 00:00:00",812,3402,285,21016.864999999998
"2022-06-22 00:00:00",1939,4590,520,20309.449999999997
"2022-06-23 00:00:00",1724,4336,372,20533.010000000002
"2022-06-24 00:00:00",1792,4294,304,21123.165
"2022-06-25 00:00:00",1384,3507,389,21244.555
"2022-06-26 00:00:00",1710,3404,372,21412.33
"2022-06-27 00:00:00",1387,3498,426,21029.37
"2022-06-28 00:00:00",1533,3807,352,20681.84
"2022-06-29 00:00:00",1324,4131,485,20123.78
"2022-06-30 00:00:00",1521,4677,572,19380.91
"2022-07-01 00:00:00",1471,4357,464,19884.885000000002
"2022-07-02 00:00:00",1245,3272,311,19192.345
"2022-07-03 00:00:00",1389,3091,263,19192.690000000002
"2022-07-04 00:00:00",644,2767,200,19674.89
"2022-07-05 00:00:00",893,2745,256,20004.915
"2022-07-06 00:00:00",711,2677,176,20193.96
"2022-07-07 00:00:00",826,2889,235,21041.42
"2022-07-08 00:00:00",689,3189,231,21780.18
"2022-07-09 00:00:00",1234,3305,205,21635.879999999997
"2022-07-10 00:00:00",1357,3091,278,21131.175
"2022-07-11 00:00:00",1559,4093,399,20362.035
"2022-07-12 00:00:00",1649,3912,286,19633.39
"2022-07-13 00:00:00",1476,4211,273,19596.965
"2022-07-14 00:00:00",1617,3872,254,20244.785
"2022-07-15 00:00:00",1560,3588,262,20779.300000000003
"2022-07-16 00:00:00",1256,3091,244,21027.885000000002
"2022-07-17 00:00:00",1056,2917,255,21205.66
"2022-07-18 00:00:00",1650,3954,211,21754.895
"2022-07-19 00:00:00",1808,4427,348,22689.545
"2022-07-20 00:00:00",1804,5117,418,23599.64
"2022-07-21 00:00:00",2549,3972,333,22884.155
"2022-07-22 00:00:00",1749,4297,322,23131.345
"2022-07-23 00:00:00",1305,3148,270,22475.68
"2022-07-24 00:00:00",1549,2897,184,22641.405
"2022-07-25 00:00:00",1510,3317,342,21964.6
"2022-07-26 00:00:00",1769,6183,456,21037.410000000003
"2022-07-27 00:00:00",1603,6720,636,22075.785
"2022-07-28 00:00:00",1002,2789,239,23398.17
"2022-07-29 00:00:00",1929,3794,623,23930.33
"2022-07-30 00:00:00",1344,3916,333,24070.285
"2022-07-31 00:00:00",1211,5289,335,23715.145
"2022-08-01 00:00:00",659,2566,294,23185.614999999998
"2022-08-02 00:00:00",1386,4370,350,23060.225
"2022-08-03 00:00:00",1467,3782,261,23155.69
"2022-08-04 00:00:00",1517,3456,265,22823.58
"2022-08-05 00:00:00",1370,3726,331,23032.309999999998
"2022-08-06 00:00:00",1268,2674,180,23136.745000000003
"2022-08-07 00:00:00",1607,2555,247,23127.195
"2022-08-08 00:00:00",1623,3784,393,23703.510000000002
"2022-08-09 00:00:00",1974,3410,374,23402.370000000003
"2022-08-10 00:00:00",1642,3811,323,23445.665
"2022-08-11 00:00:00",1509,3371,315,24381.305
"2022-08-12 00:00:00",1387,3084,330,24034.295
"2022-08-13 00:00:00",1293,4387,306,24599.175000000003
"2022-08-14 00:00:00",1218,4395,370,24586.5
"2022-08-15 00:00:00",1366,4382,385,24493.285
"2022-08-16 00:00:00",1419,3252,355,23960.16
"2022-08-17 00:00:00",1638,3729,423,23813.58
"2022-08-18 00:00:00",1555,3312,383,23355.385000000002
"2022-08-19 00:00:00",1826,4575,493,22002.005
"2022-08-20 00:00:00",1331,3738,348,21066.975
"2022-08-21 00:00:00",1222,2629,154,21409.325
"2022-08-22 00:00:00",1319,3797,399,21216.585
"2022-08-23 00:00:00",1515,3648,233,21286.04
"2022-08-24 00:00:00",1305,3600,425,21516.89
"2022-08-25 00:00:00",1398,3186,258,21563.09
"2022-08-26 00:00:00",1460,3628,405,20989.324999999997
"2022-08-27 00:00:00",1142,4710,312,20095.934999999998
"2022-08-28 00:00:00",1280,5595,330,19841.64
"2022-08-29 00:00:00",1807,3687,350,19981.845
"2022-08-30 00:00:00",1458,3553,294,20061.335
"2022-08-31 00:00:00",1318,3730,348,20143.915
"2022-09-01 00:00:00",1428,3434,419,19887.78
"2022-09-02 00:00:00",1356,3058,274,20099.83
"2022-09-03 00:00:00",1750,2970,357,19855.665
"2022-09-04 00:00:00",1233,2885,242,19806.9
"2022-09-05 00:00:00",1501,3226,280,19845.16
"2022-09-06 00:00:00",1622,4355,480,19442.235
"2022-09-07 00:00:00",1769,3838,375,19008.96
"2022-09-08 00:00:00",1418,3693,588,19238.345
"2022-09-09 00:00:00",1863,4250,350,20429.510000000002
"2022-09-10 00:00:00",1313,2648,195,21473.08
"2022-09-11 00:00:00",1324,2432,229,21608.755
"2022-09-12 00:00:00",1131,3074,325,22025.125
"2022-09-13 00:00:00",1277,4371,377,21341.129999999997
"2022-09-14 00:00:00",1772,3615,302,20091.39
"2022-09-15 00:00:00",1343,3073,276,19931.645
"2022-09-16 00:00:00",1191,3316,349,19618.315000000002
"2022-09-17 00:00:00",1483,2476,236,19973.16
"2022-09-18 00:00:00",1412,2392,283,19733.28
"2022-09-19 00:00:00",1816,3409,293,18986.835
"2022-09-20 00:00:00",1333,2918,239,19185.074999999997
"2022-09-21 00:00:00",1445,2980,341,18967.345
"2022-09-22 00:00:00",1306,3329,217,18938.165
"2022-09-23 00:00:00",1282,2795,216,19020.405
"2022-09-24 00:00:00",1191,2489,223,19060.86
"2022-09-25 00:00:00",1377,2604,236,18912.315
"2022-09-26 00:00:00",1237,2789,328,19002.675000000003
"2022-09-27 00:00:00",1313,3434,296,19604.760000000002
"2022-09-28 00:00:00",1150,2503,274,19134.85
"2022-09-29 00:00:00",1132,2239,216,19244.54
"2022-09-30 00:00:00",1077,2283,258,19690.739999999998
"2022-10-01 00:00:00",998,2045,182,19335.575
"2022-10-02 00:00:00",743,1808,222,19162.120000000003
"2022-10-03 00:00:00",958,2092,198,19343.015
"2022-10-04 00:00:00",1023,2300,362,19979.449999999997
"2022-10-05 00:00:00",951,2145,191,20061.825
"2022-10-06 00:00:00",916,2427,163,20158
"2022-10-07 00:00:00",892,2532,186,19695.045
"2022-10-08 00:00:00",831,1925,170,19449.57
"2022-10-09 00:00:00",1431,1755,155,19442.135
"2022-10-10 00:00:00",924,2162,262,19289.379999999997
"2022-10-11 00:00:00",1245,2014,224,19061.260000000002
"2022-10-12 00:00:00",1164,2083,234,19104.525
"2022-10-13 00:00:00",1189,2533,338,18866.95
"2022-10-14 00:00:00",1527,2472,230,19516.055
"2022-10-15 00:00:00",1331,1943,162,19107.845
"2022-10-16 00:00:00",1195,1854,105,19245.21
"2022-10-17 00:00:00",1608,2368,192,19417.745000000003
"2022-10-18 00:00:00",1789,2571,253,19396.61
"2022-10-19 00:00:00",1825,2329,438,19217.345
"2022-10-20 00:00:00",1383,2464,268,19133.535
"2022-10-21 00:00:00",2463,2468,316,18972.415
"2022-10-22 00:00:00",1524,2131,213,19185.65
"2022-10-23 00:00:00",1250,2184,188,19384.735
"2022-10-24 00:00:00",1502,2379,235,19378.635000000002
"2022-10-25 00:00:00",1649,3202,285,19828.975
"2022-10-26 00:00:00",1371,3029,245,20536.265
"2022-10-27 00:00:00",1406,2649,223,20541.665
"2022-10-28 00:00:00",2118,2624,260,20391.495
"2022-10-29 00:00:00",2834,2599,212,20814.475
"2022-10-30 00:00:00",1355,2027,234,20729.91
"2022-10-31 00:00:00",2849,2814,198,20538.11
