Date,Value
2014/4/9,8193
2014/4/10,15039
2014/4/11,14907
2014/4/12,7582
2014/4/13,10674
2014/4/14,13266
2014/4/15,14835
2014/4/16,15790
2014/4/17,15215
2014/4/18,14028
2014/4/19,12337
2014/4/20,12139
2014/4/21,14244
2014/4/22,16098
2014/4/23,16232
2014/4/24,15471
2014/4/25,15255
2014/4/26,12283
2014/4/27,11667
2014/4/28,15969
2014/4/29,16706
2014/4/30,17588
2014/5/1,16988
2014/5/2,20057
2014/5/3,12910
2014/5/4,12716
2014/5/5,21273
2014/5/6,16806
2014/5/7,16970
2014/5/8,21518
2014/5/9,17442
2014/5/10,14225
2014/5/11,13469
2014/5/12,15910
2014/5/13,16935
2014/5/14,18167
2014/5/15,32817
2014/5/16,14474
2014/5/17,14587
2014/5/18,12892
2014/5/19,13595
2014/5/20,21515
2014/5/21,20254
2014/5/22,20217
2014/5/23,19485
2014/5/24,13630
2014/5/25,13823
2014/5/26,14792
2014/5/27,19718
2014/5/28,18545
2014/5/29,17571
2014/5/30,21731
2014/5/31,12882
2014/6/1,12849
2014/6/2,16427
2014/6/3,17858
2014/6/4,18010
2014/6/5,18707
2014/6/6,16611
2014/6/7,12557
2014/6/8,12134
2014/6/9,14497
2014/6/10,16631
2014/6/11,19356
2014/6/12,19092
2014/6/13,19128
2014/6/14,16078
2014/6/15,15810
2014/6/16,18430
2014/6/17,18560
2014/6/18,15957
2014/6/19,17605
2014/6/20,17459
2014/6/21,15113
2014/6/22,13838
2014/6/23,16325
2014/6/24,17005
2014/6/25,17683
2014/6/26,17534
2014/6/27,17587
2014/6/28,15236
2014/6/29,15482
2014/6/30,19860
2014/7/1,20443
2014/7/2,21375
2014/7/3,22046
2014/7/4,22659
2014/7/5,16997
2014/7/6,17331
2014/7/7,22248
2014/7/8,24425
2014/7/9,24542
2014/7/10,23242
2014/7/11,20939
2014/7/12,16719
2014/7/13,16133
2014/7/14,20287
2014/7/15,25031
2014/7/16,21984
2014/7/17,23305
2014/7/18,25897
2014/7/19,20261
2014/7/20,16827
2014/7/21,18501
2014/7/22,18386
2014/7/23,20612
2014/7/24,20448
2014/7/25,19971
2014/7/26,16000
2014/7/27,15621
2014/7/28,23384
2014/7/29,21797
2014/7/30,22092
2014/7/31,22160
2014/8/1,21585
2014/8/2,18531
2014/8/3,17187
2014/8/4,20609
2014/8/5,21073
2014/8/6,22471
2014/8/7,24516
2014/8/8,23126
2014/8/9,21820
2014/8/10,20814
2014/8/11,21388
2014/8/12,22551
2014/8/13,23725
2014/8/14,24887
2014/8/15,22725
2014/8/16,23487
2014/8/17,22608
2014/8/18,21867
2014/8/19,24106
2014/8/20,26924
2014/8/21,22176
2014/8/22,21222
2014/8/23,17389
2014/8/24,16318
2014/8/25,19062
2014/8/26,19596
2014/8/27,19625
2014/8/28,22229
2014/8/29,19838
2014/8/30,18905
2014/8/31,17226
2014/9/1,18661
2014/9/2,22901
2014/9/3,22113
2014/9/4,24968
2014/9/5,22368
2014/9/6,21053
2014/9/7,17730
2014/9/8,22751
2014/9/9,16169
2014/9/10,16616
2014/9/11,27367
2014/9/12,24097
2014/9/13,18209
2014/9/14,18671
2014/9/15,23392
2014/9/16,21176
2014/9/17,27946
2014/9/18,21135
2014/9/19,20775
2014/9/20,17607
2014/9/21,17026
2014/9/22,14984
2014/9/23,23489
2014/9/24,20675
2014/9/25,20757
2014/9/26,19512
2014/9/27,17202
2014/9/28,16636
2014/9/29,19660
2014/9/30,21073
2014/10/1,18636
2014/10/2,18380
2014/10/3,20207
2014/10/4,18214
2014/10/5,20031
2014/10/6,25065
2014/10/7,22543
2014/10/8,24408
2014/10/9,24075
2014/10/10,19090
2014/10/11,17107
2014/10/12,17072
2014/10/13,22018
2014/10/14,25804
2014/10/15,23992
2014/10/16,24445
2014/10/17,21491
2014/10/18,20572
2014/10/19,18259
2014/10/20,23312
2014/10/21,22499
2014/10/22,20348
2014/10/23,21036
2014/10/24,11147
2014/10/25,22449
2014/10/26,20090
2014/10/27,21632
2014/10/28,20173
2014/10/29,22081
2014/10/30,22855
2014/10/31,22906
2014/11/1,30263
2014/11/2,21408
2014/11/3,26060
2014/11/4,20992
2014/11/5,20871
2014/11/6,24348
2014/11/7,24244
2014/11/8,18964
2014/11/9,18949
2014/11/10,22516
2014/11/11,23156
2014/11/12,25601
2014/11/13,26798
2014/11/14,23449
2014/11/15,21104
2014/11/16,21652
2014/11/17,25728
2014/11/18,28238
2014/11/19,25117
2014/11/20,23707
2014/11/21,24577
2014/11/22,22344
2014/11/23,20544
2014/11/24,25545
2014/11/25,25985
2014/11/26,27929
2014/11/27,25790
2014/11/28,24830
2014/11/29,26555
2014/11/30,20117
2014/12/1,26508
2014/12/2,32744
2014/12/3,24990
2014/12/4,26370
2014/12/5,25043
2014/12/6,21503
2014/12/7,21983
2014/12/8,24899
2014/12/9,27224
2014/12/10,25421
2014/12/11,32162
2014/12/12,25383
2014/12/13,26584
2014/12/14,23579
2014/12/15,26094
2014/12/16,27622
2014/12/17,28350
2014/12/18,26969
2014/12/19,23574
2014/12/20,23524
2014/12/21,21411
2014/12/22,23172
2014/12/23,25504
2014/12/24,24192
2014/12/25,21216
2014/12/26,21728
2014/12/27,21543
2014/12/28,18427
2014/12/29,19605
2014/12/30,19477
2014/12/31,20017
2015/1/1,18681
2015/1/2,9385
2015/1/3,null
2015/1/4,7300
2015/1/5,23092
2015/1/6,25041
2015/1/7,26987
2015/1/8,22546
2015/1/9,30439
2015/1/10,22162
2015/1/11,20760
2015/1/12,24861
2015/1/13,30086
2015/1/14,35414
2015/1/15,26417
2015/1/16,26448
2015/1/17,19187
2015/1/18,24812
2015/1/19,27548
2015/1/20,26982
2015/1/21,24660
2015/1/22,25882
2015/1/23,24058
2015/1/24,32718
2015/1/25,21312
2015/1/26,33929
2015/1/27,26135
2015/1/28,27422
2015/1/29,25184
2015/1/30,22919
2015/1/31,18146
2015/2/1,19445
2015/2/2,24761
2015/2/3,33419
2015/2/4,22995
2015/2/5,28935
2015/2/6,23289
2015/2/7,19540
2015/2/8,20792
2015/2/9,24642
2015/2/10,24331
2015/2/11,39339
2015/2/12,25742
2015/2/13,27697
2015/2/14,19041
2015/2/15,21846
2015/2/16,24782
2015/2/17,24354
2015/2/18,22628
2015/2/19,24979
2015/2/20,29514
2015/2/21,20543
2015/2/22,20579
2015/2/23,23428
2015/2/24,24385
2015/2/25,24137
2015/2/26,26283
2015/2/27,30545
2015/2/28,20811
2015/3/1,18895
2015/3/2,23297
2015/3/3,25764
2015/3/4,25007
2015/3/5,24174
2015/3/6,22774
2015/3/7,19322
2015/3/8,19396
2015/3/9,23937
2015/3/10,28378
2015/3/11,25733
2015/3/12,24527
2015/3/13,25574
2015/3/14,21952
2015/3/15,24161
2015/3/16,24071
2015/3/17,36584
2015/3/18,24807
2015/3/19,31393
2015/3/20,26773
2015/3/21,23297
2015/3/22,27846
2015/3/23,34762
2015/3/24,31576
2015/3/25,35297
2015/3/26,37079
2015/3/27,36691
2015/3/28,31697
2015/3/29,31897
2015/3/30,38669
2015/3/31,35388
2015/4/1,34237
2015/4/2,29264
2015/4/3,30317
2015/4/4,27885
2015/4/5,29227
2015/4/6,29046
2015/4/7,29994
2015/4/8,37076
2015/4/9,37353
2015/4/10,28657
2015/4/11,27225
2015/4/12,25877
2015/4/13,29205
2015/4/14,30124
2015/4/15,28598
2015/4/16,34517
2015/4/17,28275
2015/4/18,25659
2015/4/19,26993
2015/4/20,28470
2015/4/21,32701
2015/4/22,30895
2015/4/23,30202
2015/4/24,35266
2015/4/25,25715
2015/4/26,36471
2015/4/27,39066
2015/4/28,31957
2015/4/29,30639
2015/4/30,29720
2015/5/1,27237
2015/5/2,25012
2015/5/3,27042
2015/5/4,29448
2015/5/5,27820
2015/5/6,29624
2015/5/7,27526
2015/5/8,25655
2015/5/9,23791
2015/5/10,31503
2015/5/11,32317
2015/5/12,30635
2015/5/13,30934
2015/5/14,31708
2015/5/15,42997
2015/5/16,32407
2015/5/17,32810
2015/5/18,34624
2015/5/19,34750
2015/5/20,30108
2015/5/21,27578
2015/5/22,29926
2015/5/23,27166
2015/5/24,27968
2015/5/25,30637
2015/5/26,34578
2015/5/27,29218
2015/5/28,23591
2015/5/29,24045
2015/5/30,23844
2015/5/31,24048
2015/6/1,27087
2015/6/2,28566
2015/6/3,34732
2015/6/4,76661
2015/6/5,28700
2015/6/6,27936
2015/6/7,26086
2015/6/8,46002
2015/6/9,43106
2015/6/10,26645
2015/6/11,52355
2015/6/12,36988
2015/6/13,21875
2015/6/14,46935
2015/6/15,28128
2015/6/16,84152
2015/6/17,35914
2015/6/18,38557
2015/6/19,28107
2015/6/20,25438
2015/6/21,23500
2015/6/22,27394
2015/6/23,28352
2015/6/24,36725
2015/6/25,26008
2015/6/26,23984
2015/6/27,23636
2015/6/28,25663
2015/6/29,40197
2015/6/30,33375
2015/7/1,29052
2015/7/2,27119
2015/7/3,25771
2015/7/4,23847
2015/7/5,24976
2015/7/6,36903
2015/7/7,29915
2015/7/8,36474
2015/7/9,30281
2015/7/10,29616
2015/7/11,24645
2015/7/12,26775
2015/7/13,42326
2015/7/14,50267
2015/7/15,38595
2015/7/16,35125
2015/7/17,29831
2015/7/18,25985
2015/7/19,25071
2015/7/20,36888
2015/7/21,30095
2015/7/22,44651
2015/7/23,33408
2015/7/24,28664
2015/7/25,21076
2015/7/26,15592
2015/7/27,30972
2015/7/28,33519
2015/7/29,37726
2015/7/30,33018
2015/7/31,27789
2015/8/1,26960
2015/8/2,24294
2015/8/3,35036
2015/8/4,34486
2015/8/5,31470
2015/8/6,35658
2015/8/7,47467
2015/8/8,29031
2015/8/9,27132
2015/8/10,27744
2015/8/11,26653
2015/8/12,29241
2015/8/13,31087
2015/8/14,30737
2015/8/15,28722
2015/8/16,24050
2015/8/17,37040
2015/8/18,28767
2015/8/19,28539
2015/8/20,36462
2015/8/21,39012
2015/8/22,34967
2015/8/23,27692
2015/8/24,34342
2015/8/25,37941
2015/8/26,33987
2015/8/27,34558
2015/8/28,39945
2015/8/29,14768
2015/8/30,32134
2015/8/31,35949
2015/9/1,37021
2015/9/2,39013
2015/9/3,42474
2015/9/4,36321
2015/9/5,29023
2015/9/6,35583
2015/9/7,38792
2015/9/8,46889
2015/9/9,16909
2015/9/10,37882
2015/9/11,38518
2015/9/12,32205
2015/9/13,40350
2015/9/14,16262
2015/9/15,20470
2015/9/16,45085
2015/9/17,33180
2015/9/18,31747
2015/9/19,39778
2015/9/20,65535
2015/9/21,59563
2015/9/22,82378
2015/9/23,42946
2015/9/24,46527
2015/9/25,41322
2015/9/26,41039
2015/9/27,30532
2015/9/28,35355
2015/9/29,40135
2015/9/30,43080
2015/10/1,41189
2015/10/2,35561
2015/10/3,49494
2015/10/4,33909
2015/10/5,32712
2015/10/6,39541
2015/10/7,38773
2015/10/8,35461
2015/10/9,30426
2015/10/10,29433
2015/10/11,27940
2015/10/12,34146
2015/10/13,31813
2015/10/14,28030
2015/10/15,37296
2015/10/16,36070
2015/10/17,31701
2015/10/18,25220
2015/10/19,35703
2015/10/20,42914
2015/10/21,38896
2015/10/22,44027
2015/10/23,37326
2015/10/24,36013
2015/10/25,30139
2015/10/26,37096
2015/10/27,50484
2015/10/28,45782
2015/10/29,45960
2015/10/30,32577
2015/10/31,35257
2015/11/1,31402
2015/11/2,35962
2015/11/3,42652
2015/11/4,54768
2015/11/5,51405
2015/11/6,43351
2015/11/7,36433
2015/11/8,39567
2015/11/9,45103
2015/11/10,43853
2015/11/11,34774
2015/11/12,38371
2015/11/13,35364
2015/11/14,30226
2015/11/15,32216
2015/11/16,35757
2015/11/17,36957
2015/11/18,40387
2015/11/19,32915
2015/11/20,33652
2015/11/21,25295
2015/11/22,17983
2015/11/23,21268
2015/11/24,20427
2015/11/25,27288
2015/11/26,24681
2015/11/27,25861
2015/11/28,25749
2015/11/29,24219
2015/11/30,26261
2015/12/1,25143
2015/12/2,23887
2015/12/3,23460
2015/12/4,22066
2015/12/5,22531
2015/12/6,22728
2015/12/7,25413
2015/12/8,24716
2015/12/9,33862
2015/12/10,25232
2015/12/11,26210
2015/12/12,23062
2015/12/13,21459
2015/12/14,32070
2015/12/15,28842
2015/12/16,27652
2015/12/17,23729
2015/12/18,24189
2015/12/19,21372
2015/12/20,19855
2015/12/21,24803
2015/12/22,25707
2015/12/23,26011
2015/12/24,23679
2015/12/25,21240
2015/12/26,21795
2015/12/27,32284
2015/12/28,31890
2015/12/29,24417
2015/12/30,26654
2015/12/31,24012
2016/1/1,20122
2016/1/2,19715
2016/1/3,19638
2016/1/4,23308
2016/1/5,27207
2016/1/6,24615
2016/1/7,24700
2016/1/8,26040
2016/1/9,20585
2016/1/10,20755
2016/1/11,23867
2016/1/12,27110
2016/1/13,27094
2016/1/14,25568
2016/1/15,31035
2016/1/16,28097
2016/1/17,25408
2016/1/18,29308
2016/1/19,24617
2016/1/20,29720
2016/1/21,29595
2016/1/22,27533
2016/1/23,23029
2016/1/24,22635
2016/1/25,25172
2016/1/26,26057
2016/1/27,28379
2016/1/28,26070
2016/1/29,29331
2016/1/30,25049
2016/1/31,27728
2016/2/1,29309
2016/2/2,26458
2016/2/3,27023
2016/2/4,26103
2016/2/5,26621
2016/2/6,23929
2016/2/7,24021
2016/2/8,27363
2016/2/9,25751
2016/2/10,28230
2016/2/11,29630
2016/2/12,28064
2016/2/13,25543
2016/2/14,25283
2016/2/15,27181
2016/2/16,27923
2016/2/17,29153
2016/2/18,24986
2016/2/19,27889
2016/2/20,23050
2016/2/21,25424
2016/2/22,25239
2016/2/23,28499
2016/2/24,27169
2016/2/25,28753
2016/2/26,30726
2016/2/27,24902
2016/2/28,28161
2016/2/29,28270
2016/3/1,25668
2016/3/2,27957
2016/3/3,31442
2016/3/4,30294
2016/3/5,28045
2016/3/6,24747
2016/3/7,29486
2016/3/8,27850
2016/3/9,28142
2016/3/10,30719
2016/3/11,29704
2016/3/12,28068
2016/3/13,28299
2016/3/14,28751
2016/3/15,30661
2016/3/16,33113
2016/3/17,30033
2016/3/18,25976
2016/3/19,27011
2016/3/20,22064
2016/3/21,25353
2016/3/22,25184
2016/3/23,23845
2016/3/24,22710
2016/3/25,22593
2016/3/26,20187
2016/3/27,19044
2016/3/28,23045
2016/3/29,31699
2016/3/30,35672
2016/3/31,24191
2016/4/1,24472
2016/4/2,21507
2016/4/3,21378
2016/4/4,24516
2016/4/5,26914
2016/4/6,23270
2016/4/7,23407
2016/4/8,24554
2016/4/9,19399
2016/4/10,19193
2016/4/11,23919
2016/4/12,23252
2016/4/13,23243
2016/4/14,24938
2016/4/15,27593
2016/4/16,20857
2016/4/17,19395
2016/4/18,21989
2016/4/19,22642
2016/4/20,22973
2016/4/21,23282
2016/4/22,24241
2016/4/23,25236
2016/4/24,30727
2016/4/25,28861
2016/4/26,26206
2016/4/27,28009
2016/4/28,26142
2016/4/29,26067
2016/4/30,22785
2016/5/1,22113
2016/5/2,44092
2016/5/3,34902
2016/5/4,28567
2016/5/5,27508
2016/5/6,24738
2016/5/7,21334
2016/5/8,20478
2016/5/9,23092
2016/5/10,23402
2016/5/11,21597
2016/5/12,22343
2016/5/13,23638
2016/5/14,19355
2016/5/15,19527
2016/5/16,21419
2016/5/17,21242
2016/5/18,21130
2016/5/19,21055
2016/5/20,21015
2016/5/21,18208
2016/5/22,20846
2016/5/23,25025
2016/5/24,25558
2016/5/25,25514
2016/5/26,25096
2016/5/27,22418
2016/5/28,20785
2016/5/29,21179
2016/5/30,23116
2016/5/31,22168
2016/6/1,24322
2016/6/2,25664
2016/6/3,25989
2016/6/4,22507
2016/6/5,24256
2016/6/6,25168
2016/6/7,25479
2016/6/8,25213
2016/6/9,23455
2016/6/10,23436
2016/6/11,20546
2016/6/12,25917
2016/6/13,27242
2016/6/14,23970
2016/6/15,24561
2016/6/16,26795
2016/6/17,26724
2016/6/18,20862
2016/6/19,20799
2016/6/20,27198
2016/6/21,27064
2016/6/22,25119
2016/6/23,24183
2016/6/24,26403
2016/6/25,20205
2016/6/26,20500
2016/6/27,23913
2016/6/28,23816
2016/6/29,23872
2016/6/30,23132
2016/7/1,23027
2016/7/2,23595
2016/7/3,20287
2016/7/4,21181
2016/7/5,22046
2016/7/6,23770
2016/7/7,23909
2016/7/8,23469
2016/7/9,25041
2016/7/10,20364
2016/7/11,22699
2016/7/12,22223
2016/7/13,22998
2016/7/14,21544
2016/7/15,20434
2016/7/16,18987
2016/7/17,19456
2016/7/18,21330
2016/7/19,23226
2016/7/20,22621
2016/7/21,20837
2016/7/22,20712
2016/7/23,18351
2016/7/24,18766
2016/7/25,22664
2016/7/26,23499
2016/7/27,21902
2016/7/28,23727
2016/7/29,20354
2016/7/30,17310
2016/7/31,17590
2016/8/1,22021
2016/8/2,27947
2016/8/3,33437
2016/8/4,25150
2016/8/5,25115
2016/8/6,20484
2016/8/7,20769
2016/8/8,24232
2016/8/9,24435
2016/8/10,30224
2016/8/11,23497
2016/8/12,25008
2016/8/13,21026
2016/8/14,24566
2016/8/15,25180
2016/8/16,23549
2016/8/17,22643
2016/8/18,20849
2016/8/19,18562
2016/8/20,14687
2016/8/21,14412
2016/8/22,18821
2016/8/23,18812
2016/8/24,19302
2016/8/25,20127
2016/8/26,19606
2016/8/27,15956
2016/8/28,17112
2016/8/29,22110
2016/8/30,18322
2016/8/31,17456
2016/9/1,18373
2016/9/2,20605
2016/9/3,16664
2016/9/4,16972
2016/9/5,23183
2016/9/6,35065
2016/9/7,23060
2016/9/8,19731
2016/9/9,19091
2016/9/10,18701
2016/9/11,16124
2016/9/12,18821
2016/9/13,20868
2016/9/14,20554
2016/9/15,21820
2016/9/16,20588
2016/9/17,17201
2016/9/18,13717
2016/9/19,13913
2016/9/20,26427
2016/9/21,18606
2016/9/22,18260
2016/9/23,19726
2016/9/24,17748
2016/9/25,17984
2016/9/26,20210
2016/9/27,20912
2016/9/28,19750
2016/9/29,21230
2016/9/30,17676
2016/10/1,17285
2016/10/2,16869
2016/10/3,22770
2016/10/4,20191
2016/10/5,19102
2016/10/6,19174
2016/10/7,21247
2016/10/8,18265
2016/10/9,17597
2016/10/10,19079
2016/10/11,20605
2016/10/12,19254
2016/10/13,17289
2016/10/14,17479
2016/10/15,20593
2016/10/16,18498
2016/10/17,18689
2016/10/18,17940
2016/10/19,20522
2016/10/20,17281
2016/10/21,15145
2016/10/22,13770
2016/10/23,14832
2016/10/24,18801
2016/10/25,15756
2016/10/26,17995
2016/10/27,19247
2016/10/28,19798
2016/10/29,18463
2016/10/30,19812
2016/10/31,23052
2016/11/1,21499
2016/11/2,20959
2016/11/3,20253
2016/11/4,18517
2016/11/5,17653
2016/11/6,20121
2016/11/7,22734
2016/11/8,22954
2016/11/9,24370
2016/11/10,20972
2016/11/11,19923
2016/11/12,17540
2016/11/13,19573
2016/11/14,22700
2016/11/15,23129
2016/11/16,23016
2016/11/17,22943
2016/11/18,22105
2016/11/19,20995
2016/11/20,17894
2016/11/21,22770
2016/11/22,22500
2016/11/23,21827
2016/11/24,21061
2016/11/25,20433
2016/11/26,19734
2016/11/27,19864
2016/11/28,22289
2016/11/29,21602
2016/11/30,21457
2016/12/1,21117
2016/12/2,20335
2016/12/3,16186
2016/12/4,16345
2016/12/5,18558
2016/12/6,20236
2016/12/7,21592
2016/12/8,21302
2016/12/9,19749
2016/12/10,18331
2016/12/11,16070
2016/12/12,18775
2016/12/13,20749
2016/12/14,21101
2016/12/15,19341
2016/12/16,19242
2016/12/17,18364
2016/12/18,18930
2016/12/19,25718
2016/12/20,22945
2016/12/21,25531
2016/12/22,27288
2016/12/23,29448
2016/12/24,22045
2016/12/25,17925
2016/12/26,19894
2016/12/27,22525
2016/12/28,24151
2016/12/29,22502
2016/12/30,18971
2016/12/31,18483
2017/1/1,21071
2017/1/2,26461
2017/1/3,27269
2017/1/4,31611
2017/1/5,33407
2017/1/6,29065
2017/1/7,22717
2017/1/8,19595
2017/1/9,23277
2017/1/10,22918
2017/1/11,29228
2017/1/12,30387
2017/1/13,28785
2017/1/14,22367
2017/1/15,22232
2017/1/16,24103
2017/1/17,25648
2017/1/18,26491
2017/1/19,27848
2017/1/20,23365
2017/1/21,20833
2017/1/22,20816
2017/1/23,24809
2017/1/24,28304
2017/1/25,27278
2017/1/26,24366
2017/1/27,23178
2017/1/28,21300
2017/1/29,20789
2017/1/30,27170
2017/1/31,23711
2017/2/1,22600
2017/2/2,23547
2017/2/3,26694
2017/2/4,27112
2017/2/5,23530
2017/2/6,29026
2017/2/7,30138
2017/2/8,26445
2017/2/9,27886
2017/2/10,26096
2017/2/11,26759
2017/2/12,27211
2017/2/13,24621
2017/2/14,27568
2017/2/15,26945
2017/2/16,24357
2017/2/17,26355
2017/2/18,21344
2017/2/19,19946
2017/2/20,26113
2017/2/21,25187
2017/2/22,26751
2017/2/23,27929
2017/2/24,37286
2017/2/25,24005
2017/2/26,27326
2017/2/27,24703
2017/2/28,23501
2017/3/1,25248
2017/3/2,28277
2017/3/3,31848
2017/3/4,24535
2017/3/5,22507
2017/3/6,29476
2017/3/7,31214
2017/3/8,28463
2017/3/9,29362
2017/3/10,36952
2017/3/11,30193
2017/3/12,26226
2017/3/13,27414
2017/3/14,27110
2017/3/15,25560
2017/3/16,26412
2017/3/17,28612
2017/3/18,25964
2017/3/19,26859
2017/3/20,30480
2017/3/21,29659
2017/3/22,32507
2017/3/23,39969
2017/3/24,30279
2017/3/25,29728
2017/3/26,23985
2017/3/27,25216
2017/3/28,26462
2017/3/29,24593
2017/3/30,25723
2017/3/31,24542
2017/4/1,21680
2017/4/2,21011
2017/4/3,25315
2017/4/4,26979
2017/4/5,28967
2017/4/6,28251
2017/4/7,29445
2017/4/8,23272
2017/4/9,22661
2017/4/10,26562
2017/4/11,28441
2017/4/12,29250
2017/4/13,27278
2017/4/14,25953
2017/4/15,22135
2017/4/16,23562
2017/4/17,28015
2017/4/18,28770
2017/4/19,26629
2017/4/20,29974
2017/4/21,28206
2017/4/22,27203
2017/4/23,25203
2017/4/24,29644
2017/4/25,33008
2017/4/26,29463
2017/4/27,32051
2017/4/28,28213
2017/4/29,25838
2017/4/30,27459
2017/5/1,34936
2017/5/2,35501
2017/5/3,31179
2017/5/4,34255
2017/5/5,29857
2017/5/6,25032
2017/5/7,26713
2017/5/8,29244
2017/5/9,44121
2017/5/10,40934
2017/5/11,35505
2017/5/12,35985
2017/5/13,33174
2017/5/14,40474
2017/5/15,32997
2017/5/16,35688
2017/5/17,33543
2017/5/18,33534
2017/5/19,34239
2017/5/20,32852
2017/5/21,34900
2017/5/22,44720
2017/5/23,48940
2017/5/24,47492
2017/5/25,51057
2017/5/26,49914
2017/5/27,39077
2017/5/28,33992
2017/5/29,41046
2017/5/30,41624
2017/5/31,47749
2017/6/1,39409
2017/6/2,35997
2017/6/3,30857
2017/6/4,38571
2017/6/5,38632
2017/6/6,51736
2017/6/7,43821
2017/6/8,37910
2017/6/9,38824
2017/6/10,34849
2017/6/11,36404
2017/6/12,42206
2017/6/13,43501
2017/6/14,41045
2017/6/15,45335
2017/6/16,41470
2017/6/17,35393
2017/6/18,33617
2017/6/19,38427
2017/6/20,41414
2017/6/21,40215
2017/6/22,37617
2017/6/23,42760
2017/6/24,null
2017/6/25,null
2017/6/26,null
2017/6/27,null
2017/6/28,null
2017/6/29,null
2017/6/30,null
2017/7/1,null
2017/7/2,null
2017/7/3,null
2017/7/4,null
2017/7/5,null
2017/7/6,null
2017/7/7,null
2017/7/8,null
2017/7/9,null
2017/7/10,null
2017/7/11,null
2017/7/12,41059
2017/7/13,37788
2017/7/14,36999
2017/7/15,35882
2017/7/16,35044
2017/7/17,42841
2017/7/18,38869
2017/7/19,40774
2017/7/20,42878
2017/7/21,41888
2017/7/22,36424
2017/7/23,36108
2017/7/24,44080
2017/7/25,44885
2017/7/26,47880
2017/7/27,49367
2017/7/28,46138
2017/7/29,35823
2017/7/30,37073
2017/7/31,45510
2017/8/1,52376
2017/8/2,50050
2017/8/3,47758
2017/8/4,47503
2017/8/5,48992
2017/8/6,36187
2017/8/7,46630
2017/8/8,53994
2017/8/9,48611
2017/8/10,45181
2017/8/11,49242
2017/8/12,44387
2017/8/13,47827
2017/8/14,57531
2017/8/15,65447
2017/8/16,53779
2017/8/17,71870
2017/8/18,61067
2017/8/19,51709
2017/8/20,58268
2017/8/21,53402
2017/8/22,59244
2017/8/23,59293
2017/8/24,63067
2017/8/25,58723
2017/8/26,50258
2017/8/27,47358
2017/8/28,53173
2017/8/29,60452
2017/8/30,57072
2017/8/31,58244
2017/9/1,67953
2017/9/2,53177
2017/9/3,49077
2017/9/4,77422
2017/9/5,61290
2017/9/6,57051
2017/9/7,51603
2017/9/8,57797
2017/9/9,54796
2017/9/10,52629
2017/9/11,61659
2017/9/12,64321
2017/9/13,73211
2017/9/14,81128
2017/9/15,78373
2017/9/16,64396
2017/9/17,52831
2017/9/18,73426
2017/9/19,71751
2017/9/20,59979
2017/9/21,61443
2017/9/22,63652
2017/9/23,56876
2017/9/24,55081
2017/9/25,72699
2017/9/26,61973
2017/9/27,65959
2017/9/28,70657
2017/9/29,76874
2017/9/30,56280
2017/10/1,58917
2017/10/2,66945
2017/10/3,70772
2017/10/4,76296
2017/10/5,61290
2017/10/6,68406
2017/10/7,76111
2017/10/8,63113
2017/10/9,73002
2017/10/10,79373
2017/10/11,68320
2017/10/12,106779
2017/10/13,99372
2017/10/14,83670
2017/10/15,93320
2017/10/16,77238
2017/10/17,80151
2017/10/18,71392
2017/10/19,85571
2017/10/20,94627
2017/10/21,66998
2017/10/22,74513
2017/10/23,86442
2017/10/24,74472
2017/10/25,72426
2017/10/26,67679
2017/10/27,69197
2017/10/28,59449
2017/10/29,64396
2017/10/30,73018
2017/10/31,86043
2017/11/1,89885
2017/11/2,92923
2017/11/3,77953
2017/11/4,73373
2017/11/5,67196
2017/11/6,72577
2017/11/7,64461
2017/11/8,81551
2017/11/9,81241
2017/11/10,80481
2017/11/11,68892
2017/11/12,71176
2017/11/13,73373
2017/11/14,71630
2017/11/15,79934
2017/11/16,87538
2017/11/17,83410
2017/11/18,68192
2017/11/19,72762
2017/11/20,102144
2017/11/21,87110
2017/11/22,78405
2017/11/23,75047
2017/11/24,69886
2017/11/25,71625
2017/11/26,80943
2017/11/27,98413
2017/11/28,106360
2017/11/29,128781
2017/11/30,103190
2017/12/1,105017
2017/12/2,88292
2017/12/3,83022
2017/12/4,97945
2017/12/5,103919
2017/12/6,116856
2017/12/7,155600
2017/12/8,124260
2017/12/9,114109
2017/12/10,100455
2017/12/11,128425
2017/12/12,113215
2017/12/13,98863
2017/12/14,109628
2017/12/15,105711
2017/12/16,82782
2017/12/17,84441
2017/12/18,97245
2017/12/19,83423
2017/12/20,101169
2017/12/21,105591
2017/12/22,124670
2017/12/23,100098
2017/12/24,70864
2017/12/25,64029
2017/12/26,77648
2017/12/27,78968
2017/12/28,79968
2017/12/29,77151
2017/12/30,71377
2017/12/31,64989
2018/1/1,62044
2018/1/2,77723
2018/1/3,79086
2018/1/4,74534
2018/1/5,76404
2018/1/6,62977
2018/1/7,67259
2018/1/8,30585
2018/1/9,80932
2018/1/10,82357
2018/1/11,100333
2018/1/12,80737
2018/1/13,63396
2018/1/14,65657
2018/1/15,76852
2018/1/16,102135
2018/1/17,111394
2018/1/18,100366
2018/1/19,57244
2018/1/20,75149
2018/1/21,76295
2018/1/22,93708
2018/1/23,81995
2018/1/24,78855
2018/1/25,79509
2018/1/26,73227
2018/1/27,63956
2018/1/28,66645
2018/1/29,82322
2018/1/30,84246
2018/1/31,81651
2018/2/1,93008
2018/2/2,102640
2018/2/3,76444
2018/2/4,78202
2018/2/5,99959
2018/2/6,109734
2018/2/7,95072
2018/2/8,101569
2018/2/9,89542
2018/2/10,77570
2018/2/11,75335
2018/2/12,83783
2018/2/13,73084
2018/2/14,72888
2018/2/15,74208
2018/2/16,74964
2018/2/17,69716
2018/2/18,62968
2018/2/19,69225
2018/2/20,75215
2018/2/21,69562
2018/2/22,66124
2018/2/23,62576
2018/2/24,56616
2018/2/25,63393
2018/2/26,66533
2018/2/27,64827
2018/2/28,68823
2018/3/1,61852
2018/3/2,61317
2018/3/3,null
2018/3/4,null
2018/3/5,null
2018/3/6,null
2018/3/7,null
2018/3/8,null
2018/3/9,null
2018/3/10,null
2018/3/11,null
2018/3/12,null
2018/3/13,null
2018/3/14,null
2018/3/15,null
2018/3/16,null
2018/3/17,null
2018/3/18,null
2018/3/19,null
2018/3/20,null
2018/3/21,null
2018/3/22,null
2018/3/23,null
2018/3/24,null
2018/3/25,null
2018/3/26,null
2018/3/27,null
2018/3/28,null
2018/3/29,null
2018/3/30,null
2018/3/31,null
2018/4/1,null
2018/4/2,null
2018/4/3,null
2018/4/4,null
2018/4/5,null
2018/4/6,null
2018/4/7,52476
2018/4/8,52796
2018/4/9,59029
2018/4/10,59044
2018/4/11,61072
2018/4/12,68886
2018/4/13,64178
2018/4/14,50026
2018/4/15,52494
2018/4/16,56538
2018/4/17,56111
2018/4/18,56720
2018/4/19,57013
2018/4/20,57190
2018/4/21,56176
2018/4/22,59404
2018/4/23,59885
2018/4/24,67323
2018/4/25,65523
2018/4/26,64330
2018/4/27,55754
2018/4/28,49473
2018/4/29,46959
2018/4/30,49151
2018/5/1,49777
2018/5/2,48137
2018/5/3,50882
2018/5/4,57751
2018/5/5,50536
2018/5/6,47589
2018/5/7,53424
2018/5/8,52302
2018/5/9,54594
2018/5/10,53621
2018/5/11,55128
2018/5/12,48718
2018/5/13,46131
2018/5/14,52460
2018/5/15,50376
2018/5/16,49167
2018/5/17,47708
2018/5/18,46685
2018/5/19,40643
2018/5/20,41628
2018/5/21,44301
2018/5/22,44097
2018/5/23,49303
2018/5/24,46043
2018/5/25,42093
2018/5/26,38020
2018/5/27,43809
2018/5/28,44801
2018/5/29,46903
2018/5/30,51863
2018/5/31,47154
2018/6/1,45316
2018/6/2,41760
2018/6/3,41999
2018/6/4,46104
2018/6/5,46860
2018/6/6,45323
2018/6/7,48259
2018/6/8,46310
2018/6/9,38889
2018/6/10,40585
2018/6/11,45487
2018/6/12,46551
2018/6/13,51652
2018/6/14,47079
2018/6/15,39786
2018/6/16,36471
2018/6/17,37164
2018/6/18,46282
2018/6/19,45018
2018/6/20,41009
2018/6/21,38835
2018/6/22,41721
2018/6/23,36776
2018/6/24,36953
2018/6/25,42286
2018/6/26,43429
2018/6/27,40206
2018/6/28,41574
2018/6/29,41392
2018/6/30,35882
2018/7/1,32183
2018/7/2,40449
2018/7/3,43042
2018/7/4,40065
2018/7/5,38128
2018/7/6,38468
2018/7/7,32273
2018/7/8,31005
2018/7/9,37804
2018/7/10,39826
2018/7/11,39901
2018/7/12,39007
2018/7/13,37794
2018/7/14,30839
2018/7/15,32485
2018/7/16,41799
2018/7/17,45432
2018/7/18,42923
2018/7/19,39629
2018/7/20,38529
2018/7/21,33267
2018/7/22,32189
2018/7/23,39877
2018/7/24,48202
2018/7/25,41673
2018/7/26,39978
2018/7/27,37373
2018/7/28,31763
2018/7/29,32179
2018/7/30,37855
2018/7/31,38962
2018/8/1,39603
2018/8/2,37572
2018/8/3,39186
2018/8/4,33342
2018/8/5,30523
2018/8/6,35064
2018/8/7,34996
2018/8/8,36169
2018/8/9,34503
2018/8/10,34108
2018/8/11,29578
2018/8/12,28188
2018/8/13,31628
2018/8/14,36996
2018/8/15,35084
2018/8/16,33037
2018/8/17,32168
2018/8/18,27953
2018/8/19,26854
2018/8/20,33467
2018/8/21,33425
2018/8/22,32026
2018/8/23,33815
2018/8/24,29804
2018/8/25,26122
2018/8/26,23840
2018/8/27,28754
2018/8/28,33359
2018/8/29,31756
2018/8/30,31447
2018/8/31,32099
2018/9/1,30166
2018/9/2,29111
2018/9/3,34835
2018/9/4,35005
2018/9/5,35456
2018/9/6,37078
2018/9/7,33033
2018/9/8,28446
2018/9/9,30519
2018/9/10,33868
2018/9/11,32809
2018/9/12,29716
2018/9/13,32269
2018/9/14,31041
2018/9/15,27319
2018/9/16,26995
2018/9/17,31037
2018/9/18,30885
2018/9/19,31000
2018/9/20,32268
2018/9/21,34302
2018/9/22,27695
2018/9/23,29057
2018/9/24,32186
2018/9/25,33771
2018/9/26,32810
2018/9/27,31898
2018/9/28,29550
2018/9/29,28728
2018/9/30,27646
2018/10/1,31878
2018/10/2,31648
2018/10/3,31711
2018/10/4,34224
2018/10/5,34221
2018/10/6,29246
2018/10/7,28503
2018/10/8,37692
2018/10/9,35538
2018/10/10,33842
2018/10/11,32278
2018/10/12,28937
2018/10/13,27760
2018/10/14,28150
2018/10/15,35275
2018/10/16,35006
2018/10/17,33145
2018/10/18,30155
2018/10/19,28097
2018/10/20,23204
2018/10/21,22298
2018/10/22,30300
2018/10/23,30702
2018/10/24,29969
2018/10/25,25693
2018/10/26,25493
2018/10/27,20631
2018/10/28,20711
2018/10/29,26541
2018/10/30,25290
2018/10/31,33944
2018/11/1,31618
2018/11/2,22288
2018/11/3,18645
2018/11/4,24207
2018/11/5,23158
2018/11/6,25550
2018/11/7,24951
2018/11/8,24614
2018/11/9,25018
2018/11/10,20709
2018/11/11,18630
2018/11/12,23212
2018/11/13,25340
2018/11/14,34169
2018/11/15,30694
2018/11/16,28077
2018/11/17,23964
2018/11/18,21832
2018/11/19,39010
2018/11/20,36659
2018/11/21,30984
2018/11/22,27754
2018/11/23,26345
2018/11/24,22902
2018/11/25,26859
2018/11/26,29115
2018/11/27,29976
2018/11/28,29142
2018/11/29,28709
2018/11/30,25626
2018/12/1,26347
2018/12/2,21596
2018/12/3,27894
2018/12/4,25332
2018/12/5,27357
2018/12/6,null
2018/12/7,28638
2018/12/8,22270
2018/12/9,23363
2018/12/10,22818
2018/12/11,22603
2018/12/12,21876
2018/12/13,21792
2018/12/14,24445
2018/12/15,18577
2018/12/16,19526
2018/12/17,24940
2018/12/18,25600
2018/12/19,26446
2018/12/20,24630
2018/12/21,22143
2018/12/22,17737
2018/12/23,17701
2018/12/24,21198
2018/12/25,18394
2018/12/26,19107
2018/12/27,19522
2018/12/28,20589
2018/12/29,19252
2018/12/30,18295
2018/12/31,18611
2019/1/1,17069
2019/1/2,18830
2019/1/3,26754
2019/1/4,21139
2019/1/5,20096
2019/1/6,18883
2019/1/7,20476
2019/1/8,19387
2019/1/9,21237
2019/1/10,20948
2019/1/11,19317
2019/1/12,16138
2019/1/13,16041
2019/1/14,19018
2019/1/15,18363
2019/1/16,18790
2019/1/17,21544
2019/1/18,19125
2019/1/19,16923
2019/1/20,17285
2019/1/21,18571
2019/1/22,18601
2019/1/23,19434
2019/1/24,19994
2019/1/25,17787
2019/1/26,16307
2019/1/27,14794
2019/1/28,19069
2019/1/29,19242
2019/1/30,19785
2019/1/31,20616
2019/2/1,14658
2019/2/2,15728
2019/2/3,15208
2019/2/4,18658
2019/2/5,19792
2019/2/6,20673
2019/2/7,18834
2019/2/8,20304
2019/2/9,18400
2019/2/10,15294
2019/2/11,17137
2019/2/12,18536
2019/2/13,19037
2019/2/14,20146
2019/2/15,17973
2019/2/16,14503
2019/2/17,15013
2019/2/18,20088
2019/2/19,20657
2019/2/20,19783
2019/2/21,18673
2019/2/22,18990
2019/2/23,17467
2019/2/24,19043
2019/2/25,18557
2019/2/26,18337
2019/2/27,17989
2019/2/28,17668
2019/3/1,16498
2019/3/2,14475
2019/3/3,14176
2019/3/4,17545
2019/3/5,18838
2019/3/6,18028
2019/3/7,18488
2019/3/8,17183
2019/3/9,17366
2019/3/10,15841
2019/3/11,18186
2019/3/12,19917
2019/3/13,18492
2019/3/14,20023
2019/3/15,20206
2019/3/16,17435
2019/3/17,15347
2019/3/18,18737
2019/3/19,18727
2019/3/20,19248
2019/3/21,19423
2019/3/22,16970
2019/3/23,15265
2019/3/24,13501
2019/3/25,17740
2019/3/26,17060
2019/3/27,18796
2019/3/28,19331
2019/3/29,19794
2019/3/30,16862
2019/3/31,13999
2019/4/1,19381
2019/4/2,31271
2019/4/3,27604
2019/4/4,19138
2019/4/5,21242
2019/4/6,18512
2019/4/7,18379
2019/4/8,21850
2019/4/9,21506
2019/4/10,20630
2019/4/11,19646
2019/4/12,19211
2019/4/13,14753
2019/4/14,15018
2019/4/15,21915
2019/4/16,20162
2019/4/17,18090
2019/4/18,17682
2019/4/19,18120
2019/4/20,17709
2019/4/21,17222
2019/4/22,17408
2019/4/23,22296
2019/4/24,19743
2019/4/25,19506
2019/4/26,21070
2019/4/27,16710
2019/4/28,17580
2019/4/29,20448
2019/4/30,21581
2019/5/1,20851
2019/5/2,22445
2019/5/3,24485
2019/5/4,17068
2019/5/5,16535
2019/5/6,17404
2019/5/7,23358
2019/5/8,21963
2019/5/9,23754
2019/5/10,26998
2019/5/11,28634
2019/5/12,24282
2019/5/13,30708
2019/5/14,30481
2019/5/15,26417
2019/5/16,25357
2019/5/17,24758
2019/5/18,21030
2019/5/19,23521
2019/5/20,26986
2019/5/21,26690
2019/5/22,28228
2019/5/23,23030
2019/5/24,24832
2019/5/25,21858
2019/5/26,24478
2019/5/27,28581
2019/5/28,26446
2019/5/29,25021
2019/5/30,27798
2019/5/31,23693
2019/6/1,18033
2019/6/2,17800
2019/6/3,21639
2019/6/4,22663
2019/6/5,20976
2019/6/6,18986
2019/6/7,18556
2019/6/8,16193
2019/6/9,14067
2019/6/10,16525
2019/6/11,16251
2019/6/12,16268
2019/6/13,17035
2019/6/14,18696
2019/6/15,16573
2019/6/16,22492
2019/6/17,20646
2019/6/18,21527
2019/6/19,18490
2019/6/20,22820
2019/6/21,27828
2019/6/22,39374
2019/6/23,24127
2019/6/24,25892
2019/6/25,27019
2019/6/26,41687
2019/6/27,30175
2019/6/28,27588
2019/6/29,21149
2019/6/30,17663
2019/7/1,23124
2019/7/2,23546
2019/7/3,22563
2019/7/4,19546
2019/7/5,19656
2019/7/6,16184
2019/7/7,15820
2019/7/8,21434
2019/7/9,22180
2019/7/10,23834
2019/7/11,20230
2019/7/12,31450
2019/7/13,21442
2019/7/14,19451
2019/7/15,22735
2019/7/16,22784
2019/7/17,24278
2019/7/18,24597
2019/7/19,25759
2019/7/20,21566
2019/7/21,20697
2019/7/22,23274
2019/7/23,21610
2019/7/24,22926
2019/7/25,19361
2019/7/26,17954
2019/7/27,16400
2019/7/28,14762
2019/7/29,17179
2019/7/30,18294
2019/7/31,19647
2019/8/1,19930
2019/8/2,19806
2019/8/3,15856
2019/8/4,15514
2019/8/5,24014
2019/8/6,21526
2019/8/7,19684
2019/8/8,17352
2019/8/9,17787
2019/8/10,15781
2019/8/11,14407
2019/8/12,18156
2019/8/13,18208
2019/8/14,19072
2019/8/15,19697
2019/8/16,19352
2019/8/17,15703
2019/8/18,14246
2019/8/19,16770
2019/8/20,16596
2019/8/21,18179
2019/8/22,17858
2019/8/23,17668
2019/8/24,14618
2019/8/25,14278
2019/8/26,16826
2019/8/27,20448
2019/8/28,19033
2019/8/29,17137
2019/8/30,16339
2019/8/31,13453
2019/9/1,14620
2019/9/2,17337
2019/9/3,20903
2019/9/4,18177
2019/9/5,16187
2019/9/6,18376
2019/9/7,14526
2019/9/8,14593
2019/9/9,17004
2019/9/10,18300
2019/9/11,17080
2019/9/12,16904
2019/9/13,15885
2019/9/14,13360
2019/9/15,13380
2019/9/16,16491
2019/9/17,17082
2019/9/18,18477
2019/9/19,18387
2019/9/20,16907
2019/9/21,13899
2019/9/22,14650
2019/9/23,18065
2019/9/24,21250
2019/9/25,21772
2019/9/26,19619
2019/9/27,19119
2019/9/28,15414
2019/9/29,14229
2019/9/30,17758
2019/10/1,17754
2019/10/2,15544
2019/10/3,15626
2019/10/4,14904
2019/10/5,13536
2019/10/6,14729
2019/10/7,16843
2019/10/8,16662
2019/10/9,17990
2019/10/10,17144
2019/10/11,16759
2019/10/12,14136
2019/10/13,14172
2019/10/14,17307
2019/10/15,17552
2019/10/16,17713
2019/10/17,16806
2019/10/18,17011
2019/10/19,15757
2019/10/20,13294
2019/10/21,16282
2019/10/22,19420
2019/10/23,20329
2019/10/24,17486
2019/10/25,20601
2019/10/26,25470
2019/10/27,17460
2019/10/28,18462
2019/10/29,17199
2019/10/30,17972
2019/10/31,20869
2019/11/1,17370
2019/11/2,14470
2019/11/3,14022
2019/11/4,17953
2019/11/5,18119
2019/11/6,17193
2019/11/7,16147
2019/11/8,16463
2019/11/9,13608
2019/11/10,13655
2019/11/11,17451
2019/11/12,16739
2019/11/13,17058
2019/11/14,18144
2019/11/15,17028
2019/11/16,15041
2019/11/17,14539
2019/11/18,16505
2019/11/19,16874
2019/11/20,18338
2019/11/21,21597
2019/11/22,24404
2019/11/23,16543
2019/11/24,17253
2019/11/25,22633
2019/11/26,25824
2019/11/27,22517
2019/11/28,16332
2019/11/29,16670
2019/11/30,16174
2019/12/1,15964
2019/12/2,16129
2019/12/3,16469
2019/12/4,16817
2019/12/5,17127
2019/12/6,15697
2019/12/7,13437
2019/12/8,14176
2019/12/9,16592
2019/12/10,15197
2019/12/11,14324
2019/12/12,16412
2019/12/13,16588
2019/12/14,14114
2019/12/15,14381
2019/12/16,18724
2019/12/17,19303
2019/12/18,22374
2019/12/19,21588
2019/12/20,18959
2019/12/21,16562
2019/12/22,15978
2019/12/23,16906
2019/12/24,15959
2019/12/25,14984
2019/12/26,15205
2019/12/27,14711
2019/12/28,14765
2019/12/29,13684
2019/12/30,15568
2019/12/31,13500
2020/1/1,13987
2020/1/2,15920
2020/1/3,19730
2020/1/4,16357
2020/1/5,16533
2020/1/6,16540
2020/1/7,20950
2020/1/8,20820
2020/1/9,20500
2020/1/10,18266
2020/1/11,15900
2020/1/12,14383
2020/1/13,15305
2020/1/14,20772
2020/1/15,18142
2020/1/16,18513
2020/1/17,17272
2020/1/18,17651
2020/1/19,20557
2020/1/20,18586
2020/1/21,19285
2020/1/22,19401
2020/1/23,18546
2020/1/24,16643
2020/1/25,13919
2020/1/26,14485
2020/1/27,18223
2020/1/28,20422
2020/1/29,22062
2020/1/30,18452
2020/1/31,17685
2020/2/1,15818
2020/2/2,75543
2020/2/3,32917
2020/2/4,28537
2020/2/5,34975
2020/2/6,30260
2020/2/7,25577
2020/2/8,22495
2020/2/9,38674
2020/2/10,27170
2020/2/11,28117
2020/2/12,28341
2020/2/13,26869
2020/2/14,25754
2020/2/15,23918
2020/2/16,23996
2020/2/17,25279
2020/2/18,29623
2020/2/19,31627
2020/2/20,26789
2020/2/21,23685
2020/2/22,24088
2020/2/23,25803
2020/2/24,28829
2020/2/25,27251
2020/2/26,27388
2020/2/27,25882
2020/2/28,25289
2020/2/29,22884
2020/3/1,22847
2020/3/2,25876
2020/3/3,25782
2020/3/4,27221
2020/3/5,26232
2020/3/6,22285
2020/3/7,19205
2020/3/8,19627
2020/3/9,31167
2020/3/10,24544
2020/3/11,23550
2020/3/12,44735
2020/3/13,43020
2020/3/14,22922
2020/3/15,22102
2020/3/16,27432
2020/3/17,26159
2020/3/18,26644
2020/3/19,29033
2020/3/20,28150
2020/3/21,25403
2020/3/22,27844
2020/3/23,28657
2020/3/24,31076
2020/3/25,26878
2020/3/26,24772
2020/3/27,24128
2020/3/28,20983
2020/3/29,22187
2020/3/30,24425
2020/3/31,24944
2020/4/1,27700
2020/4/2,29947
2020/4/3,33185
2020/4/4,28502
2020/4/5,25533
2020/4/6,32118
2020/4/7,32171
2020/4/8,30033
2020/4/9,29133
2020/4/10,28128
2020/4/11,22432
2020/4/12,23749
2020/4/13,26814
2020/4/14,31671
2020/4/15,28889
2020/4/16,30583
2020/4/17,28790
2020/4/18,25279
2020/4/19,25819
2020/4/20,34822
2020/4/21,32492
2020/4/22,30981
2020/4/23,35498
2020/4/24,32567
2020/4/25,33355
2020/4/26,33495
2020/4/27,39379
2020/4/28,41546
2020/4/29,48269
2020/4/30,50532
2020/5/1,40443
2020/5/2,42783
2020/5/3,43879
2020/5/4,43373
2020/5/5,50889
2020/5/6,55866
2020/5/7,59654
2020/5/8,53749
2020/5/9,42273
2020/5/10,41923
2020/5/11,82838
2020/5/12,60453
2020/5/13,46507
2020/5/14,48588
2020/5/15,38102
2020/5/16,40293
2020/5/17,33797
2020/5/18,38987
2020/5/19,31927
2020/5/20,33468
2020/5/21,36198
2020/5/22,46283
2020/5/23,27771
2020/5/24,30235
2020/5/25,34450
2020/5/26,30190
2020/5/27,34046
2020/5/28,38537
2020/5/29,34052
2020/5/30,29372
2020/5/31,28806
2020/6/1,34801
2020/6/2,48257
2020/6/3,32772
2020/6/4,33808
2020/6/5,31415
2020/6/6,26066
2020/6/7,26035
2020/6/8,30802
2020/6/9,33586
2020/6/10,35740
2020/6/11,34444
2020/6/12,34530
2020/6/13,30524
2020/6/14,24592
2020/6/15,28560
2020/6/16,28992
2020/6/17,23559
2020/6/18,23904
2020/6/19,29522
2020/6/20,26154
2020/6/21,26333
2020/6/22,33399
2020/6/23,34373
2020/6/24,32446
2020/6/25,31154
2020/6/26,30758
2020/6/27,28444
2020/6/28,28965
2020/6/29,32380
2020/6/30,28895
2020/7/1,26910
2020/7/2,26683
2020/7/3,25726
2020/7/4,24368
2020/7/5,20039
2020/7/6,27694
2020/7/7,22547
2020/7/8,22723
2020/7/9,24645
2020/7/10,24965
2020/7/11,22288
2020/7/12,19664
2020/7/13,25309
2020/7/14,35940
2020/7/15,54174
2020/7/16,56131
2020/7/17,24865
2020/7/18,null
2020/7/19,18893
2020/7/20,24912
2020/7/21,27374
2020/7/22,25069
2020/7/23,27632
2020/7/24,27407
2020/7/25,27808
2020/7/26,30432
2020/7/27,51139
2020/7/28,45495
2020/7/29,33785
2020/7/30,32625
2020/7/31,30055
2020/8/1,39913
2020/8/2,33109
2020/8/3,29874
2020/8/4,29318
2020/8/5,38033
2020/8/6,38775
2020/8/7,37514
2020/8/8,29019
2020/8/9,25986
2020/8/10,35606
2020/8/11,33567
2020/8/12,35237
2020/8/13,30485
2020/8/14,38124
2020/8/15,39156
2020/8/16,29007
2020/8/17,40655
2020/8/18,38262
2020/8/19,36164
2020/8/20,33256
2020/8/21,34177
2020/8/22,27846
2020/8/23,28557
2020/8/24,32820
2020/8/25,36405
2020/8/26,31857
2020/8/27,32432
2020/8/28,34517
2020/8/29,26986
2020/8/30,27893
2020/8/31,29068
2020/9/1,35393
2020/9/2,32608
2020/9/3,37151
2020/9/4,34973
2020/9/5,28115
2020/9/6,23088
2020/9/7,30832
2020/9/8,28540
2020/9/9,30051
2020/9/10,29885
2020/9/11,30008
2020/9/12,27451
2020/9/13,27955
2020/9/14,29947
2020/9/15,34641
2020/9/16,35407
2020/9/17,33417
2020/9/18,31357
2020/9/19,29151
2020/9/20,26571
2020/9/21,32418
2020/9/22,38132
2020/9/23,47367
2020/9/24,37643
2020/9/25,38495
2020/9/26,25955
2020/9/27,37113
2020/9/28,34219
2020/9/29,32020
2020/9/30,33290
2020/10/1,35755
2020/10/2,32092
2020/10/3,29374
2020/10/4,31026
2020/10/5,29324
2020/10/6,30843
2020/10/7,34215
2020/10/8,42037
2020/10/9,41653
2020/10/10,37385
2020/10/11,33070
2020/10/12,32811
2020/10/13,33789
2020/10/14,87570
2020/10/15,63222
2020/10/16,36596
2020/10/17,29771
2020/10/18,26901
2020/10/19,31375
2020/10/20,37581
2020/10/21,64870
2020/10/22,43790
2020/10/23,35777
2020/10/24,32175
2020/10/25,28445
2020/10/26,36554
2020/10/27,44889
2020/10/28,36385
2020/10/29,36808
2020/10/30,32806
2020/10/31,49308
2020/11/1,40439
2020/11/2,32602
2020/11/3,36459
2020/11/4,47315
2020/11/5,60368
2020/11/6,47823
2020/11/7,33705
2020/11/8,30699
2020/11/9,35977
2020/11/10,35104
2020/11/11,39657
2020/11/12,44220
2020/11/13,48337
2020/11/14,37293
2020/11/15,33836
2020/11/16,47177
2020/11/17,74813
2020/11/18,70679
2020/11/19,43267
2020/11/20,47903
2020/11/21,45874
2020/11/22,43581
2020/11/23,47594
2020/11/24,78971
2020/11/25,46379
2020/11/26,53237
2020/11/27,44777
2020/11/28,37071
2020/11/29,33292
2020/11/30,66042
2020/12/1,60008
2020/12/2,48309
2020/12/3,44375
2020/12/4,46085
2020/12/5,39802
2020/12/6,39953
2020/12/7,45372
2020/12/8,46222
2020/12/9,42250
2020/12/10,37279
2020/12/11,35891
2020/12/12,38898
2020/12/13,39491
2020/12/14,38737
2020/12/15,43739
2020/12/16,127155
2020/12/17,120169
2020/12/18,67616
2020/12/19,56872
2020/12/20,62679
2020/12/21,61296
2020/12/22,45927
2020/12/23,43942
2020/12/24,42618
2020/12/25,49739
2020/12/26,72172
2020/12/27,88788
2020/12/28,59779
2020/12/29,56236
2020/12/30,80886
2020/12/31,68822
2021/1/1,55480
2021/1/2,145059
2021/1/3,141596
2021/1/4,82412
2021/1/5,68133
2021/1/6,86631
2021/1/7,125036
2021/1/8,113560
2021/1/9,84725
2021/1/10,74964
2021/1/11,109316
2021/1/12,83880
2021/1/13,91811
2021/1/14,106170
2021/1/15,70388
2021/1/16,62189
2021/1/17,59161
2021/1/18,69189
2021/1/19,70173
2021/1/20,61204
2021/1/21,79347
2021/1/22,79570
2021/1/23,52802
2021/1/24,50983
2021/1/25,63766
2021/1/26,55828
2021/1/27,60652
2021/1/28,84933
2021/1/29,200783
2021/1/30,93578
2021/1/31,68163
2021/2/1,91439
2021/2/2,80624
2021/2/3,87809
2021/2/4,76348
2021/2/5,97415
2021/2/6,107331
2021/2/7,77886
2021/2/8,212923
2021/2/9,159207
2021/2/10,124292
2021/2/11,115390
2021/2/12,122503
2021/2/13,93740
2021/2/14,99797
2021/2/15,101777
2021/2/16,147792
2021/2/17,147890
2021/2/18,116096
2021/2/19,150898
2021/2/20,118093
2021/2/21,111638
2021/2/22,110348
2021/2/23,131691
2021/2/24,103733
2021/2/25,82520
2021/2/26,81742
2021/2/27,66315
2021/2/28,73439
2021/3/1,89756
2021/3/2,103342
2021/3/3,94227
2021/3/4,81460
2021/3/5,70950
2021/3/6,40281
2021/3/7,68935
2021/3/8,81828
2021/3/9,85849
2021/3/10,81908
2021/3/11,95858
2021/3/12,104787
2021/3/13,154790
2021/3/14,102059
2021/3/15,116563
2021/3/16,99951
2021/3/17,106258
2021/3/18,106755
2021/3/19,106380
2021/3/20,92396
2021/3/21,80437
2021/3/22,103950
2021/3/23,94277
2021/3/24,130216
2021/3/25,137938
2021/3/26,137602
2021/3/27,106231
2021/3/28,86361
2021/3/29,104638
2021/3/30,111290
2021/3/31,108145
2021/4/1,69301
2021/4/2,30540
2021/4/3,75450
2021/4/4,87528
2021/4/5,44761
2021/4/6,32289
2021/4/7,86985
2021/4/8,104094
2021/4/9,102638
2021/4/10,110849
2021/4/11,94714
2021/4/12,132176
2021/4/13,171108
2021/4/14,161204
2021/4/15,110223
2021/4/16,113640
2021/4/17,100583
2021/4/18,178464
2021/4/19,122950
2021/4/20,112302
2021/4/21,96848
2021/4/22,108961
2021/4/23,132963
2021/4/24,86049
2021/4/25,81258
2021/4/26,110552
2021/4/27,102971
2021/4/28,97333
2021/4/29,96503
2021/4/30,92350
2021/5/1,99595
2021/5/2,78756
2021/5/3,89710
2021/5/4,87287
2021/5/5,93866
2021/5/6,84935
2021/5/7,103515
2021/5/8,82542
2021/5/9,62002
2021/5/10,74446
2021/5/11,72974
2021/5/12,104572
2021/5/13,249599
2021/5/14,120644
2021/5/15,95522
2021/5/16,148557
2021/5/17,184558
2021/5/18,120021
2021/5/19,363566
2021/5/20,173415
2021/5/21,185009
2021/5/22,174133
2021/5/23,160368
2021/5/24,151342
2021/5/25,107640
2021/5/26,114558
2021/5/27,100263
2021/5/28,104815
2021/5/29,98843
2021/5/30,109381
2021/5/31,101203
2021/6/1,105694
2021/6/2,92542
2021/6/3,88708
2021/6/4,184618
2021/6/5,174730
2021/6/6,211698
2021/6/7,172116
2021/6/8,187281
2021/6/9,297825
2021/6/10,192780
2021/6/11,145724
2021/6/12,133446
2021/6/13,149747
2021/6/14,173293
2021/6/15,139190
2021/6/16,116771
2021/6/17,122733
2021/6/18,125163
2021/6/19,98521
2021/6/20,100940
2021/6/21,153833
2021/6/22,153834
2021/6/23,125027
2021/6/24,105656
2021/6/25,154086
2021/6/26,105096
2021/6/27,122259
2021/6/28,128407
2021/6/29,120506
2021/6/30,110739
2021/7/1,110932
2021/7/2,101685
2021/7/3,92900
2021/7/4,85810
2021/7/5,88486
2021/7/6,95429
2021/7/7,111493
2021/7/8,108695
2021/7/9,98121
2021/7/10,85014
2021/7/11,70863
2021/7/12,98470
2021/7/13,141201
2021/7/14,98812
2021/7/15,92346
2021/7/16,86926
2021/7/17,73357
2021/7/18,75089
2021/7/19,83081
2021/7/20,102358
2021/7/21,150305
2021/7/22,106901
2021/7/23,87678
2021/7/24,97003
2021/7/25,83272
2021/7/26,184548
2021/7/27,128220
2021/7/28,133752
2021/7/29,106512
2021/7/30,93955
2021/7/31,88543
2021/8/1,103030
2021/8/2,118549
2021/8/3,103494
2021/8/4,97689
2021/8/5,95549
2021/8/6,104769
2021/8/7,110473
2021/8/8,97178
2021/8/9,121767
2021/8/10,113397
2021/8/11,99731
2021/8/12,98097
2021/8/13,98133
2021/8/14,81771
2021/8/15,77118
2021/8/16,99378
2021/8/17,98097
2021/8/18,96506
2021/8/19,102697
2021/8/20,113364
2021/8/21,83918
2021/8/22,79512
2021/8/23,139656
2021/8/24,119165
2021/8/25,98782
2021/8/26,87815
2021/8/27,97836
2021/8/28,79411
2021/8/29,83476
2021/8/30,100326
2021/8/31,85170
2021/9/1,103531
2021/9/2,124469
2021/9/3,113030
2021/9/4,94327
2021/9/5,91052
2021/9/6,137763
2021/9/7,240284
2021/9/8,154503
2021/9/9,104725
2021/9/10,100785
2021/9/11,78525
2021/9/12,77722
2021/9/13,103761
2021/9/14,91267
2021/9/15,109407
2021/9/16,90855
2021/9/17,101046
2021/9/18,82649
2021/9/19,74123
2021/9/20,131996
2021/9/21,101636
2021/9/22,98217
2021/9/23,117001
2021/9/24,161656
2021/9/25,97401
2021/9/26,85595
2021/9/27,103126
2021/9/28,99868
2021/9/29,110555
2021/9/30,109580
2021/10/1,149724
2021/10/2,89506
2021/10/3,97975
2021/10/4,132624
2021/10/5,153503
2021/10/6,195155
2021/10/7,129606
2021/10/8,107673
2021/10/9,92850
2021/10/10,91018
2021/10/11,142028
2021/10/12,114161
2021/10/13,113945
2021/10/14,130212
2021/10/15,232707
2021/10/16,141705
2021/10/17,111977
2021/10/18,140381
2021/10/19,176844
2021/10/20,290630
2021/10/21,186417
2021/10/22,147588
2021/10/23,114275
2021/10/24,106803
2021/10/25,134501
2021/10/26,125247
2021/10/27,126449
2021/10/28,125041
2021/10/29,112918
2021/10/30,91063
2021/10/31,105589
2021/11/1,112167
2021/11/2,137644
2021/11/3,127439
2021/11/4,119426
2021/11/5,115671
2021/11/6,97179
2021/11/7,103642
2021/11/8,168461
2021/11/9,189677
2021/11/10,154746
2021/11/11,131369
2021/11/12,121364
2021/11/13,120378
2021/11/14,125767
2021/11/15,137226
2021/11/16,141774
2021/11/17,128054
2021/11/18,134465
2021/11/19,150357
2021/11/20,128237
2021/11/21,140192
2021/11/22,132390
2021/11/23,128649
2021/11/24,116024
2021/11/25,114979
2021/11/26,146605
2021/11/27,120878
2021/11/28,118553
2021/11/29,142628
2021/11/30,116550
2021/12/1,138996
2021/12/2,121726
2021/12/3,125774
2021/12/4,196868
2021/12/5,124214
2021/12/6,153780
2021/12/7,161163
2021/12/8,152439
2021/12/9,135187
2021/12/10,131883
2021/12/11,127315
2021/12/12,140184
2021/12/13,144296
2021/12/14,141026
2021/12/15,146865
2021/12/16,123918
2021/12/17,116145
2021/12/18,116620
2021/12/19,113612
2021/12/20,124159
2021/12/21,137590
2021/12/22,120983
2021/12/23,133215
2021/12/24,122898
2021/12/25,110526
2021/12/26,91493
2021/12/27,105198
2021/12/28,118350
2021/12/29,111906
2021/12/30,126646
2021/12/31,116434
2022/1/1,93876
2022/1/2,114214
2022/1/3,157281
2022/1/4,152831
2022/1/5,149229
2022/1/6,174937
2022/1/7,179285
2022/1/8,146927
2022/1/9,139164
2022/1/10,163362
2022/1/11,151517
2022/1/12,163623
2022/1/13,155209
2022/1/14,139135
2022/1/15,119554
2022/1/16,124308
2022/1/17,137749
2022/1/18,154438
2022/1/19,154193
2022/1/20,166562
2022/1/21,213699
2022/1/22,228883
2022/1/23,165450
2022/1/24,188870
2022/1/25,179311
2022/1/26,181781
2022/1/27,172294
2022/1/28,189813
2022/1/29,156568
2022/1/30,138478
2022/1/31,179778
2022/2/1,188410
2022/2/2,166251
2022/2/3,143784
2022/2/4,200217
2022/2/5,204640
2022/2/6,168851
2022/2/7,209960
2022/2/8,197654
2022/2/9,235034
2022/2/10,188566
2022/2/11,160947
2022/2/12,139913
2022/2/13,146416
2022/2/14,327624
2022/2/15,194553
2022/2/16,176011
2022/2/17,200939
2022/2/18,167864
2022/2/19,143867
2022/2/20,152590
2022/2/21,170678
2022/2/22,177978
2022/2/23,172708
2022/2/24,178626
2022/2/25,193110
2022/2/26,161648
2022/2/27,131521
2022/2/28,185466
2022/3/1,211023
2022/3/2,158660
2022/3/3,150098
2022/3/4,149694
2022/3/5,121698
2022/3/6,122650
2022/3/7,147188
2022/3/8,133210
2022/3/9,189906
2022/3/10,158285
2022/3/11,148462
2022/3/12,132194
2022/3/13,121519
2022/3/14,159575
2022/3/15,187310
2022/3/16,189924
2022/3/17,135071
2022/3/18,134534
2022/3/19,168467
2022/3/20,172926
2022/3/21,211908
2022/3/22,338732
2022/3/23,193049
2022/3/24,238723
2022/3/25,255709
2022/3/26,193514
2022/3/27,202928
2022/3/28,239616
2022/3/29,234380
2022/3/30,200360
2022/3/31,164113
2022/4/1,179037
2022/4/2,153775
2022/4/3,157596
2022/4/4,171339
2022/4/5,186859
2022/4/6,170628
2022/4/7,229396
2022/4/8,224374
2022/4/9,184632
2022/4/10,155906
2022/4/11,163866
2022/4/12,172805
2022/4/13,156392
2022/4/14,160735
2022/4/15,151715
2022/4/16,108618
2022/4/17,120673
2022/4/18,157955
2022/4/19,166556
2022/4/20,196643
2022/4/21,244872
2022/4/22,206254
2022/4/23,138774
2022/4/24,129862
2022/4/25,187800
2022/4/26,157378
2022/4/27,167153
2022/4/28,161634
2022/4/29,146452
2022/4/30,119651
2022/5/1,140890
2022/5/2,140078
2022/5/3,132370
2022/5/4,151707
2022/5/5,157763
2022/5/6,163500
2022/5/7,153072
2022/5/8,172363
2022/5/9,238816
2022/5/10,205069
2022/5/11,184822
2022/5/12,203239
2022/5/13,173856
2022/5/14,140872
2022/5/15,150626
2022/5/16,196060
2022/5/17,166609
2022/5/18,131845
2022/5/19,142912
2022/5/20,147520
2022/5/21,105572
2022/5/22,158680
2022/5/23,142432
2022/5/24,126751
2022/5/25,121921
2022/5/26,111074
2022/5/27,103966
2022/5/28,88240
2022/5/29,91398
2022/5/30,132114
2022/5/31,125285
2022/6/1,117717
2022/6/2,110093
2022/6/3,109165
2022/6/4,94923
2022/6/5,99970
2022/6/6,129536
2022/6/7,141948
2022/6/8,132658
2022/6/9,111562
2022/6/10,120200
2022/6/11,116548
2022/6/12,120204
2022/6/13,226032
2022/6/14,177975
2022/6/15,168679
2022/6/16,152572
2022/6/17,132098
2022/6/18,209849
2022/6/19,177172
2022/6/20,162743
2022/6/21,144041
2022/6/22,132512
2022/6/23,128157
2022/6/24,124250
2022/6/25,128224
2022/6/26,118914
2022/6/27,154658
2022/6/28,139768
2022/6/29,133115
2022/6/30,147364
2022/7/1,143053
2022/7/2,122785
2022/7/3,108361
2022/7/4,111257
2022/7/5,130932
2022/7/6,125527
2022/7/7,145646
2022/7/8,120842
2022/7/9,107656
2022/7/10,104166
2022/7/11,119029
2022/7/12,107710
2022/7/13,114287
2022/7/14,116890
2022/7/15,103145
2022/7/16,105801
2022/7/17,110126
2022/7/18,162147
2022/7/19,166338
2022/7/20,164476
2022/7/21,161933
2022/7/22,129257
2022/7/23,121141
2022/7/24,96410
2022/7/25,111431
2022/7/26,116187
2022/7/27,113900
2022/7/28,127418
2022/7/29,116986
2022/7/30,114699
2022/7/31,130837
2022/8/1,122241
2022/8/2,113295
2022/8/3,115306
2022/8/4,106506
2022/8/5,113397
2022/8/6,97751
2022/8/7,100038
2022/8/8,130487
2022/8/9,116106
2022/8/10,126500
2022/8/11,150601
2022/8/12,152281
2022/8/13,97319
2022/8/14,105992
2022/8/15,123834
2022/8/16,128725
2022/8/17,134282
2022/8/18,101200
2022/8/19,132626
2022/8/20,108997
2022/8/21,99167
2022/8/22,122386
2022/8/23,116940
2022/8/24,118005
2022/8/25,108145
2022/8/26,108883
2022/8/27,100340
2022/8/28,99479
2022/8/29,115810
2022/8/30,102764
2022/8/31,111395
2022/9/1,103669
2022/9/2,104870
2022/9/3,87621
2022/9/4,83846
2022/9/5,99478
2022/9/6,111495
2022/9/7,120149
2022/9/8,115472
2022/9/9,122983
2022/9/10,103559
2022/9/11,98651
2022/9/12,123710
2022/9/13,132658
2022/9/14,104602
2022/9/15,97392
2022/9/16,94594
2022/9/17,89938
2022/9/18,93136
2022/9/19,117690
2022/9/20,128782
2022/9/21,151590
2022/9/22,124415
2022/9/23,107393
2022/9/24,100957
2022/9/25,99191
2022/9/26,124507
2022/9/27,129870
2022/9/28,121853
2022/9/29,125181
2022/9/30,122873
2022/10/1,90812
2022/10/2,91981
2022/10/3,110767
2022/10/4,126937
2022/10/5,110730
2022/10/6,107362
2022/10/7,102523
2022/10/8,92336
2022/10/9,96752
2022/10/10,118872
2022/10/11,111814
2022/10/12,112252
2022/10/13,128680
2022/10/14,110540
2022/10/15,105449
2022/10/16,105755
2022/10/17,116159
2022/10/18,111263
2022/10/19,108343
2022/10/20,105699
2022/10/21,104532
2022/10/22,98768
2022/10/23,105347
2022/10/24,101951
2022/10/25,156531
2022/10/26,445
2022/10/27,122551
2022/10/28,101452
2022/10/29,96943
2022/10/30,93623
2022/10/31,130807