Time,Positive,Neutral,Negative,Price
2019-07-19 0:00:00,908,6289,297,10446.285
2019-07-20 0:00:00,1553,9950,429,10736.755
2019-07-21 0:00:00,1392,9478,360,10581.94
2019-07-22 0:00:00,1706,10734,444,10374.335
2019-07-23 0:00:00,1554,10801,473,10074.525
2019-07-24 0:00:00,1608,9922,487,9728.16
2019-07-25 0:00:00,1543,9585,324,9964.565
2019-07-26 0:00:00,2693,14168,567,9779.285
2019-07-27 0:00:00,1324,8803,477,9756.71
2019-07-28 0:00:00,1309,8460,364,9363.58
2019-07-29 0:00:00,1508,10389,411,9552.295
2019-07-30 0:00:00,1599,9592,418,9570.655
2019-07-31 0:00:00,1481,9953,433,9852.77
2019-08-01 0:00:00,1561,9877,398,10189.65
2019-08-02 0:00:00,1588,10292,364,10503.73
2019-08-03 0:00:00,1322,8446,295,10712.175
2019-08-04 0:00:00,1225,8427,280,10823.595
2019-08-05 0:00:00,4386,15235,690,11462.135
2019-08-06 0:00:00,4224,16421,906,11770.475
2019-08-07 0:00:00,2623,13258,758,11766.265
2019-08-08 0:00:00,2450,12480,648,11770.455
2019-08-09 0:00:00,2840,12946,765,11850.815
2019-08-10 0:00:00,2447,10707,553,11601.885
2019-08-11 0:00:00,2063,9953,466,11338.36
2019-08-12 0:00:00,1995,10702,517,11397.56
2019-08-13 0:00:00,2235,11703,634,11102.39
2019-08-14 0:00:00,2437,13302,902,10399.01
2019-08-15 0:00:00,2254,13388,1157,9974.365
2019-08-16 0:00:00,2130,11774,771,10154.645
2019-08-17 0:00:00,1887,9470,452,10242.7
2019-08-18 0:00:00,1780,9834,442,10296.175
2019-08-19 0:00:00,2069,11393,529,10592.57
2019-08-20 0:00:00,2194,11004,563,10766.215
2019-08-21 0:00:00,2371,12072,729,10337.885
2019-08-22 0:00:00,2115,11421,761,10004.525
2019-08-23 0:00:00,1960,10686,587,10260.905
2019-08-24 0:00:00,2042,9537,469,10171.095
2019-08-25 0:00:00,1767,9487,445,10130.49
2019-08-26 0:00:00,1969,11295,523,10384.34
2019-08-27 0:00:00,1701,10800,636,10210.09
2019-08-28 0:00:00,1953,11687,706,9941.21
2019-08-29 0:00:00,1823,10877,742,9534.605
2019-08-30 0:00:00,1665,9638,556,9534.06
2019-08-31 0:00:00,1247,8062,367,9613.07
2019-09-01 0:00:00,1350,9118,413,9701.095
2019-09-02 0:00:00,1635,11850,607,10111.88
2019-09-03 0:00:00,1820,12129,784,10534.785
2019-09-04 0:00:00,1877,11302,691,10610.01
2019-09-05 0:00:00,1977,10166,652,10567.74
2019-09-06 0:00:00,2315,11940,760,10583.28
2019-09-07 0:00:00,1546,8760,450,10439.605
2019-09-08 0:00:00,1533,9056,321,10441.28
2019-09-09 0:00:00,1849,10375,414,10308.23
2019-09-10 0:00:00,2115,10293,475,10181.02
2019-09-11 0:00:00,1836,9878,469,10063.05
2019-09-12 0:00:00,1975,10186,473,10264.58
2019-09-13 0:00:00,1712,9570,427,10223.395
2019-09-14 0:00:00,1719,8275,341,10353.67
2019-09-15 0:00:00,1629,9262,303,10340.555
2019-09-16 0:00:00,1903,11233,453,10257.465
2019-09-17 0:00:00,2137,11341,458,10225.23
2019-09-18 0:00:00,2452,13118,472,10186.545
2019-09-19 0:00:00,2424,12372,647,10004.785
2019-09-20 0:00:00,1924,10443,394,10193.365
2019-09-21 0:00:00,1531,8618,284,10066.125
2019-09-22 0:00:00,1452,9236,420,9984.315
2019-09-23 0:00:00,2137,12156,463,9854.995
2019-09-24 0:00:00,2617,14736,1162,8947.295
2019-09-25 0:00:00,2071,13170,819,8499.22
2019-09-26 0:00:00,2083,12213,973,8112.365
2019-09-27 0:00:00,1895,11444,598,8096.36
2019-09-28 0:00:00,1779,9300,432,8194.74
2019-09-29 0:00:00,1578,8867,477,8104.66
2019-09-30 0:00:00,1998,10967,531,8054.6
2019-10-01 0:00:00,2010,10918,464,8374.805
2019-10-02 0:00:00,1718,9254,444,8294.905
2019-10-03 0:00:00,1706,9762,443,8269.825
2019-10-04 0:00:00,1674,9101,403,8144.205
2019-10-05 0:00:00,1488,8196,342,8142.38
2019-10-06 0:00:00,1547,9016,468,8021.84
2019-10-07 0:00:00,1932,11168,501,8062.05
2019-10-08 0:00:00,2060,10383,417,8240.45
2019-10-09 0:00:00,2256,11779,480,8415.15
2019-10-10 0:00:00,1722,10430,445,8569.355
2019-10-11 0:00:00,1869,10064,534,8546.94
2019-10-12 0:00:00,1741,8746,308,8355.78
2019-10-13 0:00:00,1872,8758,364,8346.375
2019-10-14 0:00:00,1752,10338,410,8321.15
2019-10-15 0:00:00,1949,10734,425,8278.115
2019-10-16 0:00:00,1647,10532,458,8069.59
2019-10-17 0:00:00,1664,10542,536,8047.225
2019-10-18 0:00:00,1471,10266,531,8004.01
2019-10-19 0:00:00,1544,8844,376,8013.87
2019-10-20 0:00:00,1381,8429,394,8118.81
2019-10-21 0:00:00,1459,9409,409,8268.315
2019-10-22 0:00:00,1503,9540,464,8169.885
2019-10-23 0:00:00,1964,12705,1079,7703.93
2019-10-24 0:00:00,2069,11458,586,7447.22
2019-10-25 0:00:00,2239,13908,790,8107.525
2019-10-26 0:00:00,2927,16084,1148,9517.66
2019-10-27 0:00:00,1855,10356,458,9460
2019-10-28 0:00:00,1842,11437,545,9568.1
2019-10-29 0:00:00,1966,10945,431,9332.235
2019-10-30 0:00:00,1769,10066,421,9230.05
2019-10-31 0:00:00,2027,10432,400,9197.58
2019-11-01 0:00:00,1696,9255,468,9190.62
2019-11-02 0:00:00,1411,7882,321,9311.95
2019-11-03 0:00:00,1451,8026,363,9252.16
2019-11-04 0:00:00,1665,9894,437,9359.87
2019-11-05 0:00:00,1747,9610,424,9346
2019-11-06 0:00:00,1759,9395,375,9362.675
2019-11-07 0:00:00,1893,9139,410,9248.385
2019-11-08 0:00:00,1801,10795,657,8973.285
2019-11-09 0:00:00,1896,8894,347,8806.85
2019-11-10 0:00:00,1744,11003,370,8947.46
2019-11-11 0:00:00,1984,12538,421,8852.135
2019-11-12 0:00:00,1776,12575,444,8722.47
2019-11-13 0:00:00,1688,11119,423,8781.005
2019-11-14 0:00:00,1721,9876,454,8697.98
2019-11-15 0:00:00,1680,10244,559,8583.345
2019-11-16 0:00:00,1384,8440,323,8490.725
2019-11-17 0:00:00,1517,8327,343,8526.21
2019-11-18 0:00:00,1813,10681,592,8306.75
2019-11-19 0:00:00,1937,10591,714,8116.245
2019-11-20 0:00:00,3015,10097,482,8139.98
2019-11-21 0:00:00,3029,12745,684,7785.53
2019-11-22 0:00:00,2947,14946,995,7268.465
2019-11-23 0:00:00,2608,10331,482,7243.795
2019-11-24 0:00:00,2348,9473,502,7126.74
2019-11-25 0:00:00,3243,14848,960,6973.095
2019-11-26 0:00:00,2542,12623,606,7196.47
2019-11-27 0:00:00,2375,13017,677,7277.305
2019-11-28 0:00:00,2035,10382,631,7526.12
2019-11-29 0:00:00,1954,11212,483,7648.83
2019-11-30 0:00:00,1681,10421,459,7654.055
2019-12-01 0:00:00,1724,10411,547,7418.725
2019-12-02 0:00:00,1820,11261,587,7317.855
2019-12-03 0:00:00,1805,10925,574,7340.635
2019-12-04 0:00:00,2197,12354,901,7437.72
2019-12-05 0:00:00,1957,10930,656,7334.405
2019-12-06 0:00:00,1592,9614,505,7465.825
2019-12-07 0:00:00,1039,6979,308,7571.805
2019-12-08 0:00:00,1003,6592,427,7504.655
2019-12-09 0:00:00,1201,8012,470,7481.73
2019-12-10 0:00:00,1229,8631,540,7290.03
2019-12-11 0:00:00,1083,9251,517,7225.935
2019-12-12 0:00:00,1051,8524,499,7206.655
2019-12-13 0:00:00,1265,7544,317,7253.735
2019-12-14 0:00:00,1105,6725,580,7158.46
2019-12-15 0:00:00,1068,7088,464,7117.65
2019-12-16 0:00:00,1163,9117,561,7020.825
2019-12-17 0:00:00,1444,10984,737,6766.79
2019-12-18 0:00:00,1411,12719,557,6946.475
2019-12-19 0:00:00,1146,8820,386,7217.32
2019-12-20 0:00:00,1138,7697,427,7164.31
2019-12-21 0:00:00,1009,6628,338,7173.34
2019-12-22 0:00:00,990,7635,292,7335.285
2019-12-23 0:00:00,1107,8548,342,7484.965
2019-12-24 0:00:00,1110,6778,372,7302.46
2019-12-25 0:00:00,1042,5407,387,7206.41
2019-12-26 0:00:00,940,6181,342,7304.825
2019-12-27 0:00:00,988,6879,306,7164.535
2019-12-28 0:00:00,1234,6619,411,7310.85
2019-12-29 0:00:00,995,6892,387,7417.99
2019-12-30 0:00:00,1220,7298,368,7319.43
2019-12-31 0:00:00,1402,7015,422,7233.59
2020-01-01 0:00:00,1414,6501,325,7219.49
2020-01-02 0:00:00,1226,8179,353,7085.335
2020-01-03 0:00:00,1437,9404,509,7144.865
2020-01-04 0:00:00,1155,7767,329,7342.175
2020-01-05 0:00:00,1153,7464,359,7415.745
2020-01-06 0:00:00,1230,8945,577,7577.37
2020-01-07 0:00:00,1359,10339,560,7977.6
2020-01-08 0:00:00,1605,10497,671,8166.31
2020-01-09 0:00:00,1204,8883,538,7902.075
2020-01-10 0:00:00,1249,9054,471,7937.305
2020-01-11 0:00:00,1186,8656,456,8145.645
2020-01-12 0:00:00,986,7584,384,8076.77
2020-01-13 0:00:00,1203,8676,362,8128.885
2020-01-14 0:00:00,1986,14287,677,8490.235
2020-01-15 0:00:00,1754,12501,624,8724.985
2020-01-16 0:00:00,1278,10417,517,8716.67
2020-01-17 0:00:00,1402,10889,378,8835.17
2020-01-18 0:00:00,1035,9160,352,8890.955
2020-01-19 0:00:00,1492,10933,567,8842.77
2020-01-20 0:00:00,1285,9582,474,8629.44
2020-01-21 0:00:00,1215,8554,481,8625.825
2020-01-22 0:00:00,1094,8420,392,8688.085
2020-01-23 0:00:00,1113,9334,582,8485.955
2020-01-24 0:00:00,714,6012,370,8371.665
2020-01-25 0:00:00,209,1417,64,8353.87
2020-01-26 0:00:00,186,1433,45,8453.95
2020-01-27 0:00:00,220,1177,57,8781.69
2020-01-28 0:00:00,570,3163,168,9149.985
2020-01-29 0:00:00,1017,5601,246,9331.715
2020-01-30 0:00:00,823,5177,269,9371.49
2020-01-31 0:00:00,607,4752,206,9363.615
2020-02-01 0:00:00,614,4722,200,9376.245
2020-02-02 0:00:00,892,6009,272,9319.525
2020-02-03 0:00:00,813,5605,243,9418.245
2020-02-04 0:00:00,916,6284,250,9218.32
2020-02-05 0:00:00,1773,13217,692,9456.63
2020-02-06 0:00:00,1865,13197,533,9693.225
2020-02-07 0:00:00,1509,11370,400,9790.17
2020-02-08 0:00:00,1210,10622,360,9800.76
2020-02-09 0:00:00,1902,12873,519,10021.69
2020-02-10 0:00:00,1697,12659,518,9973.125
2020-02-11 0:00:00,1811,14095,718,10043.38
2020-02-12 0:00:00,1965,13685,798,10362.99
2020-02-13 0:00:00,1644,13168,624,10290.78
2020-02-14 0:00:00,1939,13219,562,10245.52
2020-02-15 0:00:00,1614,12504,766,10089.245
2020-02-16 0:00:00,1493,14499,691,9838.5
2020-02-17 0:00:00,1502,12053,755,9720.585
2020-02-18 0:00:00,1407,9344,482,9946.56
2020-02-19 0:00:00,2368,10017,486,9820.105
2020-02-20 0:00:00,2481,8494,474,9550.7
2020-02-21 0:00:00,1075,7550,351,9674.115
2020-02-22 0:00:00,1046,6167,358,9649.025
2020-02-23 0:00:00,927,6959,420,9840.64
2020-02-24 0:00:00,1169,8595,608,9757.53
2020-02-25 0:00:00,1303,8928,546,9470.225
2020-02-26 0:00:00,1409,10492,676,9016.02
2020-02-27 0:00:00,1330,8758,535,8759.79
2020-02-28 0:00:00,1404,6456,383,8678.96
2020-02-29 0:00:00,1146,6732,359,8680.475
2020-03-01 0:00:00,1011,6905,479,8610.14
2020-03-02 0:00:00,1168,7973,485,8752.785
2020-03-03 0:00:00,1042,7554,381,8810.63
2020-03-04 0:00:00,250,1697,108,8777.365
2020-03-05 0:00:00,371,1860,100,8976.285
2020-03-06 0:00:00,761,4604,219,9099.305
2020-03-07 0:00:00,1092,6803,469,9052.875
2020-03-08 0:00:00,1265,8061,582,8476.67
2020-03-09 0:00:00,1698,12605,1086,7932.58
2020-03-10 0:00:00,1114,8698,554,7961.605
2020-03-11 0:00:00,1080,8713,512,7806.635
2020-03-12 0:00:00,2621,16184,1660,6360.185
2020-03-13 0:00:00,2444,15759,1574,4966.735
2020-03-14 0:00:00,1447,8005,645,5367.43
2020-03-15 0:00:00,1273,7929,674,5537.92
2020-03-16 0:00:00,1367,10059,862,4909.575
2020-03-17 0:00:00,1272,8848,644,5256.165
2020-03-18 0:00:00,1139,9149,624,5237.865
2020-03-19 0:00:00,1550,10290,730,5843.66
2020-03-20 0:00:00,1446,10618,636,6311.865
2020-03-21 0:00:00,1235,7396,409,6168.22
2020-03-22 0:00:00,1017,7071,424,6082.91
2020-03-23 0:00:00,1171,8663,585,6159.1
2020-03-24 0:00:00,1362,8939,465,6632.065
2020-03-25 0:00:00,1179,8427,552,6731.645
2020-03-26 0:00:00,1175,7791,609,6667.865
2020-03-27 0:00:00,1092,7639,497,6594.75
2020-03-28 0:00:00,1230,7063,476,6217.895
2020-03-29 0:00:00,1320,6748,448,6084.58
2020-03-30 0:00:00,1478,7950,471,6245.87
2020-03-31 0:00:00,1080,7132,451,6441.135
2020-04-01 0:00:00,1177,7822,458,6442.02
2020-04-02 0:00:00,1500,8573,557,6915.45
2020-04-03 0:00:00,1234,7411,450,6831.415
2020-04-04 0:00:00,1105,6489,381,6840.75
2020-04-05 0:00:00,1231,6016,347,6799.73
2020-04-06 0:00:00,1223,8210,504,7069.48
2020-04-07 0:00:00,1258,8300,524,7273.515
2020-04-08 0:00:00,1304,7577,423,7291.905
2020-04-09 0:00:00,1081,7586,431,7249.445
2020-04-10 0:00:00,1292,8412,505,7031.235
2020-04-11 0:00:00,1105,5972,301,6870.895
2020-04-12 0:00:00,911,1395,64,7001.065
2020-04-13 0:00:00,1042,1747,96,6763.05
2020-04-14 0:00:00,1618,5379,278,6880.36
2020-04-15 0:00:00,1859,7596,491,6776.14
2020-04-16 0:00:00,2009,9392,559,6847.095
2020-04-17 0:00:00,1883,8628,346,7080.48
2020-04-18 0:00:00,1629,8848,369,7166.39
2020-04-19 0:00:00,1382,7224,342,7174.585
2020-04-20 0:00:00,1350,9378,587,6997.65
2020-04-21 0:00:00,1262,7994,679,6864.145
2020-04-22 0:00:00,1369,8403,415,6998.435
2020-04-23 0:00:00,1488,10175,474,7386.38
2020-04-24 0:00:00,1362,8367,504,7507.815
2020-04-25 0:00:00,1274,7320,383,7577.19
2020-04-26 0:00:00,1300,7895,438,7601.59
2020-04-27 0:00:00,1381,8876,495,7715.155
2020-04-28 0:00:00,1407,8869,427,7731.555
2020-04-29 0:00:00,2064,14188,775,8342.73
2020-04-30 0:00:00,2192,13422,672,8938.705
2020-05-01 0:00:00,1471,9694,496,8848.93
2020-05-02 0:00:00,1400,8993,502,8891.05
2020-05-03 0:00:00,1306,7587,384,8966.63
2020-05-04 0:00:00,2214,9360,530,8753.195
2020-05-05 0:00:00,3501,9816,499,8950.355
2020-05-06 0:00:00,2048,10581,530,9166.525
2020-05-07 0:00:00,2138,14088,586,9553.425
2020-05-08 0:00:00,2654,12497,460,9885.185
2020-05-09 0:00:00,1724,9267,423,9718.995
2020-05-10 0:00:00,2091,12984,822,8892.535
2020-05-11 0:00:00,3718,16178,828,8696.71
2020-05-12 0:00:00,2861,10919,515,8758.845
2020-05-13 0:00:00,2180,9818,490,9107.62
2020-05-14 0:00:00,1887,10589,477,9600.63
2020-05-15 0:00:00,1772,10250,511,9495.42
2020-05-16 0:00:00,2118,9870,513,9404.61
2020-05-17 0:00:00,1815,8101,457,9609.89
2020-05-18 0:00:00,1716,9340,433,9710.055
2020-05-19 0:00:00,1444,8704,480,9681.325
2020-05-20 0:00:00,1590,10827,729,9578.38
2020-05-21 0:00:00,1756,10441,613,9189.175
2020-05-22 0:00:00,2460,9726,462,9100.93
2020-05-23 0:00:00,1325,7132,435,9206.21
2020-05-24 0:00:00,1469,8962,567,9007.125
2020-05-25 0:00:00,1427,8956,447,8808.445
2020-05-26 0:00:00,1219,8497,394,8858.595
2020-05-27 0:00:00,1403,9057,427,9021.425
2020-05-28 0:00:00,1496,9690,383,9365.82
2020-05-29 0:00:00,1516,8802,431,9473.115
2020-05-30 0:00:00,1275,7895,322,9538.09
2020-05-31 0:00:00,2152,6578,301,9551.88
2020-06-01 0:00:00,1566,9048,450,9890.31
2020-06-02 0:00:00,2038,10985,697,9788.39
2020-06-03 0:00:00,1248,8136,473,9537.405
2020-06-04 0:00:00,2463,13200,875,9674.395
2020-06-05 0:00:00,4065,20212,1241,9728.865
2020-06-06 0:00:00,3826,19050,1176,9632.275
2020-06-07 0:00:00,3791,19609,1297,9608.27
2020-06-08 0:00:00,2847,14054,937,9729.955
2020-06-09 0:00:00,3341,17513,882,9744.48
2020-06-10 0:00:00,4259,25234,1345,9849.515
2020-06-11 0:00:00,4342,23176,1428,9532.095
2020-06-12 0:00:00,7054,21307,1994,9393.185
2020-06-13 0:00:00,7342,19528,1804,9427.945
2020-06-14 0:00:00,7418,19016,1840,9365.29
2020-06-15 0:00:00,7979,23761,2161,9204.095
2020-06-16 0:00:00,5802,16029,1269,9484.25
2020-06-17 0:00:00,1961,4693,333,9396.56
2020-06-18 0:00:00,1954,5134,351,9378.11
2020-06-19 0:00:00,2257,4834,301,9329.785
2020-06-20 0:00:00,2132,4205,249,9286.57
2020-06-21 0:00:00,2175,4151,234,9350.375
2020-06-22 0:00:00,6210,17518,1297,9529.025
2020-06-23 0:00:00,8717,24603,1758,9650.29
2020-06-24 0:00:00,7313,22372,1728,9435.215
2020-06-25 0:00:00,7673,23152,1979,9168.09
2020-06-26 0:00:00,6199,18076,1497,9165.37
2020-06-27 0:00:00,5284,14816,1317,9028.805
2020-06-28 0:00:00,7686,19811,1742,9067.895
2020-06-29 0:00:00,8665,22822,1826,9130.375
2020-06-30 0:00:00,8836,26098,2329,9134.88
2020-07-01 0:00:00,6508,18956,1402,9198.5
2020-07-02 0:00:00,5723,15593,1569,9111.255
2020-07-03 0:00:00,7906,21222,1765,9087.215
2020-07-04 0:00:00,7163,17737,1365,9124.155
2020-07-05 0:00:00,6321,17786,1700,9044.385
2020-07-06 0:00:00,8636,29758,1894,9219.865
2020-07-07 0:00:00,7631,22780,1887,9293.5
2020-07-08 0:00:00,8522,24287,1995,9354.275
2020-07-09 0:00:00,7929,21160,1557,9306.52
2020-07-10 0:00:00,9372,24418,2151,9223.01
2020-07-11 0:00:00,6682,18699,1523,9245.175
2020-07-12 0:00:00,6359,18480,1498,9254.56
2020-07-13 0:00:00,7351,21800,1784,9268.8
2020-07-14 0:00:00,8266,21717,1786,9194.635
2020-07-15 0:00:00,10747,36454,6672,9216.73
2020-07-16 0:00:00,13297,49082,13558,9122.85
2020-07-17 0:00:00,8077,24385,3466,9131.845
2020-07-18 0:00:00,6901,19753,2170,9165.93
2020-07-19 0:00:00,6372,18248,2019,9175.855
2020-07-20 0:00:00,6964,21592,1938,9180.83
2020-07-21 0:00:00,7189,23355,1913,9298.9
2020-07-22 0:00:00,7783,23601,2066,9420.86
2020-07-23 0:00:00,8078,25135,2890,9566.875
2020-07-24 0:00:00,6038,15992,1676,9562.51
2020-07-25 0:00:00,2647,5346,318,9640.74
2020-07-26 0:00:00,2505,5730,380,9899.815
2020-07-27 0:00:00,10432,35180,2720,10666.495
2020-07-28 0:00:00,10345,33899,2519,10922.185
2020-07-29 0:00:00,8545,27849,1901,11101.285
2020-07-30 0:00:00,8189,24717,1828,11028.95
2020-07-31 0:00:00,8193,25784,2908,11217.99
2020-08-01 0:00:00,11132,28227,2614,11557.875
2020-08-02 0:00:00,9576,29079,2668,11400.555
2020-08-03 0:00:00,8701,25628,2161,11210.975
2020-08-04 0:00:00,8334,26267,2206,11218.115
2020-08-05 0:00:00,9602,28401,2420,11443.545
2020-08-06 0:00:00,9435,27776,2178,11743.805
2020-08-07 0:00:00,9385,24685,1861,11631.52
2020-08-08 0:00:00,8509,21689,1809,11673.135
2020-08-09 0:00:00,8817,20916,1607,11668.43
2020-08-10 0:00:00,10699,28564,2237,11857.36
2020-08-11 0:00:00,10337,26292,2233,11539.5
2020-08-12 0:00:00,11813,24910,2089,11401.925
2020-08-13 0:00:00,9085,25715,2102,11539.955
2020-08-14 0:00:00,10265,26182,2056,11760.315
2020-08-15 0:00:00,9301,24895,2082,11839.75
2020-08-16 0:00:00,8711,22245,1779,11818.09
2020-08-17 0:00:00,10753,32234,2404,12125.195
2020-08-18 0:00:00,9503,27131,2222,12126.32
2020-08-19 0:00:00,9370,26019,2347,11807
2020-08-20 0:00:00,9099,25811,1959,11783.875
2020-08-21 0:00:00,10152,26242,2332,11688.595
2020-08-22 0:00:00,8076,21251,1933,11532.54
2020-08-23 0:00:00,8449,19266,1586,11617.61
2020-08-24 0:00:00,9117,23220,1980,11711.045
2020-08-25 0:00:00,9041,24357,2417,11449
2020-08-26 0:00:00,9130,22964,1930,11400.94
2020-08-27 0:00:00,13306,24683,1975,11363.58
2020-08-28 0:00:00,10400,23198,1601,11421.44
2020-08-29 0:00:00,11066,18987,1271,11509.89
2020-08-30 0:00:00,9707,17831,1413,11594.525
2020-08-31 0:00:00,9566,22046,1561,11680.815
2020-09-01 0:00:00,9823,28766,1879,11801.24
2020-09-02 0:00:00,8532,26367,2121,11586.735
2020-09-03 0:00:00,9133,27596,2424,10743.315
2020-09-04 0:00:00,9413,26319,2471,10329.365
2020-09-05 0:00:00,8038,21495,2227,10225.5
2020-09-06 0:00:00,6531,18480,1552,10190.34
2020-09-07 0:00:00,7537,22133,2087,10152.8
2020-09-08 0:00:00,9203,24321,1979,10149.7
2020-09-09 0:00:00,10100,23108,1729,10169.36
2020-09-10 0:00:00,9130,22170,1637,10357.345
2020-09-11 0:00:00,8096,20161,1746,10314.045
2020-09-12 0:00:00,7167,17406,1295,10384.595
2020-09-13 0:00:00,6890,17318,1368,10401.685
2020-09-14 0:00:00,7791,20813,1371,10506.475
2020-09-15 0:00:00,8110,23413,1801,10784.575
2020-09-16 0:00:00,8139,24540,1940,10882.36
2020-09-17 0:00:00,8633,22107,1780,10901.62
2020-09-18 0:00:00,20666,21705,1679,10932.295
2020-09-19 0:00:00,12051,18573,1279,11036.255
2020-09-20 0:00:00,7769,18101,1699,10929.565
2020-09-21 0:00:00,8904,23966,2541,10655.99
2020-09-22 0:00:00,8008,20808,1895,10471.455
2020-09-23 0:00:00,8560,21198,1810,10356.55
2020-09-24 0:00:00,7996,21502,1631,10502.96
2020-09-25 0:00:00,5449,13447,952,10662.26
2020-09-26 0:00:00,4663,10677,921,10740.57
2020-09-27 0:00:00,8739,15514,1339,10711.385
2020-09-28 0:00:00,8127,19461,1548,10800.39
2020-09-29 0:00:00,8341,19027,1577,10752.025
2020-09-30 0:00:00,11724,19344,1591,10758.145
2020-10-01 0:00:00,15639,21221,2242,10690.565
2020-10-02 0:00:00,16513,20075,2308,10528.28
2020-10-03 0:00:00,10850,15711,1348,10554.885
2020-10-04 0:00:00,8726,15185,1377,10617.22
2020-10-05 0:00:00,9077,19290,1487,10713.65
2020-10-06 0:00:00,8455,25176,1918,10667.49
2020-10-07 0:00:00,9840,19569,2033,10617.085
2020-10-08 0:00:00,13747,25680,1891,10749.31
2020-10-09 0:00:00,14548,23591,1862,10974.31
2020-10-10 0:00:00,10899,23391,1523,11271.705
2020-10-11 0:00:00,9302,19045,1322,11359.095
2020-10-12 0:00:00,10451,23681,1758,11474.635
2020-10-13 0:00:00,10458,23128,1800,11438.125
2020-10-14 0:00:00,9473,22483,1643,11424.565
2020-10-15 0:00:00,9660,20248,1722,11438.32
2020-10-16 0:00:00,10657,20253,1630,11385.12
2020-10-17 0:00:00,11243,19979,1158,11340.35
2020-10-18 0:00:00,10660,17119,1378,11435.465
2020-10-19 0:00:00,11007,23275,1861,11619.53
2020-10-20 0:00:00,8881,22807,1747,11868.06
2020-10-21 0:00:00,5537,7716,453,12568.45
2020-10-22 0:00:00,6024,6094,340,12949.215
2020-10-23 0:00:00,4286,4646,288,12882.22
2020-10-24 0:00:00,3679,3820,255,13026.89
2020-10-25 0:00:00,4420,3943,248,13128.545
2020-10-26 0:00:00,3254,4864,314,13019.42
2020-10-27 0:00:00,2454,4905,364,13421.89
2020-10-28 0:00:00,7604,18790,1425,13380.86
2020-10-29 0:00:00,12673,24431,1953,13314.58
2020-10-30 0:00:00,10049,23780,1962,13403.71
2020-10-31 0:00:00,11686,23312,1900,13755.02
2020-11-01 0:00:00,10006,20038,1482,13763.62
2020-11-02 0:00:00,10763,21298,1576,13525.065
2020-11-03 0:00:00,12205,23709,1850,13686.19
2020-11-04 0:00:00,11495,25550,2056,13899.015
2020-11-05 0:00:00,15108,43664,2967,14926.92
2020-11-06 0:00:00,14249,34885,2469,15584.225
2020-11-07 0:00:00,10707,23732,1873,15096.18
2020-11-08 0:00:00,9494,20404,1559,15196.5
2020-11-09 0:00:00,11604,26070,1766,15322.68
2020-11-10 0:00:00,10511,23868,1969,15288.05
2020-11-11 0:00:00,11112,27328,2084,15635.895
2020-11-12 0:00:00,13112,33605,2397,15912.62
2020-11-13 0:00:00,12668,29692,2109,16229.21
2020-11-14 0:00:00,9156,21913,1647,16027.45
2020-11-15 0:00:00,10160,20131,1778,15976.425
2020-11-16 0:00:00,12739,32852,2297,16377.125
2020-11-17 0:00:00,19933,53197,3812,17210.435
2020-11-18 0:00:00,16875,50292,3884,17863.505
2020-11-19 0:00:00,12201,33104,2507,17768.975
2020-11-20 0:00:00,12876,39404,2852,18289.47
2020-11-21 0:00:00,12340,34955,2771,18662.59
2020-11-22 0:00:00,11148,28157,2209,18196.365
2020-11-23 0:00:00,11798,32931,2518,18386.085
2020-11-24 0:00:00,14698,49334,3226,18768.635
2020-11-25 0:00:00,12650,35392,2607,19004.35
2020-11-26 0:00:00,14326,42828,4069,17588.84
2020-11-27 0:00:00,10750,30346,2801,16970.995
2020-11-28 0:00:00,9475,26077,2283,17394.475
2020-11-29 0:00:00,12367,26709,2090,17945.395
2020-11-30 0:00:00,16878,49280,3818,19024.63
2020-12-01 0:00:00,15069,42235,3717,19052.98
2020-12-02 0:00:00,12026,31437,2599,18843.58
2020-12-03 0:00:00,11670,32763,2687,19248.305
2020-12-04 0:00:00,10405,32156,2824,19072.705
2020-12-05 0:00:00,9526,25382,2123,18846.66
2020-12-06 0:00:00,9322,24184,1921,19151.605
2020-12-07 0:00:00,9955,28596,2124,19160.74
2020-12-08 0:00:00,10544,30351,2682,18761.345
2020-12-09 0:00:00,11630,30971,2707,18154.195
2020-12-10 0:00:00,11185,28423,2313,18237.44
2020-12-11 0:00:00,11537,28820,2397,17946.615
2020-12-12 0:00:00,10289,24539,1985,18490.915
2020-12-13 0:00:00,10139,26094,2186,19074.16
2020-12-14 0:00:00,8724,25769,1956,19170.41
2020-12-15 0:00:00,9256,28465,2248,19306.645
2020-12-16 0:00:00,20594,69559,4995,20413.61
2020-12-17 0:00:00,23842,74157,5638,22469.695
2020-12-18 0:00:00,15177,43917,3479,22808.705
2020-12-19 0:00:00,12123,35080,2658,23434.77
2020-12-20 0:00:00,13933,39531,3176,23673.94
2020-12-21 0:00:00,12971,39112,3466,23046.805
2020-12-22 0:00:00,12004,34936,4215,23105.745
2020-12-23 0:00:00,11375,35209,4606,23362.175
2020-12-24 0:00:00,10755,28157,3008,23247.505
2020-12-25 0:00:00,10906,25057,3008,24097.035
2020-12-26 0:00:00,15694,44582,4450,25637.44
2020-12-27 0:00:00,22052,57447,7256,27073.02
2020-12-28 0:00:00,15476,44592,8292,26773.795
2020-12-29 0:00:00,15304,50109,4734,26623.925
2020-12-30 0:00:00,15253,52302,5053,28175.145
2020-12-31 0:00:00,15776,44065,4947,28629.4
2021-01-01 0:00:00,12464,31505,3450,29207.27
2021-01-02 0:00:00,24466,81064,7300,31146.775
2021-01-03 0:00:00,24651,70074,5941,33399.965
2021-01-04 0:00:00,17961,55668,4700,31057.995
2021-01-05 0:00:00,15645,46126,3889,32236.365
2021-01-06 0:00:00,17292,56109,4443,35188.98
2021-01-07 0:00:00,22774,78199,6267,38352.94
2021-01-08 0:00:00,22453,70015,5800,39302.735
2021-01-09 0:00:00,17454,53739,4223,40092.045
2021-01-10 0:00:00,15877,49193,4476,38355.765
2021-01-11 0:00:00,21491,80583,8574,34287.41
2021-01-12 0:00:00,15225,52801,5359,34571.63
2021-01-13 0:00:00,16006,52299,5448,35107.78
2021-01-14 0:00:00,18074,58357,6167,38422.66
2021-01-15 0:00:00,14686,48231,5085,37045.81
2021-01-16 0:00:00,11606,33849,3411,36669.16
2021-01-17 0:00:00,10582,31830,4356,35357.75
2021-01-18 0:00:00,13101,37103,4136,36106.82
2021-01-19 0:00:00,12829,44677,4486,36892.405
2021-01-20 0:00:00,11593,36994,5390,34964.775
2021-01-21 0:00:00,13825,51909,6065,32843.37
2021-01-22 0:00:00,15381,49880,6767,31337.345
2021-01-23 0:00:00,10094,32419,3859,32457.44
2021-01-24 0:00:00,9958,30504,2894,32024.275
2021-01-25 0:00:00,12271,36209,3389,33409.135
2021-01-26 0:00:00,11491,33491,3185,31898.43
2021-01-27 0:00:00,13217,41805,3887,30908.39
2021-01-28 0:00:00,18254,58115,5850,31893.225
2021-01-29 0:00:00,26745,88593,8941,35313.79
2021-01-30 0:00:00,14976,42799,4660,33882.075
2021-01-31 0:00:00,12316,34983,3811,33297.89
2021-02-01 0:00:00,15662,41495,3855,33527.29
2021-02-02 0:00:00,14064,38721,3391,34731.975
2021-02-03 0:00:00,15163,42078,3059,36559.26
2021-02-04 0:00:00,16057,42701,3204,37470.54
2021-02-05 0:00:00,17118,48690,7006,37485.21
2021-02-06 0:00:00,17262,49618,4928,39618.535
2021-02-07 0:00:00,15424,41670,3861,38564.875
2021-02-08 0:00:00,37416,116958,10315,42335.345
2021-02-09 0:00:00,27751,83940,7204,46630.525
2021-02-10 0:00:00,25768,64381,6254,45546.925
2021-02-11 0:00:00,22492,63815,5788,46348.735
2021-02-12 0:00:00,20886,60231,5141,47587.42
2021-02-13 0:00:00,18653,51390,4201,47231.325
2021-02-14 0:00:00,18459,50107,4082,48369.655
2021-02-15 0:00:00,18845,46392,4435,47470.87
2021-02-16 0:00:00,22966,64820,4951,48815.08
2021-02-17 0:00:00,27023,70871,5589,50795.2
2021-02-18 0:00:00,25895,54072,4785,51712.705
2021-02-19 0:00:00,25186,76287,6267,53548.96
2021-02-20 0:00:00,24052,63843,5434,55834.385
2021-02-21 0:00:00,20568,55707,5379,56932.41
2021-02-22 0:00:00,21876,63890,6411,52867.525
2021-02-23 0:00:00,24033,74578,8190,49573.87
2021-02-24 0:00:00,20505,58325,5578,49207.55
2021-02-25 0:00:00,20380,55647,4755,49407.61
2021-02-26 0:00:00,17980,49978,4957,46295.92
2021-02-27 0:00:00,12204,32816,3054,46713.32
2021-02-28 0:00:00,16576,44791,4830,44853.91
2021-03-01 0:00:00,22498,54522,4426,47435.59
2021-03-02 0:00:00,17896,47299,3979,48659.49
2021-03-03 0:00:00,17913,46099,3821,50401.015
2021-03-04 0:00:00,17030,42573,3831,49654.78
2021-03-05 0:00:00,15348,42202,4960,47889.31
2021-03-06 0:00:00,14376,35487,4143,48142.195
2021-03-07 0:00:00,15658,37431,4381,50174.17
2021-03-08 0:00:00,17834,42773,3248,50874.585
2021-03-09 0:00:00,16816,48539,3980,53411.455
2021-03-10 0:00:00,18956,51013,4601,55225.465
2021-03-11 0:00:00,18431,46453,3616,56228.71
2021-03-12 0:00:00,18645,50208,4159,56579.63
2021-03-13 0:00:00,22887,67229,5082,58926.235
2021-03-14 0:00:00,17069,44484,3818,60327.805
2021-03-15 0:00:00,17150,48098,5123,57723.425
2021-03-16 0:00:00,14963,42875,4079,55102.585
2021-03-17 0:00:00,17211,48734,4143,56565.695
2021-03-18 0:00:00,16112,46167,3535,58549.995
2021-03-19 0:00:00,5061,13945,1136,57868.345
2021-03-20 0:00:00,753,2464,134,58874.745
2021-03-21 0:00:00,692,2374,177,57128.475
2021-03-22 0:00:00,896,2867,179,56113.61
2021-03-23 0:00:00,925,2689,204,54410.315
2021-03-24 0:00:00,966,2582,175,54443.84
2021-03-25 0:00:00,753,2330,196,51802.915
2021-03-26 0:00:00,916,2508,148,53179.72
2021-03-27 0:00:00,679,1971,79,55298.89
2021-03-28 0:00:00,689,2019,135,55639.76
2021-03-29 0:00:00,909,2530,143,56662.235
2021-03-30 0:00:00,876,2394,186,58228.74
2021-03-31 0:00:00,833,2608,177,58368.655
2021-04-01 0:00:00,956,2792,186,58709.28
2021-04-02 0:00:00,924,2714,143,59259.985
2021-04-03 0:00:00,848,2318,140,58364.455
2021-04-04 0:00:00,769,2192,101,57493.555
2021-04-05 0:00:00,1303,3737,245,58034.56
2021-04-06 0:00:00,1532,4439,361,58416.875
2021-04-07 0:00:00,1671,4182,253,57047.885
2021-04-08 0:00:00,1485,3565,236,56930.65
2021-04-09 0:00:00,1191,3318,207,58288.08
2021-04-10 0:00:00,1495,4422,274,59539.465
2021-04-11 0:00:00,1346,4101,220,59945.81
2021-04-12 0:00:00,1403,3499,193,60327.33
2021-04-13 0:00:00,1792,5007,377,61746.815
2021-04-14 0:00:00,1591,4449,328,63086.395
2021-04-15 0:00:00,1300,3468,208,62932.61
2021-04-16 0:00:00,1478,4221,280,61807.62
2021-04-17 0:00:00,693,2064,131,61127.065
2021-04-18 0:00:00,,,,56589.215
2021-04-19 0:00:00,0,4,0,55940.86
2021-04-20 0:00:00,1,2,0,55265.39
2021-04-21 0:00:00,0,13,0,55221.375
2021-04-22 0:00:00,2,6,0,52989.195
2021-04-23 0:00:00,2,11,1,49803.995
2021-04-24 0:00:00,1,4,1,49996.67
2021-04-25 0:00:00,1,9,0,48824.735
2021-04-26 0:00:00,161,344,26,51616.56
2021-04-27 0:00:00,5065,14128,1080,54424.265
2021-04-28 0:00:00,15901,47707,3875,55174.09
2021-04-29 0:00:00,16425,46231,4008,53808.33
2021-04-30 0:00:00,15521,46947,3665,55537.135
2021-05-01 0:00:00,15007,41463,3977,57778.025
2021-05-02 0:00:00,14984,38495,3966,57013.77
2021-05-03 0:00:00,16777,48162,3718,57747.72
2021-05-04 0:00:00,17515,51371,4491,55167.425
2021-05-05 0:00:00,18700,50838,3954,55461.5
2021-05-06 0:00:00,17471,47611,3690,56846.08
2021-05-07 0:00:00,17097,46998,3739,57003.225
2021-05-08 0:00:00,16684,45647,4035,58253.565
2021-05-09 0:00:00,15150,41197,3815,57813.985
2021-05-10 0:00:00,17204,50648,4381,56913.095
2021-05-11 0:00:00,15623,44259,4024,55709.375
2021-05-12 0:00:00,22320,71313,7345,53594.165
2021-05-13 0:00:00,44431,138050,19302,49203.86
2021-05-14 0:00:00,22040,65449,8102,50232.36
2021-05-15 0:00:00,17037,49830,5894,48658.115
2021-05-16 0:00:00,28049,84203,13321,46863.76
2021-05-17 0:00:00,32662,94900,13833,44398.01
2021-05-18 0:00:00,23119,66775,7964,44064.375
2021-05-19 0:00:00,42417,159510,21556,36744.77
2021-05-20 0:00:00,26951,84086,11082,38764.64
2021-05-21 0:00:00,27039,80887,10866,37902.435
2021-05-22 0:00:00,24060,62710,7913,37064.815
2021-05-23 0:00:00,24772,77557,9868,34730.865
2021-05-24 0:00:00,9057,29391,3344,37206.335
2021-05-25 0:00:00,,,,38175.995
2021-05-26 0:00:00,,,,39355.31
2021-05-27 0:00:00,0,1,0,38810.395
2021-05-28 0:00:00,3,3,0,36806.68
2021-05-29 0:00:00,,,,35486.58
2021-05-30 0:00:00,1,1,0,34941.135
2021-05-31 0:00:00,,,,35857.83
2021-06-01 0:00:00,0,1,0,36821.855
2021-06-02 0:00:00,0,3,0,37080.26
2021-06-03 0:00:00,1,3,0,38341.19
2021-06-04 0:00:00,0,9,3,37445.26
2021-06-05 0:00:00,1,2,0,36378.96
2021-06-06 0:00:00,0,1,1,35859.075
2021-06-07 0:00:00,0,0,1,35078.755
2021-06-08 0:00:00,,,,32547.72
2021-06-09 0:00:00,278,572,90,34981.8
2021-06-10 0:00:00,6486,15235,1898,37104.125
2021-06-11 0:00:00,24890,56833,6634,36823.845
2021-06-12 0:00:00,18559,43728,4894,36050.265
2021-06-13 0:00:00,20598,50646,5386,37088.46
2021-06-14 0:00:00,29504,65919,6014,39890.605
2021-06-15 0:00:00,21622,53425,4403,40416.875
2021-06-16 0:00:00,19476,49852,4545,39305.01
2021-06-17 0:00:00,24530,52711,4846,38461.995
2021-06-18 0:00:00,21793,49764,4973,36680.06
2021-06-19 0:00:00,15219,38242,4528,35653.215
2021-06-20 0:00:00,15307,40920,4949,34758.885
2021-06-21 0:00:00,19759,65316,8673,33522.655
2021-06-22 0:00:00,22934,76371,9705,31110.47
2021-06-23 0:00:00,21909,52586,5525,33310.975
2021-06-24 0:00:00,18243,46649,4648,33804.03
2021-06-25 0:00:00,19266,54624,5853,33392.375
2021-06-26 0:00:00,17646,42550,4792,31435.74
2021-06-27 0:00:00,15178,40436,4435,33392.825
2021-06-28 0:00:00,21144,48737,5046,34591.715
2021-06-29 0:00:00,19384,46809,4561,35434.285
2021-06-30 0:00:00,18995,44399,4448,35076.205
2021-07-01 0:00:00,17072,43557,4093,33911.37
2021-07-02 0:00:00,14707,39070,3983,33341.825
2021-07-03 0:00:00,13587,36342,3930,34138.98
2021-07-04 0:00:00,12574,32903,2899,35168.155
2021-07-05 0:00:00,14786,37530,3723,34221.155
2021-07-06 0:00:00,14089,39073,4364,34327.7
2021-07-07 0:00:00,15438,38341,3578,34437.12
2021-07-08 0:00:00,17174,43443,4166,33021.495
2021-07-09 0:00:00,15032,42383,3567,33175.4
2021-07-10 0:00:00,12638,35228,3450,33641.83
2021-07-11 0:00:00,12628,31892,2865,33965.545
2021-07-12 0:00:00,19972,40914,3377,33659.42
2021-07-13 0:00:00,18858,48255,3671,32770.84
2021-07-14 0:00:00,15549,42090,4022,32350.595
2021-07-15 0:00:00,14297,42276,4042,32161.145
2021-07-16 0:00:00,14667,41234,3961,31651.54
2021-07-17 0:00:00,11420,35340,2984,31580.205
2021-07-18 0:00:00,12044,33744,2973,31788.92
2021-07-19 0:00:00,13527,43588,4287,31197.14
2021-07-20 0:00:00,14818,50812,5507,30191.985
2021-07-21 0:00:00,18334,56724,4805,31164.005
2021-07-22 0:00:00,16683,44372,3739,32171.44
2021-07-23 0:00:00,17814,40631,3011,32825.275
2021-07-24 0:00:00,14508,36785,2652,33974.42
2021-07-25 0:00:00,14089,35365,2956,34637.495
2021-07-26 0:00:00,24193,76582,6189,37912.045
2021-07-27 0:00:00,17655,46530,3880,37978.975
2021-07-28 0:00:00,17008,50335,4084,39857.99
2021-07-29 0:00:00,13739,40780,2888,39957.725
2021-07-30 0:00:00,13270,42648,3374,40323.97
2021-07-31 0:00:00,12026,36879,2857,41719.6
2021-08-01 0:00:00,12804,35807,2843,41028.095
2021-08-02 0:00:00,15288,44239,3325,39572.305
2021-08-03 0:00:00,14254,41350,3256,38729.335
2021-08-04 0:00:00,12980,38842,3486,38743.675
2021-08-05 0:00:00,15980,41074,3202,39369.59
2021-08-06 0:00:00,17775,43202,3583,41629.335
2021-08-07 0:00:00,19549,39877,3345,43602.54
2021-08-08 0:00:00,16015,37919,3429,44305.46
2021-08-09 0:00:00,17820,50284,4375,44647.04
2021-08-10 0:00:00,17223,44407,3665,45685.38
2021-08-11 0:00:00,16199,42953,3216,46062.2
2021-08-12 0:00:00,14862,40785,3079,45000.305
2021-08-13 0:00:00,15201,44182,3476,46075.585
2021-08-14 0:00:00,12890,35936,3420,47092.765
2021-08-15 0:00:00,12295,34483,3231,46493.075
2021-08-16 0:00:00,13166,37801,3274,46872.76
2021-08-17 0:00:00,13364,38440,3222,45769.88
2021-08-18 0:00:00,13571,39684,3218,45132.935
2021-08-19 0:00:00,13948,42890,3264,45513.135
2021-08-20 0:00:00,15816,47423,3353,48014.75
2021-08-21 0:00:00,18531,42278,2754,49069.925
2021-08-22 0:00:00,13564,35702,2446,48816.085
2021-08-23 0:00:00,18984,56413,3766,49781.04
2021-08-24 0:00:00,13896,45225,3207,48720.315
2021-08-25 0:00:00,29222,54051,3280,48196.405
2021-08-26 0:00:00,16003,42314,3169,47907.44
2021-08-27 0:00:00,14296,41705,2967,47771.56
2021-08-28 0:00:00,11834,35369,2278,48846.685
2021-08-29 0:00:00,10523,32693,2536,48747.49
2021-08-30 0:00:00,12999,37504,2876,47875.29
2021-08-31 0:00:00,13790,39561,3509,47483.23
2021-09-01 0:00:00,15017,44293,3640,47803.395
2021-09-02 0:00:00,17658,50573,3480,49503.795
2021-09-03 0:00:00,15812,48878,3374,49709.355
2021-09-04 0:00:00,12176,40890,2734,50025.235
2021-09-05 0:00:00,12293,43577,2858,50694.73
2021-09-06 0:00:00,15039,50856,3213,51900.92
2021-09-07 0:00:00,23486,82459,7665,48411.83
2021-09-08 0:00:00,18045,60861,5734,45919.055
2021-09-09 0:00:00,15484,48272,4110,46453.795
2021-09-10 0:00:00,16020,46795,4647,45612.47
2021-09-11 0:00:00,12254,37164,3374,45364.805
2021-09-12 0:00:00,11586,33071,2789,45584.66
2021-09-13 0:00:00,14854,45833,4367,45166.57
2021-09-14 0:00:00,14303,46163,3558,46019.965
2021-09-15 0:00:00,14044,47122,3726,47591.225
2021-09-16 0:00:00,13671,43683,3672,47774.53
2021-09-17 0:00:00,13632,40610,3551,47471.335
2021-09-18 0:00:00,12317,35739,2759,47937.235
2021-09-19 0:00:00,10825,31964,2664,47620.4
2021-09-20 0:00:00,15008,51154,5525,44946.56
2021-09-21 0:00:00,15295,48466,5027,41696.55
2021-09-22 0:00:00,13990,43267,3922,42300.645
2021-09-23 0:00:00,15614,46507,4054,44051.295
2021-09-24 0:00:00,18048,59804,9833,42975.19
2021-09-25 0:00:00,12278,37345,4526,42351.51
2021-09-26 0:00:00,13425,36669,3737,42376.945
2021-09-27 0:00:00,15692,42099,3974,43249.825
2021-09-28 0:00:00,14845,43143,4492,41852.685
2021-09-29 0:00:00,18236,47143,3871,41696.925
2021-09-30 0:00:00,15205,44638,3929,42771.695
2021-10-01 0:00:00,17804,54990,4536,45887.475
2021-10-02 0:00:00,19202,38533,3080,47908.09
2021-10-03 0:00:00,6728,16779,1236,48161.205
2021-10-04 0:00:00,215,466,33,48222.745
2021-10-05 0:00:00,326,708,53,50486.375
2021-10-06 0:00:00,525,1296,91,53047.995
2021-10-07 0:00:00,3896,10873,903,54411.165
2021-10-08 0:00:00,16660,46268,3458,54857
2021-10-09 0:00:00,14083,38658,3190,54590.76
2021-10-10 0:00:00,12857,37690,3284,55302.575
2021-10-11 0:00:00,19367,57743,4563,56137.33
2021-10-12 0:00:00,17580,54947,4361,55872.575
2021-10-13 0:00:00,16079,52662,3971,56024.295
2021-10-14 0:00:00,16571,55097,4054,57684.57
2021-10-15 0:00:00,26381,88420,5665,59887.82
2021-10-16 0:00:00,17785,52455,3535,61247.625
2021-10-17 0:00:00,18594,49324,3763,60374.2
2021-10-18 0:00:00,20157,60158,4325,61294.325
2021-10-19 0:00:00,23411,75564,5478,62939.405
2021-10-20 0:00:00,29926,101352,6328,65262.18
2021-10-21 0:00:00,22717,70264,5586,64360.945
2021-10-22 0:00:00,19583,59924,4093,61874.2
2021-10-23 0:00:00,17163,48767,3376,60719.27
2021-10-24 0:00:00,19159,47939,3732,60505.295
2021-10-25 0:00:00,,,,62184.16
2021-10-26 0:00:00,,,,61579.36
2021-10-27 0:00:00,,,,59800.59
2021-10-28 0:00:00,,,,60198.755
2021-10-29 0:00:00,,,,61618.71
2021-10-30 0:00:00,7123,21645,1564,61572.95
2021-10-31 0:00:00,7644,21832,1986,61221.315
2021-11-01 0:00:00,8631,23801,2019,61018.595
2021-11-02 0:00:00,9120,26995,2236,62480.525
2021-11-03 0:00:00,8955,25539,2168,62305.705
2021-11-04 0:00:00,9164,27027,2464,61924.35
2021-11-05 0:00:00,8104,26061,2096,61705.565
2021-11-06 0:00:00,7471,21771,1861,60862.505
2021-11-07 0:00:00,6657,20674,1638,62358.065
2021-11-08 0:00:00,8699,32739,2164,65529.12
2021-11-09 0:00:00,10027,33646,2600,67413.34
2021-11-10 0:00:00,9389,30651,2746,66087.445
2021-11-11 0:00:00,8594,27146,2391,64858.025
2021-11-12 0:00:00,10932,33058,3157,63890.51
2021-11-13 0:00:00,11341,30726,3322,64187.16
2021-11-14 0:00:00,10208,32174,2722,64562.695
2021-11-15 0:00:00,10481,28677,1947,64889
2021-11-16 0:00:00,17979,51480,4758,61180.12
2021-11-17 0:00:00,16356,47057,4091,59701.57
2021-11-18 0:00:00,18219,47524,4511,58749.99
2021-11-19 0:00:00,15102,44549,5005,57029.475
2021-11-20 0:00:00,13660,37463,3050,58676.265
2021-11-21 0:00:00,14025,37271,2998,59317.125
2021-11-22 0:00:00,14781,45970,3955,57532.495
2021-11-23 0:00:00,16342,46276,3979,56679.68
2021-11-24 0:00:00,19183,43863,3761,56820.11
2021-11-25 0:00:00,17014,37477,3122,58246.84
2021-11-26 0:00:00,16193,46288,4751,56388.745
2021-11-27 0:00:00,13212,34945,3479,54492.8
2021-11-28 0:00:00,14355,34275,3585,55455.655
2021-11-29 0:00:00,16597,42975,3579,57825.47
2021-11-30 0:00:00,14955,41711,3702,57578.83
2021-12-01 0:00:00,16403,40833,3258,57801.26
2021-12-02 0:00:00,16852,39895,3298,56629.94
2021-12-03 0:00:00,10491,25320,1925,55066.19
2021-12-04 0:00:00,5080,16352,1805,48717.135
2021-12-05 0:00:00,3370,10810,964,48802.47
2021-12-06 0:00:00,4593,12921,1302,49123.11
2021-12-07 0:00:00,4929,12038,1040,51018.3
2021-12-08 0:00:00,4296,10488,1091,49963.725
2021-12-09 0:00:00,4419,11310,1147,49088.57
2021-12-10 0:00:00,3958,11439,1192,48518.635
2021-12-11 0:00:00,3888,8779,902,48166.96
2021-12-12 0:00:00,3834,8582,830,49748.5
2021-12-13 0:00:00,4247,11812,1164,48007.97
2021-12-14 0:00:00,3404,9805,1093,47493.015
2021-12-15 0:00:00,6482,16301,1521,48031.005
2021-12-16 0:00:00,10328,19103,1189,48498.775
2021-12-17 0:00:00,12389,19097,1151,46754.695
2021-12-18 0:00:00,8418,17912,1106,46439.795
2021-12-19 0:00:00,8479,15094,889,47372.975
2021-12-20 0:00:00,9286,17826,1414,46541.105
2021-12-21 0:00:00,10441,19804,1149,47997.96
2021-12-22 0:00:00,10803,17876,1098,49020.92
2021-12-23 0:00:00,10349,18474,1032,49722.565
2021-12-24 0:00:00,9354,16698,836,51156.46
2021-12-25 0:00:00,2383,5798,228,50679.06
2021-12-26 0:00:00,2381,5758,332,50384.66
2021-12-27 0:00:00,3247,7246,341,51280.36
2021-12-28 0:00:00,3855,8169,614,49018.155
2021-12-29 0:00:00,3454,7969,434,47126.565
2021-12-30 0:00:00,2967,7392,546,46941.085
2021-12-31 0:00:00,1712,4440,261,47119.33
2022-01-01 0:00:00,2594,6070,337,47073.16
2022-01-02 0:00:00,2898,7053,372,47322.72
2022-01-03 0:00:00,3362,7689,432,46639.89
2022-01-04 0:00:00,3501,8352,414,46558.695
2022-01-05 0:00:00,3729,8933,570,44789.02
2022-01-06 0:00:00,3629,8938,710,43123.995
2022-01-07 0:00:00,3489,8949,641,41944.605
2022-01-08 0:00:00,3583,7491,623,41420.57
2022-01-09 0:00:00,5776,6290,506,42018.895
2022-01-10 0:00:00,3763,9223,621,40959.335
2022-01-11 0:00:00,3547,8328,467,42200.885
2022-01-12 0:00:00,3757,8265,430,43382.455
2022-01-13 0:00:00,3020,7733,467,43388.71
2022-01-14 0:00:00,3692,8217,416,42626.245
2022-01-15 0:00:00,4189,6737,314,43200.88
2022-01-16 0:00:00,12725,17498,880,43050.64
2022-01-17 0:00:00,5627,8859,468,42384.86
2022-01-18 0:00:00,4767,9980,486,41991.89
2022-01-19 0:00:00,4103,9852,513,41860.055
2022-01-20 0:00:00,2925,6642,359,42038.73
2022-01-21 0:00:00,5068,11439,1515,38305.54
2022-01-22 0:00:00,5085,10077,1069,35471.105
2022-01-23 0:00:00,4102,8077,1141,35593.785
2022-01-24 0:00:00,4205,10399,1480,35229.955
2022-01-25 0:00:00,4083,8935,752,36643.7
2022-01-26 0:00:00,19656,59886,5734,37603.14
2022-01-27 0:00:00,3426,8696,619,36393.365
2022-01-28 0:00:00,3247,8188,591,37098.92
2022-01-29 0:00:00,2978,7526,592,38035.87
2022-01-30 0:00:00,3203,7575,526,37871.02
2022-01-31 0:00:00,3458,9768,675,37715.255
2022-02-01 0:00:00,4131,8765,508,38657.52
2022-02-02 0:00:00,4105,8773,760,37766.995
2022-02-03 0:00:00,3755,7521,532,36840.995
2022-02-04 0:00:00,1873,4367,194,39399.005
2022-02-05 0:00:00,4019,7760,443,41458.855
2022-02-06 0:00:00,3683,6413,327,41911.93
2022-02-07 0:00:00,4733,9309,708,43103.94
2022-02-08 0:00:00,4582,9156,717,44094.02
2022-02-09 0:00:00,4659,8868,874,44008.555
2022-02-10 0:00:00,4083,9500,775,44545.715
2022-02-11 0:00:00,4033,8594,702,42980.745
2022-02-12 0:00:00,3663,6961,595,42408.755
2022-02-13 0:00:00,3258,6608,383,42336.83
2022-02-14 0:00:00,4041,7741,532,42219.28
2022-02-15 0:00:00,4442,8272,624,43611.965
2022-02-16 0:00:00,11791,21732,1536,43972.06
2022-02-17 0:00:00,10828,23740,2110,42145.96
2022-02-18 0:00:00,3733,9248,911,40238.675
2022-02-19 0:00:00,2732,6647,517,40064.665
2022-02-20 0:00:00,2634,7423,576,39081.475
2022-02-21 0:00:00,3286,9878,839,38178.925
2022-02-22 0:00:00,9962,22414,2691,37414.97
2022-02-23 0:00:00,3728,9028,848,38172.17
2022-02-24 0:00:00,3543,9314,991,36766.01
2022-02-25 0:00:00,4268,8091,586,38876.885
2022-02-26 0:00:00,3453,7978,494,39416.89
2022-02-27 0:00:00,3312,7437,501,38450.81
2022-02-28 0:00:00,19866,26619,2407,40713.61
2022-03-01 0:00:00,3834,8920,664,43888.3
2022-03-02 0:00:00,4391,8732,574,44228.85
2022-03-03 0:00:00,3945,8565,581,42965.815
2022-03-04 0:00:00,3612,9099,707,40571.095
2022-03-05 0:00:00,3399,7239,479,39124.7
2022-03-06 0:00:00,3240,7083,611,38910.29
2022-03-07 0:00:00,3380,8660,892,38364.065
2022-03-08 0:00:00,3713,8553,701,38633.38
2022-03-09 0:00:00,13304,25693,1659,40621.955
2022-03-10 0:00:00,12938,24728,1342,40448.505
2022-03-11 0:00:00,12071,21115,1398,39241.585
2022-03-12 0:00:00,4100,8741,541,39055.27
2022-03-13 0:00:00,3236,7655,495,38443.995
2022-03-14 0:00:00,3525,9131,819,38684.705
2022-03-15 0:00:00,4202,9080,612,39061.83
2022-03-16 0:00:00,11011,23347,1782,40285.89
2022-03-17 0:00:00,5979,11572,647,41011.22
2022-03-18 0:00:00,3716,9859,511,41240.52
2022-03-19 0:00:00,4711,8985,456,41958.58
2022-03-20 0:00:00,4422,8308,388,41638.275
2022-03-21 0:00:00,3822,10073,404,41032.8
2022-03-22 0:00:00,12175,27010,421,42105.645
2022-03-23 0:00:00,16132,30543,1121,42414.07
2022-03-24 0:00:00,5972,14746,580,43442.185
2022-03-25 0:00:00,4706,12455,449,44370.88
2022-03-26 0:00:00,4048,9200,419,44459.67
2022-03-27 0:00:00,3590,10379,398,45673.005
2022-03-28 0:00:00,8566,22948,1190,47438.835
2022-03-29 0:00:00,4095,12044,537,47536.77
2022-03-30 0:00:00,4048,12717,545,47148.795
2022-03-31 0:00:00,10579,24983,1376,46410.14
2022-04-01 0:00:00,4292,11996,554,45491.43
2022-04-02 0:00:00,4190,10098,492,46431.995
2022-04-03 0:00:00,9682,37376,1291,46499.085
2022-04-04 0:00:00,4691,11561,579,46014.87
2022-04-05 0:00:00,4170,11207,411,46285.245
2022-04-06 0:00:00,10834,24877,1480,44324.04
2022-04-07 0:00:00,4456,10947,601,43330.575
2022-04-08 0:00:00,4649,11731,445,43052.905
2022-04-09 0:00:00,10897,20660,1196,42474.54
2022-04-10 0:00:00,4462,10065,577,42682.035
2022-04-11 0:00:00,4755,12760,1059,40826.13
2022-04-12 0:00:00,4269,12747,971,39970.395
2022-04-13 0:00:00,4974,13750,594,40564.955
2022-04-14 0:00:00,4308,11282,483,40545.35
2022-04-15 0:00:00,4135,10509,477,40289.98
2022-04-16 0:00:00,4447,9790,437,40358.545
2022-04-17 0:00:00,4020,9192,687,40083.265
2022-04-18 0:00:00,3877,12290,693,39832.8
2022-04-19 0:00:00,4350,10808,580,41172.025
2022-04-20 0:00:00,4361,11360,519,41563.57
2022-04-21 0:00:00,4465,11786,639,41430.615
2022-04-22 0:00:00,3657,12226,581,39992.475
2022-04-23 0:00:00,3260,10972,457,39647.105
2022-04-24 0:00:00,3561,9320,452,39493.865
2022-04-25 0:00:00,4623,10552,629,39412.75
2022-04-26 0:00:00,3716,10488,644,39262.22
2022-04-27 0:00:00,4426,9967,712,38683.11
2022-04-28 0:00:00,3444,10622,532,39639.3
2022-04-29 0:00:00,3006,8929,550,39050.875
2022-04-30 0:00:00,3129,7432,624,38197.89
2022-05-01 0:00:00,3156,7608,628,38064.88
2022-05-02 0:00:00,2977,9498,616,38606.635
2022-05-03 0:00:00,2930,9425,550,38081.865
2022-05-04 0:00:00,3244,11900,520,38835.085
2022-05-05 0:00:00,4543,11877,731,37723.965
2022-05-06 0:00:00,3908,10911,702,35986.44
2022-05-07 0:00:00,3206,8945,662,35483.04
2022-05-08 0:00:00,3306,9526,680,34617.76
2022-05-09 0:00:00,3871,13713,1206,32148.835
2022-05-10 0:00:00,4194,11972,1163,31230.8
2022-05-11 0:00:00,4143,13350,1420,30111.725
2022-05-12 0:00:00,4221,13407,1313,27960.64
2022-05-13 0:00:00,4108,11326,1102,29832.215
2022-05-14 0:00:00,3092,8763,669,29431.585
2022-05-15 0:00:00,2739,8213,689,30434.63
2022-05-16 0:00:00,3642,9776,694,30200.32
2022-05-17 0:00:00,3441,9395,679,30089.615
2022-05-18 0:00:00,3737,8974,651,29641.93
2022-05-19 0:00:00,3142,9233,659,29579.085
2022-05-20 0:00:00,2740,8562,683,29711.875
2022-05-21 0:00:00,2378,7435,541,29268.715
2022-05-22 0:00:00,3013,8083,464,29836.935
2022-05-23 0:00:00,3095,9521,598,29748.055
2022-05-24 0:00:00,2870,11041,584,29215.015
2022-05-25 0:00:00,6596,19574,1267,29755.3
2022-05-26 0:00:00,5847,20380,1633,28954.66
2022-05-27 0:00:00,6389,17892,1584,28805.535
2022-05-28 0:00:00,2531,6708,558,28869.72
2022-05-29 0:00:00,2941,9027,430,29184.435
2022-05-30 0:00:00,3574,10003,513,30724.565
2022-05-31 0:00:00,3793,9034,445,31785.165
2022-06-01 0:00:00,3187,8235,615,30640.265
2022-06-02 0:00:00,4049,7981,470,30110.67
2022-06-03 0:00:00,3910,8939,599,29963.035
2022-06-04 0:00:00,2709,7920,487,29710.11
2022-06-05 0:00:00,6246,14563,1201,29834.14
2022-06-06 0:00:00,3284,9593,528,30808.245
2022-06-07 0:00:00,4220,10021,622,30380.715
2022-06-08 0:00:00,3262,8858,486,30572.56
2022-06-09 0:00:00,3542,8288,463,30301.17
2022-06-10 0:00:00,3766,9262,510,29588.41
2022-06-11 0:00:00,3652,6739,528,28759.775
2022-06-12 0:00:00,3008,7686,921,27544.995
2022-06-13 0:00:00,9376,33566,4053,24423.875
2022-06-14 0:00:00,8840,26745,2941,22025.96
2022-06-15 0:00:00,3810,11454,1049,21413.87
2022-06-16 0:00:00,3388,9832,796,21585.17
2022-06-17 0:00:00,3169,9982,790,20775.87
2022-06-18 0:00:00,3409,12345,1283,19161.72
2022-06-19 0:00:00,2804,10145,888,19356.435
2022-06-20 0:00:00,3208,10346,818,20316.17
2022-06-21 0:00:00,3436,10587,809,21016.865
2022-06-22 0:00:00,6692,22372,1639,20309.45
2022-06-23 0:00:00,7646,22404,1646,20533.01
2022-06-24 0:00:00,7108,21315,1607,21123.165
2022-06-25 0:00:00,5789,18438,1109,21244.555
2022-06-26 0:00:00,5586,17153,1118,21412.33
2022-06-27 0:00:00,6489,20343,1314,21029.37
2022-06-28 0:00:00,6268,21106,1685,20681.84
2022-06-29 0:00:00,6573,21960,1534,20123.78
2022-06-30 0:00:00,7243,22546,2505,19380.91
2022-07-01 0:00:00,6574,20905,1906,19884.885
2022-07-02 0:00:00,5446,17613,1211,19192.345
2022-07-03 0:00:00,5862,17041,1267,19192.69
2022-07-04 0:00:00,3391,9565,648,19674.89
2022-07-05 0:00:00,2928,10146,532,20004.915
2022-07-06 0:00:00,3237,9585,560,20193.96
2022-07-07 0:00:00,3075,10219,633,21041.42
2022-07-08 0:00:00,2961,10204,565,21780.18
2022-07-09 0:00:00,9066,16773,1167,21635.88
2022-07-10 0:00:00,7974,16435,1047,21131.175
2022-07-11 0:00:00,9285,21233,1394,20362.035
2022-07-12 0:00:00,6679,22156,1455,19633.39
2022-07-13 0:00:00,5546,22180,1462,19596.965
2022-07-14 0:00:00,6236,20838,1322,20244.785
2022-07-15 0:00:00,5851,19329,1140,20779.3
2022-07-16 0:00:00,4800,16909,1084,21027.885
2022-07-17 0:00:00,4916,15625,1014,21205.66
2022-07-18 0:00:00,6946,21543,1216,21754.895
2022-07-19 0:00:00,6517,22609,1349,22689.545
2022-07-20 0:00:00,6288,22911,1467,23599.64
2022-07-21 0:00:00,6680,22529,1493,22884.155
2022-07-22 0:00:00,6691,20858,1482,23131.345
2022-07-23 0:00:00,5857,18265,1291,22475.68
2022-07-24 0:00:00,7400,17145,1185,22641.405
2022-07-25 0:00:00,6346,21829,1383,21964.6
2022-07-26 0:00:00,8034,22094,1355,21037.41
2022-07-27 0:00:00,7773,22255,1195,22075.785
2022-07-28 0:00:00,3581,12931,496,23398.17
2022-07-29 0:00:00,7017,21894,1240,23930.33
2022-07-30 0:00:00,6636,19047,936,24070.285
2022-07-31 0:00:00,5528,17822,829,23715.145
2022-08-01 0:00:00,2883,10741,480,23185.615
2022-08-02 0:00:00,7343,21673,1200,23060.225
2022-08-03 0:00:00,6314,22730,1358,23155.69
2022-08-04 0:00:00,6770,22717,1325,22823.58
2022-08-05 0:00:00,6943,21883,1127,23032.31
2022-08-06 0:00:00,6152,18589,828,23136.745
2022-08-07 0:00:00,6091,19509,812,23127.195
2022-08-08 0:00:00,7524,24461,1026,23703.51
2022-08-09 0:00:00,6238,24472,1211,23402.37
2022-08-10 0:00:00,7368,26123,1177,23445.665
2022-08-11 0:00:00,7621,23648,1101,24381.305
2022-08-12 0:00:00,7142,24189,1140,24034.295
2022-08-13 0:00:00,5987,22662,820,24599.175
2022-08-14 0:00:00,5723,22478,776,24586.5
2022-08-15 0:00:00,6062,28037,1108,24493.285
2022-08-16 0:00:00,6800,27444,1107,23960.16
2022-08-17 0:00:00,8335,27743,1358,23813.58
2022-08-18 0:00:00,5969,26255,1240,23355.385
2022-08-19 0:00:00,6214,30224,1618,22002.005
2022-08-20 0:00:00,6132,22925,1269,21066.975
2022-08-21 0:00:00,4694,20601,1011,21409.325
2022-08-22 0:00:00,5196,25819,2232,21216.585
2022-08-23 0:00:00,7071,28688,1327,21286.04
2022-08-24 0:00:00,6763,29590,1079,21516.89
2022-08-25 0:00:00,6488,27235,889,21563.09
2022-08-26 0:00:00,5972,26551,1283,20989.325
2022-08-27 0:00:00,4429,26921,1212,20095.935
2022-08-28 0:00:00,4371,26353,1139,19841.64
2022-08-29 0:00:00,6247,28419,1317,19981.845
2022-08-30 0:00:00,4798,22825,1070,20061.335
2022-08-31 0:00:00,5597,25773,1259,20143.915
2022-09-01 0:00:00,5448,26924,1259,19887.78
2022-09-02 0:00:00,5318,26163,1240,20099.83
2022-09-03 0:00:00,5235,22109,806,19855.665
2022-09-04 0:00:00,4232,22401,681,19806.9
2022-09-05 0:00:00,5555,26579,949,19845.16
2022-09-06 0:00:00,6648,29021,1176,19442.235
2022-09-07 0:00:00,6859,27683,1350,19008.96
2022-09-08 0:00:00,6417,25997,1209,19238.345
2022-09-09 0:00:00,6404,28924,1188,20429.51
2022-09-10 0:00:00,5328,24569,921,21473.08
2022-09-11 0:00:00,4704,24230,814,21608.755
2022-09-12 0:00:00,6518,29101,1083,22025.125
2022-09-13 0:00:00,6133,30740,1045,21341.13
2022-09-14 0:00:00,5602,27799,1173,20091.39
2022-09-15 0:00:00,7690,29022,1054,19931.645
2022-09-16 0:00:00,6980,27498,1130,19618.315
2022-09-17 0:00:00,6016,24991,944,19973.16
2022-09-18 0:00:00,6142,25283,839,19733.28
2022-09-19 0:00:00,6315,28678,1444,18986.835
2022-09-20 0:00:00,6377,28654,1172,19185.075
2022-09-21 0:00:00,6684,29263,1237,18967.345
2022-09-22 0:00:00,6750,28520,1118,18938.165
2022-09-23 0:00:00,7672,25578,1206,19020.405
2022-09-24 0:00:00,7200,21924,1038,19060.86
2022-09-25 0:00:00,7609,21521,815,18912.315
2022-09-26 0:00:00,7288,25578,1023,19002.675
2022-09-27 0:00:00,8844,28533,1126,19604.76
2022-09-28 0:00:00,7885,27903,1030,19134.85
2022-09-29 0:00:00,7219,26376,842,19244.54
2022-09-30 0:00:00,6399,26430,1076,19690.74
2022-10-01 0:00:00,5573,22454,929,19335.575
2022-10-02 0:00:00,6016,23345,779,19162.12
2022-10-03 0:00:00,7366,26192,1898,19343.015
2022-10-04 0:00:00,6456,27208,1299,19979.45
2022-10-05 0:00:00,6846,25861,882,20061.825
2022-10-06 0:00:00,6990,28190,1099,20158
2022-10-07 0:00:00,5791,27617,1047,19695.045
2022-10-08 0:00:00,5643,24457,722,19449.57
2022-10-09 0:00:00,5488,23333,711,19442.135
2022-10-10 0:00:00,5988,26819,885,19289.38
2022-10-11 0:00:00,6769,27502,1115,19061.26
2022-10-12 0:00:00,6411,26325,1083,19104.525
2022-10-13 0:00:00,7736,29001,1219,18866.95
2022-10-14 0:00:00,6462,28425,882,19516.055
2022-10-15 0:00:00,7653,23080,930,19107.845
2022-10-16 0:00:00,6445,23900,907,19245.21
2022-10-17 0:00:00,7640,26015,956,19417.745
2022-10-18 0:00:00,8175,26878,1030,19396.61
2022-10-19 0:00:00,7611,27048,974,19217.345
2022-10-20 0:00:00,6900,26707,983,19133.535
2022-10-21 0:00:00,8462,26063,955,18972.415
2022-10-22 0:00:00,6325,25693,775,19185.65
2022-10-23 0:00:00,6773,25711,668,19384.735
2022-10-24 0:00:00,8270,25398,869,19378.635
2022-10-25 0:00:00,7232,29354,1005,19828.975
2022-10-26 0:00:00,8912,28370,992,20536.265
2022-10-27 0:00:00,8572,28821,848,20541.665
2022-10-28 0:00:00,7399,24036,964,20391.495
2022-10-29 0:00:00,5421,24012,656,20814.475
2022-10-30 0:00:00,5430,22134,573,20729.91
2022-10-31 0:00:00,7766,23385,851,20538.11