date,interest_rate,cpi_m_to_m,ppi_m_to_m,bid_volume,ask_volume,predicted_price,technical_potential_up_reversal_bullish,technical_potential_down_reversal_bearish,technical_potential_up_trend,richest_addresses_total_received,richest_addresses_total_sent,hourly_google_search,reddit_count_bitcoin_posts_24h,reddit_activity_24h,last_24_youtube,news_positive_polarity,news_negative_polarity,news_positive_count,news_negative_count,weighted_score_up,weighted_score_down,macro_bullish,macro_bearish,order_book_bullish,order_book_bearish,prediction_bullish,prediction_bearish,technical_bullish,technical_bearish,richest_addresses_bullish,richest_addresses_bearish,google_search_bullish,google_search_bearish,reddit_bullish,reddit_bearish,youtube_bullish,youtube_bearish,news_bullish,news_bearish,interest_rate_month_before
2023-04-28 20:00:00,4.65,0.9,0.5,225.38,275.79,28612,True,False,False,3120.54777051,226597.64397832,65,13,9675,497,0.274,0.173,26,15,0.49,0.51,0.4625,0.5375,0.4,0.6,0.3,0.7,0.75,0.25,0.6,0.4,0.6,0.4,0.0,0.0,0.0,0.0,0.0,0.0,
2023-04-28 21:00:00,4.65,0.9,0.5,214.23,260.45,28612,True,False,False,3120.54777051,226597.64397832,65,13,9675,497,0.28,0.17,24,16,0.49,0.51,0.4625,0.5375,0.4,0.6,0.3,0.7,0.75,0.25,0.6,0.4,0.6,0.4,0.0,0.0,0.0,0.0,0.0,0.0,
2023-04-28 22:00:00,4.65,0.9,0.5,243.44,232.43,28612,True,False,False,3120.54777051,226597.64397832,68,15,9244,518,0.302,0.168,24,17,0.51,0.49,0.4625,0.5375,0.0,0.0,0.3,0.7,0.75,0.25,0.6,0.4,0.0,0.0,0.0,0.0,0.0,0.0,0.0,0.0,
2023-04-28 23:00:00,4.65,0.9,0.5,220.55,267.9,28612,True,False,False,3120.54777051,226597.64397832,68,15,9244,518,0.304,0.176,23,18,0.48,0.52,0.4625,0.5375,0.4,0.6,0.3,0.7,0.75,0.25,0.6,0.4,0.0,0.0,0.0,0.0,0.0,0.0,0.0,0.0,
2023-04-29 00:00:00,4.65,0.9,0.5,190.41,162.57,28612,True,False,False,3120.54777051,226597.64397832,68,15,9244,518,0.255,0.126,12,7,0.53,0.47,0.4625,0.5375,0.6,0.4,0.3,0.7,0.75,0.25,0.6,0.4,0.0,0.0,0.0,0.0,0.0,0.0,0.0,0.0,
2023-04-29 01:00:00,4.65,0.9,0.5,234.11,228.6,28612,True,False,False,3120.54777051,226597.64397832,57,14,8941,527,0.261,0.173,14,9,0.49,0.51,0.4625,0.5375,0.0,0.0,0.3,0.7,0.75,0.25,0.6,0.4,0.0,0.0,0.0,0.0,0.6,0.4,0.2,0.8,
2023-04-29 02:00:00,4.65,0.9,0.5,263.87,202.93,28612,True,False,True,3120.54777051,226597.64397832,57,14,8941,527,0.279,0.2,15,9,0.59,0.41,0.4625,0.5375,0.7,0.3,0.3,0.7,1.0,0.0,0.6,0.4,0.0,0.0,0.0,0.0,0.6,0.4,0.4,0.6,
2023-04-29 03:00:00,4.65,0.9,0.5,249.52,216.68,28612,True,False,True,3120.54777051,226597.64397832,57,14,8941,527,0.271,0.187,15,9,0.57,0.43,0.4625,0.5375,0.6,0.4,0.3,0.7,1.0,0.0,0.6,0.4,0.0,0.0,0.0,0.0,0.6,0.4,0.0,0.0,
2023-04-29 04:00:00,4.65,0.9,0.5,226.16,237.79,28612,True,False,True,3120.54777051,226597.64397832,52,17,9279,515,0.258,0.176,18,10,0.56,0.44,0.4625,0.5375,0.0,0.0,0.3,0.7,1.0,0.0,0.6,0.4,0.0,0.0,0.0,0.0,0.0,0.0,0.0,0.0,
2023-04-29 05:00:00,4.65,0.9,0.5,248.07,255.82,28612,True,False,True,3120.54777051,226597.64397832,52,17,9279,515,0.259,0.19,18,12,0.56,0.44,0.4625,0.5375,0.0,0.0,0.3,0.7,1.0,0.0,0.6,0.4,0.0,0.0,0.0,0.0,0.0,0.0,0.0,0.0,
2023-04-29 08:00:00,4.65,0.9,0.5,249.8,236.16,28612,True,False,True,3120.54777051,226597.64397832,46,14,9175,496,0.289,0.18,23,16,0.57,0.43,0.4625,0.5375,0.0,0.0,0.3,0.7,1.0,0.0,0.6,0.4,0.0,0.0,0.0,0.0,0.0,0.0,0.6,0.4,
2023-04-29 09:00:00,4.65,0.9,0.5,262.2,244.75,28612,True,False,False,2612.52041939,18195.39848433,46,14,9175,496,0.284,0.167,27,18,0.51,0.49,0.4625,0.5375,0.0,0.0,0.3,0.7,0.75,0.25,0.6,0.4,0.0,0.0,0.0,0.0,0.0,0.0,0.0,0.0,
2023-04-29 10:00:00,4.65,0.9,0.5,223.3,233.99,28612,True,False,False,2612.52041939,18195.39848433,46,14,9175,496,0.284,0.167,27,18,0.51,0.49,0.4625,0.5375,0.0,0.0,0.3,0.7,0.75,0.25,0.6,0.4,0.0,0.0,0.0,0.0,0.0,0.0,0.0,0.0,
2023-04-29 11:00:00,4.65,0.9,0.5,235.97,223.33,28612,True,False,False,2612.52041939,18195.39848433,49,12,9012,444,0.271,0.164,27,15,0.5,0.5,0.4625,0.5375,0.0,0.0,0.3,0.7,0.75,0.25,0.6,0.4,0.0,0.0,0.0,0.0,0.4,0.6,0.0,0.0,
2023-04-29 12:00:00,4.65,0.9,0.5,227.76,291.85,28612,True,False,False,2903.43216394,2799.2157569,49,12,9012,444,0.256,0.154,26,16,0.45,0.55,0.4625,0.5375,0.3,0.7,0.3,0.7,0.75,0.25,0.6,0.4,0.0,0.0,0.0,0.0,0.4,0.6,0.0,0.0,
2023-04-29 13:00:00,4.65,0.9,0.5,259.0,210.24,28612,True,False,True,3687.7371967,3106.34717519,49,12,9012,444,0.253,0.171,29,14,0.55,0.45,0.4625,0.5375,0.6,0.4,0.3,0.7,1.0,0.0,0.6,0.4,0.0,0.0,0.0,0.0,0.4,0.6,0.4,0.6,
2023-04-29 14:00:00,4.65,0.9,0.5,252.19,251.64,28612,True,False,True,3400.01879048,2771.10369641,48,10,8831,450,0.27,0.17,32,13,0.54,0.46,0.4625,0.5375,0.0,0.0,0.3,0.7,1.0,0.0,0.6,0.4,0.0,0.0,0.0,0.0,0.3,0.7,0.0,0.0,
2023-04-29 15:00:00,4.65,0.9,0.5,243.72,197.25,28612,True,False,False,3384.52157874,2772.70577274,48,10,8831,450,0.268,0.163,31,13,0.52,0.48,0.4625,0.5375,0.6,0.4,0.3,0.7,0.75,0.25,0.6,0.4,0.0,0.0,0.0,0.0,0.3,0.7,0.0,0.0,
2023-04-29 16:00:00,4.65,0.9,0.5,268.35,271.96,28612,True,False,False,3402.90051853,9062.0459386,48,10,8831,450,0.261,0.153,31,14,0.49,0.51,0.4625,0.5375,0.0,0.0,0.3,0.7,0.75,0.25,0.6,0.4,0.0,0.0,0.0,0.0,0.3,0.7,0.0,0.0,
2023-04-29 17:00:00,4.65,0.9,0.5,261.82,234.91,28612,True,False,False,3916.31330188,8643.73424616,50,10,8831,450,0.266,0.157,30,13,0.57,0.43,0.4625,0.5375,0.0,0.0,0.3,0.7,0.75,0.25,0.6,0.4,0.0,0.0,0.0,0.0,0.3,0.7,0.0,0.0,
2023-04-29 18:00:00,4.65,0.9,0.5,243.83,251.53,28612,True,False,False,20474.62570133,25059.51761441,50,10,9191,447,0.26,0.155,29,14,0.5,0.5,0.4625,0.5375,0.0,0.0,0.3,0.7,0.75,0.25,0.6,0.4,0.0,0.0,0.0,0.0,0.4,0.6,0.0,0.0,
2023-04-29 19:00:00,4.65,0.9,0.5,255.12,228.68,28612,True,False,False,20407.00703368,24886.61993969,50,10,9191,447,0.259,0.15,27,16,0.5,0.5,0.4625,0.5375,0.0,0.0,0.3,0.7,0.75,0.25,0.6,0.4,0.0,0.0,0.0,0.0,0.4,0.6,0.0,0.0,
2023-04-29 20:00:00,4.65,0.9,0.5,243.57,271.23,28612,True,False,False,20479.757134860003,24909.73128205,50,10,9191,447,0.251,0.163,25,17,0.5,0.5,0.4625,0.5375,0.0,0.0,0.3,0.7,0.75,0.25,0.6,0.4,0.0,0.0,0.0,0.0,0.4,0.6,0.0,0.0,
2023-04-29 21:00:00,4.65,0.9,0.5,238.64,245.13,29473,True,False,False,20078.8169948,24486.99867569,54,10,3176,527,0.262,0.166,24,17,0.53,0.47,0.4625,0.5375,0.0,0.0,0.0,0.0,0.75,0.25,0.6,0.4,0.0,0.0,0.0,1.0,0.6,0.4,0.0,0.0,
2023-04-29 22:00:00,4.65,0.9,0.5,235.03,276.96,29473,True,False,False,20077.63998121,24496.3915773,54,10,3176,527,0.253,0.169,24,15,0.5,0.5,0.4625,0.5375,0.4,0.6,0.0,0.0,0.75,0.25,0.6,0.4,0.0,0.0,0.0,1.0,0.6,0.4,0.0,0.0,
2023-04-29 23:00:00,4.65,0.9,0.5,255.92,260.27,29473,True,False,False,20017.84980076,24256.92468129,54,10,3176,527,0.267,0.172,25,17,0.53,0.47,0.4625,0.5375,0.0,0.0,0.0,0.0,0.75,0.25,0.6,0.4,0.0,0.0,0.0,1.0,0.6,0.4,0.0,0.0,
2023-04-30 00:00:00,4.65,0.9,0.5,246.4,269.33,29473,True,False,False,11511.19959672,16042.860576600002,55,8,2618,543,0.176,0.125,14,9,0.56,0.44,0.4625,0.5375,0.0,0.0,0.0,0.0,0.75,0.25,0.6,0.4,0.0,0.0,0.2,0.8,0.7,0.3,0.0,0.0,
2023-04-30 01:00:00,4.65,0.9,0.5,229.17,259.46,29473,True,False,False,3069.6570419400005,7772.03485219,55,8,2618,543,0.176,0.125,14,9,0.56,0.44,0.4625,0.5375,0.4,0.6,0.0,0.0,0.75,0.25,0.6,0.4,0.0,0.0,0.2,0.8,0.7,0.3,0.0,0.0,
2023-04-30 02:00:00,4.65,0.9,0.5,229.17,259.46,29473,True,False,False,2828.4552647100004,7301.15588202,55,8,2618,543,0.176,0.125,14,9,0.56,0.44,0.4625,0.5375,0.4,0.6,0.0,0.0,0.75,0.25,0.6,0.4,0.0,0.0,0.2,0.8,0.7,0.3,0.0,0.0,
2023-04-30 03:00:00,4.65,0.9,0.5,229.17,259.46,29473,True,False,False,1395.12881532,7168.86270294,55,8,2618,543,0.176,0.125,14,9,0.56,0.44,0.4625,0.5375,0.4,0.6,0.0,0.0,0.75,0.25,0.6,0.4,0.0,0.0,0.2,0.8,0.7,0.3,0.0,0.0,
2023-04-30 04:00:00,4.65,0.9,0.5,229.17,259.46,29473,True,False,False,1444.2106517399998,7446.11120375,55,8,2618,543,0.176,0.125,14,9,0.56,0.44,0.4625,0.5375,0.4,0.6,0.0,0.0,0.75,0.25,0.6,0.4,0.0,0.0,0.2,0.8,0.7,0.3,0.0,0.0,
2023-04-30 05:00:00,4.65,0.9,0.5,229.17,259.46,29473,True,False,False,1481.0794590699998,7326.70185802,55,8,2618,543,0.176,0.125,14,9,0.56,0.44,0.4625,0.5375,0.4,0.6,0.0,0.0,0.75,0.25,0.6,0.4,0.0,0.0,0.2,0.8,0.7,0.3,0.0,0.0,
2023-04-30 06:00:00,4.65,0.9,0.5,229.17,259.46,29473,True,False,False,1487.0245558899996,7326.31537115,55,8,2618,543,0.176,0.125,14,9,0.56,0.44,0.4625,0.5375,0.4,0.6,0.0,0.0,0.75,0.25,0.6,0.4,0.0,0.0,0.2,0.8,0.7,0.3,0.0,0.0,
2023-04-30 07:00:00,4.65,0.9,0.5,229.17,259.46,29473,True,False,False,9215.48419359,15676.71852921,55,8,2618,543,0.176,0.125,14,9,0.56,0.44,0.4625,0.5375,0.4,0.6,0.0,0.0,0.75,0.25,0.6,0.4,0.0,0.0,0.2,0.8,0.7,0.3,0.0,0.0,
2023-04-30 08:00:00,4.65,0.9,0.5,229.17,259.46,29473,True,False,False,9144.46862639,15664.84081536,55,8,2618,543,0.176,0.125,14,9,0.56,0.44,0.4625,0.5375,0.4,0.6,0.0,0.0,0.75,0.25,0.6,0.4,0.0,0.0,0.2,0.8,0.7,0.3,0.0,0.0,
2023-04-30 09:00:00,4.65,0.9,0.5,229.17,259.46,29473,True,False,False,9648.80405434,17156.35492444,55,8,2618,543,0.176,0.125,14,9,0.56,0.44,0.4625,0.5375,0.4,0.6,0.0,0.0,0.75,0.25,0.6,0.4,0.0,0.0,0.2,0.8,0.7,0.3,0.0,0.0,
2023-04-30 10:00:00,4.65,0.9,0.5,229.17,259.46,29473,True,False,False,17740.70474243,25470.00357518,55,8,2618,543,0.176,0.125,14,9,0.56,0.44,0.4625,0.5375,0.4,0.6,0.0,0.0,0.75,0.25,0.6,0.4,0.0,0.0,0.2,0.8,0.7,0.3,0.0,0.0,
2023-04-30 11:00:00,4.65,0.9,0.5,229.17,259.46,29473,True,False,False,17555.81924064,25589.94140345,55,8,2618,543,0.176,0.125,14,9,0.56,0.44,0.4625,0.5375,0.4,0.6,0.0,0.0,0.75,0.25,0.6,0.4,0.0,0.0,0.2,0.8,0.7,0.3,0.0,0.0,
2023-04-30 12:00:00,4.65,0.9,0.5,229.17,259.46,29473,True,False,False,17441.39485527,25915.16488829,55,8,2618,543,0.176,0.125,14,9,0.56,0.44,0.4625,0.5375,0.4,0.6,0.0,0.0,0.75,0.25,0.6,0.4,0.0,0.0,0.2,0.8,0.7,0.3,0.0,0.0,
2023-04-30 13:00:00,4.65,0.9,0.5,229.17,259.46,29473,True,False,False,17139.415046079997,25891.07200535,55,8,2618,543,0.176,0.125,14,9,0.56,0.44,0.4625,0.5375,0.4,0.6,0.0,0.0,0.75,0.25,0.6,0.4,0.0,0.0,0.2,0.8,0.7,0.3,0.0,0.0,
2023-04-30 15:00:00,4.65,0.9,0.5,229.17,259.46,29473,True,False,False,16985.6109027,25026.28443131,55,8,2618,543,0.176,0.125,14,9,0.56,0.44,0.4625,0.5375,0.4,0.6,0.0,0.0,0.75,0.25,0.6,0.4,0.0,0.0,0.2,0.8,0.7,0.3,0.0,0.0,
2023-04-30 16:00:00,4.65,0.9,0.5,229.17,259.46,29473,True,False,False,16985.6109027,25023.25534867,55,8,2618,543,0.176,0.125,14,9,0.56,0.44,0.4625,0.5375,0.4,0.6,0.0,0.0,0.75,0.25,0.6,0.4,0.0,0.0,0.2,0.8,0.7,0.3,0.0,0.0,
2023-04-30 17:00:00,4.65,0.9,0.5,229.17,259.46,29473,True,False,False,9533.16197168,16328.50410636,55,8,2618,543,0.176,0.125,14,9,0.56,0.44,0.4625,0.5375,0.4,0.6,0.0,0.0,0.75,0.25,0.6,0.4,0.0,0.0,0.2,0.8,0.7,0.3,0.0,0.0,
2023-04-30 18:00:00,4.65,0.9,0.5,229.17,259.46,29473,True,False,False,9421.70926416,16361.162721420002,55,8,2618,543,0.176,0.125,14,9,0.56,0.44,0.4625,0.5375,0.4,0.6,0.0,0.0,0.75,0.25,0.6,0.4,0.0,0.0,0.2,0.8,0.7,0.3,0.0,0.0,
2023-04-30 19:00:00,4.65,0.9,0.5,229.17,259.46,29473,True,False,False,26108.24868053,33988.29508851001,55,8,2618,543,0.176,0.125,14,9,0.56,0.44,0.4625,0.5375,0.4,0.6,0.0,0.0,0.75,0.25,0.6,0.4,0.0,0.0,0.2,0.8,0.7,0.3,0.0,0.0,
2023-04-30 20:00:00,4.65,0.9,0.5,229.17,259.46,29473,True,False,False,26111.52332107,34028.00343171001,55,8,2618,543,0.176,0.125,14,9,0.56,0.44,0.4625,0.5375,0.4,0.6,0.0,0.0,0.75,0.25,0.6,0.4,0.0,0.0,0.2,0.8,0.7,0.3,0.0,0.0,
2023-04-30 21:00:00,4.65,0.9,0.5,229.17,259.46,29473,True,False,False,26316.05501365,33929.931925050005,55,8,2618,543,0.176,0.125,14,9,0.56,0.44,0.4625,0.5375,0.4,0.6,0.0,0.0,0.75,0.25,0.6,0.4,0.0,0.0,0.2,0.8,0.7,0.3,0.0,0.0,
2023-04-30 22:00:00,4.65,0.9,0.5,229.17,259.46,29473,True,False,False,26321.85786676,33906.45322297,55,8,2618,543,0.176,0.125,14,9,0.56,0.44,0.4625,0.5375,0.4,0.6,0.0,0.0,0.75,0.25,0.6,0.4,0.0,0.0,0.2,0.8,0.7,0.3,0.0,0.0,
2023-04-30 23:00:00,4.65,0.9,0.5,229.17,259.46,29473,True,False,False,43873.38383176,51553.5026134,55,8,2618,543,0.176,0.125,14,9,0.56,0.44,0.4625,0.5375,0.4,0.6,0.0,0.0,0.75,0.25,0.6,0.4,0.0,0.0,0.2,0.8,0.7,0.3,0.0,0.0,
2023-05-01 00:00:00,4.65,0.9,0.5,229.17,259.46,29473,True,False,False,52992.99190918,60769.76556564,55,8,2618,543,0.176,0.125,14,9,0.56,0.44,0.4625,0.5375,0.4,0.6,0.0,0.0,0.75,0.25,0.6,0.4,0.0,0.0,0.2,0.8,0.7,0.3,0.0,0.0,
2023-05-01 01:00:00,4.65,0.9,0.5,229.17,259.46,29473,True,False,False,78394.60406352,87004.05245293,55,8,2618,543,0.176,0.125,14,9,0.56,0.44,0.4625,0.5375,0.4,0.6,0.0,0.0,0.75,0.25,0.6,0.4,0.0,0.0,0.2,0.8,0.7,0.3,0.0,0.0,
2023-05-01 02:00:00,4.65,0.9,0.5,229.17,259.46,29473,True,False,False,52833.30650422999,61468.49747308,55,8,2618,543,0.176,0.125,14,9,0.56,0.44,0.4625,0.5375,0.4,0.6,0.0,0.0,0.75,0.25,0.6,0.4,0.0,0.0,0.2,0.8,0.7,0.3,0.0,0.0,
2023-05-01 03:00:00,4.65,0.9,0.5,229.17,259.46,29473,True,False,False,53613.26213504999,62282.73505615,55,8,2618,543,0.176,0.125,14,9,0.56,0.44,0.4625,0.5375,0.4,0.6,0.0,0.0,0.75,0.25,0.6,0.4,0.0,0.0,0.2,0.8,0.7,0.3,0.0,0.0,
2023-05-02 08:00:00,4.65,0.9,0.5,241.69,287.97,27790,True,False,False,18582.22864382,106050.57341136,48,11,7898,474,0.176,0.125,14,9,0.51,0.49,0.4625,0.5375,0.4,0.6,0.4,0.6,0.75,0.25,0.6,0.4,0.0,0.0,1.0,0.0,0.4,0.6,0.2,0.8,
2023-05-02 09:00:00,4.65,0.9,0.5,291.08,189.75,27790,True,False,False,18582.22864382,106050.57341136,48,11,7898,474,0.287,0.179,30,16,0.6,0.4,0.4625,0.5375,0.8,0.2,0.4,0.6,0.75,0.25,0.6,0.4,0.0,0.0,1.0,0.0,0.4,0.6,0.3,0.7,
2023-05-02 10:00:00,4.65,0.9,0.5,310.41,216.81,27790,True,False,False,18457.20754295,106867.53092906,48,11,7898,474,0.29,0.177,31,18,0.59,0.41,0.4625,0.5375,0.7,0.3,0.4,0.6,0.75,0.25,0.6,0.4,0.0,0.0,1.0,0.0,0.4,0.6,0.0,0.0,
2023-05-02 11:00:00,4.65,0.9,0.5,289.85,246.5,27790,True,False,False,18457.20754295,106867.53092906,54,10,7542,468,0.273,0.178,31,19,0.54,0.46,0.4625,0.5375,0.6,0.4,0.4,0.6,0.75,0.25,0.6,0.4,0.0,0.0,0.0,0.0,0.4,0.6,0.0,0.0,
2023-05-02 12:00:00,4.65,0.9,0.5,244.52,146.96,27790,True,False,True,18457.20754295,106867.53092906,54,10,7542,468,0.28,0.188,31,17,0.65,0.35,0.4625,0.5375,0.9,0.1,0.4,0.6,1.0,0.0,0.6,0.4,0.0,0.0,0.0,0.0,0.4,0.6,0.0,0.0,
2023-05-02 13:00:00,4.65,0.9,0.5,259.95,198.27,27790,True,False,False,18457.20754295,106867.53092906,54,10,7542,468,0.264,0.189,28,22,0.57,0.43,0.4625,0.5375,0.7,0.3,0.4,0.6,0.75,0.25,0.6,0.4,0.0,0.0,0.0,0.0,0.4,0.6,0.0,0.0,
2023-05-02 14:00:00,4.65,0.9,0.5,143.14,183.87,27790,True,False,True,18457.20754295,106867.53092906,55,10,8083,468,0.267,0.198,29,20,0.52,0.48,0.4625,0.5375,0.3,0.7,0.4,0.6,1.0,0.0,0.6,0.4,0.0,0.0,0.6,0.4,0.0,0.0,0.0,0.0,
2023-05-02 15:00:00,4.65,0.9,0.5,271.94,140.69,27790,True,False,True,18457.20754295,106867.53092906,55,10,8083,468,0.272,0.184,27,19,0.69,0.31,0.4625,0.5375,1.0,0.0,0.4,0.6,1.0,0.0,0.6,0.4,0.0,0.0,0.6,0.4,0.0,0.0,0.0,0.0,
2023-05-02 16:00:00,4.65,0.9,0.5,219.35,215.99,27790,True,False,True,18457.20754295,106867.53092906,55,10,8083,468,0.274,0.182,25,18,0.59,0.41,0.4625,0.5375,0.0,0.0,0.4,0.6,1.0,0.0,0.6,0.4,0.0,0.0,0.6,0.4,0.0,0.0,0.0,0.0,
2023-05-02 17:00:00,4.65,0.9,0.5,272.55,231.48,27790,True,False,True,18457.20754295,106867.53092906,58,11,8174,472,0.274,0.172,26,18,0.59,0.41,0.4625,0.5375,0.6,0.4,0.4,0.6,1.0,0.0,0.6,0.4,0.0,0.0,0.0,0.0,0.0,0.0,0.0,0.0,
2023-05-02 18:00:00,4.65,0.9,0.5,244.8,195.73,27790,True,False,True,18457.20754295,106867.53092906,58,11,8174,472,0.281,0.183,25,20,0.59,0.41,0.4625,0.5375,0.6,0.4,0.4,0.6,1.0,0.0,0.6,0.4,0.0,0.0,0.0,0.0,0.0,0.0,0.0,0.0,
2023-05-02 19:00:00,4.65,0.9,0.5,232.96,228.48,27790,True,False,True,18457.20754295,106867.53092906,58,11,8174,472,0.28,0.191,28,18,0.59,0.41,0.4625,0.5375,0.0,0.0,0.4,0.6,1.0,0.0,0.6,0.4,0.0,0.0,0.0,0.0,0.0,0.0,0.0,0.0,
2023-05-02 20:00:00,4.65,0.9,0.5,238.89,212.4,27790,True,False,True,18457.20754295,106867.53092906,68,10,8351,527,0.262,0.163,27,18,0.54,0.46,0.4625,0.5375,0.0,0.0,0.2,0.8,1.0,0.0,0.6,0.4,0.0,0.0,0.0,0.0,0.6,0.4,0.0,0.0,
2023-05-02 21:00:00,4.65,0.9,0.5,214.96,228.33,27790,True,False,True,18457.20754295,106867.53092906,68,10,8351,527,0.257,0.172,25,20,0.54,0.46,0.4625,0.5375,0.0,0.0,0.2,0.8,1.0,0.0,0.6,0.4,0.0,0.0,0.0,0.0,0.6,0.4,0.0,0.0,
2023-05-02 22:00:00,4.65,0.9,0.5,238.86,205.79,27790,True,False,True,18457.20754295,106867.53092906,68,10,8351,527,0.234,0.17,23,20,0.56,0.44,0.4625,0.5375,0.6,0.4,0.2,0.8,1.0,0.0,0.6,0.4,0.0,0.0,0.0,0.0,0.6,0.4,0.0,0.0,
2023-05-02 23:00:00,4.65,0.9,0.5,227.5,257.9,27790,True,False,True,18457.20754295,106867.53092906,60,7,8214,527,0.249,0.171,23,19,0.5,0.5,0.4625,0.5375,0.4,0.6,0.2,0.8,1.0,0.0,0.6,0.4,0.4,0.6,0.0,0.0,0.6,0.4,0.0,0.0,
2023-05-03 00:00:00,4.65,0.9,0.5,239.58,228.18,27790,True,False,False,18457.20754295,106867.53092906,60,7,8214,527,0.233,0.14,13,10,0.49,0.51,0.4625,0.5375,0.0,0.0,0.2,0.8,0.75,0.25,0.6,0.4,0.4,0.6,0.0,0.0,0.6,0.4,0.0,0.0,
2023-05-03 14:00:00,4.65,0.9,0.5,239.58,228.18,27790,True,False,False,18457.20754295,106867.53092906,60,7,8214,527,0.233,0.14,13,10,0.14,0.86,0.4625,0.5375,0.0,0.0,0.2,0.8,0.75,0.25,0.6,0.4,0.4,0.6,0.0,0.0,0.6,0.4,0.0,0.0,
2023-05-04 09:00:00,5.25,0.9,0.5,260.18,213.95,28680,True,False,True,18457.20754295,106867.53092906,86,15,8008,536,0.233,0.14,13,10,0.53,0.47,0.3,0.7,0.6,0.4,0.4,0.6,1.0,0.0,0.6,0.4,0.0,0.0,0.2,0.8,0.6,0.4,0.0,0.0,
2023-05-04 10:00:00,5.25,0.9,0.5,233.14,360.95,28680,True,False,True,18457.20754295,106867.53092906,86,15,8008,536,0.233,0.14,13,10,0.44,0.56,0.3,0.7,0.2,0.8,0.4,0.6,1.0,0.0,0.6,0.4,0.0,0.0,0.2,0.8,0.6,0.4,0.0,0.0,
2023-05-04 11:00:00,5.25,0.9,0.5,256.26,234.82,28680,True,False,True,18457.20754295,106867.53092906,86,15,8008,536,0.259,0.111,20,11,0.51,0.49,0.3,0.7,0.0,0.0,0.4,0.6,1.0,0.0,0.6,0.4,0.0,0.0,0.2,0.8,0.6,0.4,0.0,0.0,
2023-05-04 12:00:00,5.25,0.9,0.5,289.88,220.26,28680,True,False,True,18457.20754295,106867.53092906,8,16,7200,528,0.268,0.11,25,11,0.53,0.47,0.3,0.7,0.7,0.3,0.4,0.6,1.0,0.0,0.6,0.4,0.0,1.0,0.3,0.7,0.0,0.0,0.0,0.0,
2023-05-04 13:00:00,5.25,0.9,0.5,247.56,193.36,28680,True,False,True,18457.20754295,106867.53092906,8,16,7200,528,0.166,0.037,13,5,0.53,0.47,0.3,0.7,0.7,0.3,0.4,0.6,1.0,0.0,0.6,0.4,0.0,1.0,0.3,0.7,0.0,0.0,0.0,0.0,
2023-05-04 14:00:00,5.25,0.9,0.5,241.64,239.35,28680,True,False,True,18457.20754295,106867.53092906,8,16,7200,528,0.166,0.037,13,5,0.48,0.52,0.3,0.7,0.0,0.0,0.4,0.6,1.0,0.0,0.6,0.4,0.0,1.0,0.3,0.7,0.0,0.0,0.0,0.0,
2023-05-05 10:00:00,5.25,0.9,0.5,241.64,239.35,28680,True,False,True,18457.20754295,106867.53092906,8,16,7200,515,0.166,0.037,13,5,0.48,0.52,0.3,0.7,0.0,0.0,0.4,0.6,1.0,0.0,0.6,0.4,0.0,1.0,0.3,0.7,0.0,0.0,0.0,0.0,
2023-05-08 14:00:00,5.25,0.4,0.3,271.59,244.26,28680,True,False,False,18457.20754295,106867.53092906,58,7,7646,538,0.166,0.037,13,5,0.5,0.5,0.3,0.7,0.0,0.0,0.6,0.4,0.75,0.25,0.6,0.4,0.0,0.0,0.6,0.4,0.6,0.4,0.0,1.0,
2023-05-09 10:00:00,5.25,0.4,0.3,271.59,244.26,28680,True,False,False,18457.20754295,106867.53092906,58,7,7646,538,0.166,0.037,13,5,0.5,0.5,0.3,0.7,0.0,0.0,0.6,0.4,0.75,0.25,0.6,0.4,0.0,0.0,0.6,0.4,0.6,0.4,0.0,1.0,
2023-05-09 11:00:00,5.25,0.4,0.3,249.63,223.99,28680,True,False,False,18457.20754295,106867.53092906,67,7,7646,523,0.267,0.165,16,10,0.59,0.41,0.3,0.7,0.0,0.0,0.8,0.2,0.75,0.25,0.6,0.4,0.0,0.0,0.6,0.4,0.0,0.0,0.0,0.0,
2023-05-09 13:00:00,5.25,0.4,0.3,240.51,276.88,28680,True,False,False,18457.20754295,106867.53092906,67,7,7646,523,0.259,0.149,19,12,0.54,0.46,0.3,0.7,0.4,0.6,0.8,0.2,0.75,0.25,0.6,0.4,0.0,0.0,0.6,0.4,0.0,0.0,0.0,0.0,
2023-05-09 14:00:00,5.25,0.4,0.3,229.43,248.12,28680,True,False,False,18457.20754295,106867.53092906,67,7,7646,523,0.264,0.169,18,12,0.57,0.43,0.3,0.7,0.0,0.0,0.8,0.2,0.75,0.25,0.6,0.4,0.0,0.0,0.6,0.4,0.0,0.0,0.4,0.6,
2023-05-09 15:00:00,5.25,0.4,0.3,229.43,248.12,28680,True,False,False,18457.20754295,106867.53092906,67,7,7646,523,0.264,0.169,18,12,0.57,0.43,0.3,0.7,0.0,0.0,0.8,0.2,0.75,0.25,0.6,0.4,0.0,0.0,0.6,0.4,0.0,0.0,0.4,0.6,
2023-05-10 10:00:00,5.25,0.4,0.3,290.48,231.25,27994,True,False,True,18457.20754295,106867.53092906,58,7,7646,517,0.283,0.162,18,10,0.57,0.43,0.3,0.7,0.6,0.4,0.0,0.0,1.0,0.0,0.6,0.4,0.4,0.6,0.6,0.4,0.0,0.0,0.0,0.0,
2023-05-10 11:00:00,5.25,0.4,0.3,265.07,263.01,27994,True,False,True,18457.20754295,106867.53092906,58,7,7646,517,0.283,0.162,18,10,0.57,0.43,0.3,0.7,0.0,0.0,0.0,0.0,1.0,0.0,0.6,0.4,0.4,0.6,0.6,0.4,0.0,0.0,0.0,0.0,
2023-05-10 12:00:00,5.25,0.4,0.3,284.46,269.89,27994,True,False,True,18457.20754295,106867.53092906,58,9,8682,517,0.284,0.157,20,11,0.57,0.43,0.3,0.7,0.0,0.0,0.0,0.0,1.0,0.0,0.6,0.4,0.4,0.6,0.7,0.3,0.0,0.0,0.0,0.0,
2023-05-10 13:00:00,5.25,0.4,0.3,277.61,257.54,27994,True,False,True,18457.20754295,106867.53092906,58,9,8682,517,0.284,0.157,20,11,0.57,0.43,0.3,0.7,0.0,0.0,0.0,0.0,1.0,0.0,0.6,0.4,0.4,0.6,0.7,0.3,0.0,0.0,0.0,0.0,
2023-05-10 14:00:00,5.25,0.4,0.3,254.77,259.11,27994,True,False,False,18457.20754295,106867.53092906,52,9,8682,522,0.264,0.142,23,13,0.5,0.5,0.3,0.7,0.0,0.0,0.0,0.0,0.75,0.25,0.6,0.4,0.25,0.75,0.7,0.3,0.0,0.0,0.0,0.0,
2023-05-10 15:00:00,5.25,0.4,0.3,269.47,234.8,27994,True,False,False,18457.20754295,106867.53092906,52,9,8682,522,0.269,0.153,25,13,0.53,0.47,0.3,0.7,0.6,0.4,0.0,0.0,0.75,0.25,0.6,0.4,0.25,0.75,0.7,0.3,0.0,0.0,0.0,0.0,
2023-05-10 16:00:00,5.25,0.4,0.3,259.01,258.0,27994,True,False,False,18457.20754295,106867.53092906,52,9,8682,522,0.271,0.153,26,14,0.48,0.52,0.3,0.7,0.0,0.0,0.0,0.0,0.75,0.25,0.6,0.4,0.25,0.75,0.7,0.3,0.0,0.0,0.0,0.0,
2023-05-10 17:00:00,5.25,0.4,0.3,294.64,231.62,27994,True,False,False,18457.20754295,106867.53092906,52,9,8682,522,0.271,0.153,26,14,0.52,0.48,0.3,0.7,0.6,0.4,0.0,0.0,0.75,0.25,0.6,0.4,0.25,0.75,0.7,0.3,0.0,0.0,0.0,0.0,
2023-05-11 07:00:00,5.25,0.4,0.3,212.26,223.94,27994,True,False,False,18457.20754295,106867.53092906,65,9,8682,528,0.162,0.121,13,8,0.52,0.48,0.3,0.7,0.0,0.0,0.6,0.4,0.75,0.25,0.6,0.4,0.4,0.6,0.7,0.3,0.0,0.0,0.0,0.0,
2023-05-11 09:00:00,5.25,0.4,0.3,212.26,223.94,27994,True,False,False,18457.20754295,106867.53092906,65,9,8682,528,0.162,0.121,13,8,0.52,0.48,0.3,0.7,0.0,0.0,0.6,0.4,0.75,0.25,0.6,0.4,0.4,0.6,0.7,0.3,0.0,0.0,0.0,0.0,
2023-05-11 10:00:00,5.25,0.4,0.3,212.26,223.94,27994,True,False,False,18457.20754295,106867.53092906,65,9,8682,528,0.162,0.121,13,8,0.52,0.48,0.3,0.7,0.0,0.0,0.6,0.4,0.75,0.25,0.6,0.4,0.4,0.6,0.7,0.3,0.0,0.0,0.0,0.0,
2023-05-11 12:00:00,5.25,0.4,0.3,212.26,223.94,27994,True,False,False,18457.20754295,106867.53092906,65,9,8682,528,0.162,0.121,13,8,0.52,0.48,0.3,0.7,0.0,0.0,0.6,0.4,0.75,0.25,0.6,0.4,0.4,0.6,0.7,0.3,0.0,0.0,0.0,0.0,
2023-05-11 13:00:00,5.25,0.4,0.3,212.26,223.94,27994,True,False,False,18457.20754295,106867.53092906,65,9,8682,528,0.162,0.121,13,8,0.52,0.48,0.3,0.7,0.0,0.0,0.6,0.4,0.75,0.25,0.6,0.4,0.4,0.6,0.7,0.3,0.0,0.0,0.0,0.0,
2023-05-11 14:00:00,5.25,0.4,0.3,239.18,232.67,27994,False,False,False,18457.20754295,106867.53092906,57,9,8682,533,0.206,0.17,22,10,0.43,0.57,0.3,0.7,0.0,0.0,0.6,0.4,0.35,0.65,0.6,0.4,0.0,0.0,0.7,0.3,0.6,0.4,0.1,0.9,
2023-05-11 15:00:00,5.25,0.4,0.3,333.25,220.61,27994,False,False,False,18457.20754295,106867.53092906,54,9,8682,532,0.236,0.141,24,13,0.58,0.42,0.3,0.7,0.8,0.2,0.6,0.4,0.35,0.65,0.6,0.4,0.0,0.0,0.7,0.3,0.6,0.4,0.9,0.1,
2023-05-12 10:00:00,5.25,0.4,0.2,349.23,323.02,27494,True,False,False,18457.20754295,106867.53092906,62,11,7980,525,0.227,0.153,17,8,0.58,0.42,0.33,0.68,0.0,0.0,0.7,0.3,0.75,0.25,0.6,0.4,0.0,0.0,0.4,0.6,0.0,0.0,0.9,0.1,
2023-05-12 11:00:00,5.25,0.4,0.2,193.33,230.41,27494,True,False,False,18457.20754295,106867.53092906,62,11,7980,525,0.227,0.153,17,8,0.52,0.48,0.33,0.68,0.4,0.6,0.7,0.3,0.75,0.25,0.6,0.4,0.0,0.0,0.4,0.6,0.0,0.0,0.0,0.0,
2023-05-12 12:00:00,5.25,0.4,0.2,327.3,342.03,27494,True,False,False,18457.20754295,106867.53092906,62,11,7980,525,0.227,0.153,17,8,0.55,0.45,0.33,0.68,0.0,0.0,0.7,0.3,0.75,0.25,0.6,0.4,0.0,0.0,0.4,0.6,0.0,0.0,0.0,0.0,
2023-05-12 13:00:00,5.25,0.4,0.2,0.0,116.64,27494,True,False,False,18457.20754295,106867.53092906,63,11,7980,516,0.227,0.153,17,8,0.42,0.58,0.33,0.68,0.0,1.0,0.7,0.3,0.75,0.25,0.6,0.4,0.0,0.0,0.4,0.6,0.0,0.0,0.0,0.0,
2023-05-12 15:00:00,5.25,0.4,0.2,303.49,246.0,27494,True,False,False,18457.20754295,106867.53092906,63,10,8274,516,0.227,0.153,17,8,0.57,0.43,0.33,0.68,0.6,0.4,0.7,0.3,0.75,0.25,0.6,0.4,0.0,0.0,0.0,0.0,0.0,0.0,0.0,0.0,
2023-05-12 16:00:00,5.25,0.4,0.2,342.21,254.83,27494,True,False,False,18457.20754295,106867.53092906,63,10,8274,516,0.227,0.153,17,8,0.6,0.4,0.33,0.68,0.7,0.3,0.7,0.3,0.75,0.25,0.6,0.4,0.0,0.0,0.0,0.0,0.0,0.0,0.0,0.0,
2023-05-14 10:00:00,5.25,0.4,0.2,262.4,221.41,27139,True,False,True,18457.20754295,106867.53092906,49,9,7766,527,0.227,0.153,17,8,0.59,0.41,0.33,0.68,0.6,0.4,0.6,0.4,1.0,0.0,0.6,0.4,0.4,0.6,0.4,0.6,0.6,0.4,1.0,0.0,
2023-05-14 11:00:00,5.25,0.4,0.2,244.74,218.75,27139,True,False,True,18457.20754295,106867.53092906,49,9,7766,527,0.227,0.153,17,8,0.59,0.41,0.33,0.68,0.0,0.0,0.6,0.4,1.0,0.0,0.6,0.4,0.4,0.6,0.4,0.6,0.6,0.4,1.0,0.0,
2023-05-14 12:00:00,5.25,0.4,0.2,299.39,241.96,27139,True,False,True,18457.20754295,106867.53092906,49,9,7766,527,0.227,0.153,17,8,0.57,0.43,0.33,0.68,0.6,0.4,0.6,0.4,1.0,0.0,0.6,0.4,0.4,0.6,0.4,0.6,0.6,0.4,0.0,0.0,
2023-05-14 13:00:00,5.25,0.4,0.2,260.51,220.55,27139,True,False,True,18457.20754295,106867.53092906,49,9,7766,527,0.227,0.153,17,8,0.57,0.43,0.33,0.68,0.6,0.4,0.6,0.4,1.0,0.0,0.6,0.4,0.4,0.6,0.4,0.6,0.6,0.4,0.0,0.0,
2023-05-14 14:00:00,5.25,0.4,0.2,270.97,260.61,27139,True,False,True,18457.20754295,106867.53092906,47,9,7766,518,0.227,0.153,17,8,0.57,0.43,0.33,0.68,0.0,0.0,0.6,0.4,1.0,0.0,0.6,0.4,0.0,0.0,0.4,0.6,0.6,0.4,0.0,0.0,
2023-05-14 15:00:00,5.25,0.4,0.2,291.47,233.08,27139,True,False,True,18457.20754295,106867.53092906,47,11,7625,518,0.227,0.153,17,8,0.57,0.43,0.33,0.68,0.6,0.4,0.6,0.4,1.0,0.0,0.6,0.4,0.0,0.0,0.0,0.0,0.6,0.4,0.0,0.0,
2023-05-14 16:00:00,5.25,0.4,0.2,294.13,242.61,27139,True,False,True,18457.20754295,106867.53092906,47,11,7625,518,0.227,0.153,17,8,0.57,0.43,0.33,0.68,0.6,0.4,0.6,0.4,1.0,0.0,0.6,0.4,0.0,0.0,0.0,0.0,0.6,0.4,0.0,0.0,
2023-05-14 18:00:00,5.25,0.4,0.2,307.02,256.97,27139,True,False,True,18457.20754295,106867.53092906,49,11,7696,513,0.227,0.153,17,8,0.59,0.41,0.33,0.68,0.6,0.4,0.6,0.4,1.0,0.0,0.6,0.4,0.0,0.0,0.0,0.0,0.6,0.4,0.0,0.0,
2023-05-15 08:00:00,5.25,0.4,0.2,307.02,256.97,27139,True,False,True,18457.20754295,106867.53092906,49,11,7696,513,0.227,0.153,17,8,0.59,0.41,0.33,0.68,0.6,0.4,0.6,0.4,1.0,0.0,0.6,0.4,0.0,0.0,0.0,0.0,0.6,0.4,0.0,0.0,
2023-05-15 10:00:00,5.25,0.4,0.2,213.23,247.86,26804,True,False,True,18457.20754295,106867.53092906,46,11,7696,513,0.227,0.153,17,8,0.59,0.41,0.33,0.68,0.4,0.6,0.4,0.6,1.0,0.0,0.6,0.4,0.0,0.0,0.0,0.0,0.6,0.4,0.0,0.0,
2023-05-15 11:00:00,5.25,0.4,0.2,291.36,291.63,26804,False,False,True,18457.20754295,106867.53092906,46,5,7582,525,0.284,0.171,16,7,0.38,0.62,0.33,0.68,0.0,0.0,0.4,0.6,0.0,0.0,0.6,0.4,0.0,0.0,0.0,0.0,0.0,0.0,0.0,1.0,
2023-05-15 12:00:00,5.25,0.4,0.2,291.36,291.63,26804,False,False,True,25379.22112523,25527.75275897,46,5,7582,525,0.284,0.171,16,7,0.38,0.62,0.33,0.68,0.0,0.0,0.4,0.6,0.0,0.0,0.6,0.4,0.0,0.0,0.0,0.0,0.0,0.0,0.0,1.0,
2023-05-15 13:00:00,5.25,0.4,0.2,291.36,291.63,26804,False,False,True,49968.06858443,50187.8611654,46,5,7582,525,0.284,0.171,16,7,0.38,0.62,0.33,0.68,0.0,0.0,0.4,0.6,0.0,0.0,0.6,0.4,0.0,0.0,0.0,0.0,0.0,0.0,0.0,1.0,
2023-05-15 14:00:00,5.25,0.4,0.2,282.58,209.05,26804,False,False,True,49968.06858443,50187.8611654,52,5,7582,546,0.266,0.151,18,6,0.46,0.54,0.33,0.68,0.7,0.3,0.4,0.6,0.0,0.0,0.0,0.0,0.0,0.0,0.0,0.0,0.6,0.4,0.1,0.9,
2023-05-15 15:00:00,5.25,0.4,0.2,303.53,263.28,26804,False,False,True,49968.06858443,50187.8611654,52,5,7582,546,0.266,0.151,18,6,0.46,0.54,0.33,0.68,0.6,0.4,0.4,0.6,0.0,0.0,0.0,0.0,0.0,0.0,0.0,0.0,0.6,0.4,0.0,0.0,
2023-05-16 09:00:00,5.25,0.4,0.2,270.07,229.38,26804,False,False,False,49968.06858443,50187.8611654,62,10,7790,533,0.266,0.151,18,6,0.45,0.55,0.33,0.68,0.6,0.4,0.0,0.0,0.35,0.65,0.0,0.0,0.0,0.0,0.0,0.0,0.6,0.4,0.0,0.0,
2023-05-16 10:00:00,5.25,0.4,0.2,309.2,189.09,26804,False,False,False,49968.06858443,50187.8611654,62,10,7790,533,0.266,0.151,18,6,0.55,0.45,0.33,0.68,0.9,0.1,0.0,0.0,0.35,0.65,0.0,0.0,0.0,0.0,0.0,0.0,0.6,0.4,0.0,0.0,
2023-05-16 11:00:00,5.25,0.4,0.2,297.96,247.11,26804,False,False,False,49968.06858443,50187.8611654,62,10,7790,533,0.266,0.151,18,6,0.45,0.55,0.33,0.68,0.6,0.4,0.0,0.0,0.35,0.65,0.0,0.0,0.0,0.0,0.0,0.0,0.6,0.4,0.0,0.0,
