weighted_score,position_opening_time,position_closing_time,opening_price,close_price,position_type,PNL,macro_bullish,macro_bearish,order_book_bullish,order_book_bearish,prediction_bullish,prediction_bearish,technical_bullish,technical_bearish,richest_bullish,richest_bearish,google_bullish,google_bearish,reddit_bullish,reddit_bearish,youtube_bullish,youtube_bearish,news_bullish,news_bearish,weighted_score_up,weighted_score_down
0.71,2023-07-03 15:07:12,2023-07-03 15:22:25,30723,30778,short,244,0.57,0.42,0.0,1.0,0.1,0.9,0.2,0.8,0.6,0.4,0.0,0.0,0.15,0.85,0.0,0.0,0.4,0.6,0.29,0.71
0.71,2023-07-03 15:42:30,2023-07-03 16:58:41,30966,31000,short,160,0.57,0.42,0.0,1.0,0.1,0.9,0.2,0.8,0.6,0.4,0.0,0.0,0.15,0.85,0.0,0.0,0.4,0.6,0.29,0.71
0.72,2023-07-03 17:18:43,2023-07-03 19:40:23,30965,31330,short,-165,0.57,0.42,0.0,1.0,0.1,0.9,0.2,0.8,0.6,0.4,0.0,0.0,0.15,0.85,0.0,0.0,0.0,0.0,0.28,0.72
0.73,2023-07-03 20:00:35,2023-07-03 20:20:49,31340,31243,short,219,0.57,0.42,0.0,1.0,0.1,0.9,0.2,0.8,0.6,0.4,0.0,0.0,0.15,0.85,0.0,0.0,0.2,0.8,0.27,0.73
0.73,2023-07-03 22:01:11,2023-07-03 22:11:21,31053,31074,short,244,0.57,0.42,0.0,1.0,0.1,0.9,0.2,0.8,0.6,0.4,0.0,0.0,0.15,0.85,0.0,0.0,0.2,0.8,0.27,0.73
0.71,2023-07-06 14:11:10,2023-07-06 14:32:14,30410,30179,short,282,0.57,0.42,0.0,1.0,0.1,0.9,0.7,0.3,0.3,0.7,0.0,0.0,0.0,1.0,0.0,0.0,0.2,0.8,0.29,0.71
0.74,2023-07-07 01:58:51,2023-07-07 01:59:03,30114,30114,short,-619,0.57,0.42,0.0,1.0,0.1,0.9,0.0,0.0,0.3,0.7,0.0,0.0,0.15,0.85,0.0,0.0,0.6,0.4,0.26,0.74
0.74,2023-07-07 02:19:28,2023-07-07 02:24:50,30088,30088,short,-513,0.57,0.42,0.0,1.0,0.1,0.9,0.0,0.0,0.3,0.7,0.0,0.0,0.15,0.85,0.0,0.0,0.6,0.4,0.26,0.74
0.73,2023-07-07 16:23:19,2023-07-07 18:23:15,30377,30229,short,156,0.57,0.42,0.0,1.0,0.1,0.9,0.0,0.0,0.3,0.7,0.0,0.0,0.0,0.0,0.0,0.0,0.6,0.4,0.27,0.73
0.73,2023-07-07 20:44:35,2023-07-08 02:02:27,30292,30287,short,177,0.57,0.42,0.0,1.0,0.1,0.9,0.0,0.0,0.4,0.6,0.0,0.0,0.0,0.0,0.0,0.0,0.3,0.7,0.27,0.73
0.77,2023-07-09 16:05:50,2023-07-09 16:12:39,30340,30340,short,174,0.0,0.0,0.0,1.0,0.1,0.9,0.7,0.3,0.0,0.0,0.0,0.0,0.0,0.0,0.0,0.0,0.4,0.6,0.23,0.77
0.75,2023-07-09 16:33:27,2023-07-09 16:51:17,30298,30304,short,159,0.0,0.0,0.0,1.0,0.1,0.9,0.7,0.3,0.0,0.0,0.0,0.0,0.0,0.0,0.0,0.0,0.6,0.4,0.25,0.75
